create schema OnlineBookingSystem;
use OnlineBookingSystem;

CREATE TABLE `bank` (
  `BankId` varchar(40) NOT NULL DEFAULT '',
  `BankName` varchar(40) DEFAULT NULL,
  PRIMARY KEY (`BankId`)
)

CREATE TABLE `city` (
  `CityCode` varchar(20) NOT NULL DEFAULT '',
  `CityName` varchar(40) DEFAULT NULL,
  PRIMARY KEY (`CityCode`)
)

CREATE TABLE `concert` (
  `ConcertId` varchar(20) DEFAULT NULL,
  `Artist` varchar(40) DEFAULT NULL,
  `Duration` time DEFAULT NULL,
  `Rating` float DEFAULT NULL,
  `Language` varchar(20) DEFAULT NULL,
  UNIQUE KEY `ConcertId` (`ConcertId`),
  CONSTRAINT `concert_ibfk_1` FOREIGN KEY (`ConcertId`) REFERENCES `show_ids_type` (`ShowId`) ON DELETE CASCADE ON UPDATE CASCADE
)

CREATE TABLE `creditcardbank` (
  `CreditCardId` varchar(50) NOT NULL DEFAULT '',
  `BanKId` varchar(40) DEFAULT NULL,
  `balance` bigint(20) DEFAULT NULL,
  PRIMARY KEY (`CreditCardId`),
  KEY `BanKId` (`BanKId`),
  CONSTRAINT `creditcardbank_ibfk_1` FOREIGN KEY (`BanKId`) REFERENCES `bank` (`BankId`)
)

CREATE TABLE `customer` (
  `CustomerId` varchar(50) NOT NULL DEFAULT '',
  `EmailId` varchar(40) DEFAULT NULL,
  `CustomerName` varchar(40) DEFAULT NULL,
  `ContactNumber` mediumtext,
  PRIMARY KEY (`CustomerId`)
)

CREATE TABLE `drama` (
  `DramaId` varchar(20) DEFAULT NULL,
  `DramaName` varchar(40) DEFAULT NULL,
  `LeadCast` varchar(40) DEFAULT NULL,
  `Genre` varchar(20) DEFAULT NULL,
  `Duration` time DEFAULT NULL,
  `Rating` float DEFAULT NULL,
  `ReleaseDate` date DEFAULT NULL,
  `Language` varchar(20) DEFAULT NULL,
  UNIQUE KEY `DramaId` (`DramaId`),
  CONSTRAINT `drama_ibfk_1` FOREIGN KEY (`DramaId`) REFERENCES `show_ids_type` (`ShowId`) ON DELETE CASCADE ON UPDATE CASCADE
)

CREATE TABLE `guest` (
  `GuestId` varchar(50) NOT NULL DEFAULT '',
  `GuestDate` date DEFAULT NULL,
  `GuestTime` time DEFAULT NULL,
  PRIMARY KEY (`GuestId`)
)

CREATE TABLE `login` (
  `LoginId` varchar(50) NOT NULL DEFAULT '',
  `EmailId` varchar(40) DEFAULT NULL,
  `Password` varchar(40) DEFAULT NULL,
  `LoginDate` date DEFAULT NULL,
  `LoginTime` time DEFAULT NULL,
  PRIMARY KEY (`LoginId`),
  KEY `EmailId` (`EmailId`,`Password`),
  CONSTRAINT `login_ibfk_1` FOREIGN KEY (`EmailId`, `Password`) REFERENCES `user` (`EmailId`, `Password`) ON DELETE CASCADE ON UPDATE CASCADE
) 

CREATE TABLE `movie` (
  `MovieId` varchar(20) DEFAULT NULL,
  `MovieName` varchar(40) DEFAULT NULL,
  `LeadCast` varchar(40) DEFAULT NULL,
  `Genre` varchar(20) DEFAULT NULL,
  `Duration` time DEFAULT NULL,
  `Rating` float DEFAULT NULL,
  `ReleaseDate` date DEFAULT NULL,
  `Language` varchar(20) DEFAULT NULL,
  UNIQUE KEY `MovieId` (`MovieId`),
  CONSTRAINT `movie_ibfk_1` FOREIGN KEY (`MovieId`) REFERENCES `show_ids_type` (`ShowId`) ON DELETE CASCADE ON UPDATE CASCADE
)

CREATE TABLE `payment` (
  `PaymentId` int(11) NOT NULL AUTO_INCREMENT,
  `EmailId` varchar(40) DEFAULT NULL,
  `Amount` float DEFAULT NULL,
  `Date` date DEFAULT NULL,
  `Time` time DEFAULT NULL,
  `PlayId` varchar(20) DEFAULT NULL,
  PRIMARY KEY (`PaymentId`)
)

CREATE TABLE `place_ids_type` (
  `PlaceId` varchar(40) NOT NULL DEFAULT '',
  `PlaceType` varchar(10) DEFAULT NULL,
  PRIMARY KEY (`PlaceId`)
)

CREATE TABLE `screen` (
  `ScreenId` varchar(40) DEFAULT NULL,
  `ScreenNumber` int(11) DEFAULT NULL,
  `Capacity` int(11) DEFAULT NULL,
  `TheatreId` varchar(30) DEFAULT NULL,
  UNIQUE KEY `ScreenId` (`ScreenId`),
  KEY `TheatreId` (`TheatreId`),
  CONSTRAINT `screen_ibfk_1` FOREIGN KEY (`TheatreId`) REFERENCES `theatre` (`TheatreId`) ON DELETE CASCADE ON UPDATE CASCADE,
  CONSTRAINT `screen_ibfk_2` FOREIGN KEY (`ScreenId`) REFERENCES `place_ids_type` (`PlaceId`) ON DELETE CASCADE ON UPDATE CASCADE
)

CREATE TABLE `seat` (
  `SeatId` varchar(50) NOT NULL DEFAULT '',
  `SeatClass` varchar(20) DEFAULT NULL,
  `PlaceId` varchar(40) DEFAULT NULL,
  PRIMARY KEY (`SeatId`),
  KEY `PlaceId` (`PlaceId`),
  CONSTRAINT `seat_ibfk_1` FOREIGN KEY (`PlaceId`) REFERENCES `place_ids_type` (`PlaceId`) ON DELETE CASCADE ON UPDATE CASCADE
)

CREATE TABLE `show_ids_type` (
  `ShowId` varchar(20) NOT NULL DEFAULT '',
  `ShowType` varchar(20) DEFAULT NULL,
  PRIMARY KEY (`ShowId`)
)

CREATE TABLE `showplayrecord` (
  `PlayId` varchar(40) NOT NULL DEFAULT '',
  `ShowId` varchar(20) DEFAULT NULL,
  `ShowName` varchar(40) DEFAULT NULL,
  `ShowDate` date DEFAULT NULL,
  `StartTime` time DEFAULT NULL,
  `EndTime` time DEFAULT NULL,
  `PlaceId` varchar(40) DEFAULT NULL,
  PRIMARY KEY (`PlayId`),
  UNIQUE KEY `ShowId` (`ShowId`,`ShowDate`,`StartTime`,`EndTime`,`PlaceId`),
  KEY `PlaceId` (`PlaceId`),
  CONSTRAINT `showplayrecord_ibfk_1` FOREIGN KEY (`ShowId`) REFERENCES `show_ids_type` (`ShowId`) ON DELETE CASCADE ON UPDATE CASCADE,
  CONSTRAINT `showplayrecord_ibfk_2` FOREIGN KEY (`PlaceId`) REFERENCES `place_ids_type` (`PlaceId`) ON DELETE CASCADE ON UPDATE CASCADE
)

CREATE TABLE `showseatrecord` (
  `PlayId` varchar(40) DEFAULT NULL,
  `SeatId` varchar(50) DEFAULT NULL,
  `SeatStatus` varchar(2) DEFAULT NULL,
  `Price` float DEFAULT NULL,
  UNIQUE KEY `PlayId` (`PlayId`,`SeatId`),
  KEY `SeatId` (`SeatId`),
  CONSTRAINT `showseatrecord_ibfk_1` FOREIGN KEY (`SeatId`) REFERENCES `seat` (`SeatId`) ON DELETE CASCADE ON UPDATE CASCADE,
  CONSTRAINT `showseatrecord_ibfk_2` FOREIGN KEY (`PlayId`) REFERENCES `showplayrecord` (`PlayId`) ON DELETE CASCADE ON UPDATE CASCADE
)

CREATE TABLE `theatre` (
  `TheatreId` varchar(30) NOT NULL DEFAULT '',
  `TheatreName` varchar(40) DEFAULT NULL,
  `Screens` int(11) DEFAULT NULL,
  `CityCode` varchar(20) DEFAULT NULL,
  PRIMARY KEY (`TheatreId`),
  KEY `CityCode` (`CityCode`),
  CONSTRAINT `theatre_ibfk_1` FOREIGN KEY (`CityCode`) REFERENCES `city` (`CityCode`) ON DELETE CASCADE ON UPDATE CASCADE
)

CREATE TABLE `ticket` (
  `TicketId` varchar(50) NOT NULL DEFAULT '',
  `PlayId` varchar(40) DEFAULT NULL,
  `SeatId` varchar(50) DEFAULT NULL,
  `CreditCardId` varchar(50) DEFAULT NULL,
  `CustomerId` varchar(50) DEFAULT NULL,
  `BookingDate` date DEFAULT NULL,
  `BookingTime` time DEFAULT NULL,
  PRIMARY KEY (`TicketId`),
  KEY `PlayId` (`PlayId`),
  KEY `SeatId` (`SeatId`),
  KEY `CustomerId` (`CustomerId`),
  KEY `CreditCardId` (`CreditCardId`),
  CONSTRAINT `ticket_ibfk_1` FOREIGN KEY (`PlayId`) REFERENCES `showplayrecord` (`PlayId`) ON DELETE CASCADE ON UPDATE CASCADE,
  CONSTRAINT `ticket_ibfk_2` FOREIGN KEY (`SeatId`) REFERENCES `showseatrecord` (`SeatId`) ON DELETE CASCADE ON UPDATE CASCADE,
  CONSTRAINT `ticket_ibfk_3` FOREIGN KEY (`CustomerId`) REFERENCES `customer` (`CustomerId`) ON DELETE CASCADE ON UPDATE CASCADE,
  CONSTRAINT `ticket_ibfk_4` FOREIGN KEY (`CreditCardId`) REFERENCES `creditcardbank` (`CreditCardId`),
  CONSTRAINT `ticket_ibfk_5` FOREIGN KEY (`CreditCardId`) REFERENCES `creditcardbank` (`CreditCardId`) ON DELETE CASCADE ON UPDATE CASCADE
)

CREATE TABLE `user` (
  `EmailId` varchar(40) NOT NULL DEFAULT '',
  `Name` varchar(40) DEFAULT NULL,
  `Password` varchar(40) DEFAULT NULL,
  `ContactNumber` mediumtext,
  `Birthday` date DEFAULT NULL,
  PRIMARY KEY (`EmailId`),
  UNIQUE KEY `EmailId` (`EmailId`,`Password`)
)

CREATE TABLE `usershowrating` (
  `ShowId` varchar(20) DEFAULT NULL,
  `EmailId` varchar(40) DEFAULT NULL,
  `rating` float DEFAULT NULL,
  UNIQUE KEY `ShowId` (`ShowId`,`EmailId`),
  KEY `EmailId` (`EmailId`),
  CONSTRAINT `usershowrating_ibfk_1` FOREIGN KEY (`ShowId`) REFERENCES `show_ids_type` (`ShowId`) ON DELETE CASCADE ON UPDATE CASCADE,
  CONSTRAINT `usershowrating_ibfk_2` FOREIGN KEY (`EmailId`) REFERENCES `user` (`EmailId`) ON DELETE CASCADE ON UPDATE CASCADE
)

CREATE TABLE `venue` (
  `VenueId` varchar(40) DEFAULT NULL,
  `VenueName` varchar(40) DEFAULT NULL,
  `Capacity` int(11) DEFAULT NULL,
  `CityCode` varchar(20) DEFAULT NULL,
  UNIQUE KEY `VenueId` (`VenueId`),
  KEY `CityCode` (`CityCode`),
  CONSTRAINT `venue_ibfk_1` FOREIGN KEY (`VenueId`) REFERENCES `place_ids_type` (`PlaceId`) ON DELETE CASCADE ON UPDATE CASCADE,
  CONSTRAINT `venue_ibfk_2` FOREIGN KEY (`CityCode`) REFERENCES `city` (`CityCode`) ON DELETE CASCADE ON UPDATE CASCADE
)

INSERT INTO `bank` VALUES 
('B-01','Axis Bank'),
('B-02','ICICI Bank'),
('B-03','Dena Bank'),
('B-04','SBI');

INSERT INTO `city` VALUES 
('GJ-01','Ahmedabad'),
('GJ-03','Rajkot'),
('GJ-04','Bhavnagar'),
('GJ-05','Surat');

INSERT INTO `concert` VALUES
 ('2016ARJ','Arijit Singh','05:00:00',4,'Hindi'),
 ('2016AT','Ankit Tiwari','04:00:00',4,'Hindi'),
 ('2016OD','One Direction','03:00:00',4.5,'English'),
 ('2016TAY','Taylor Swift','04:00:00',4.3,'English'),
 ('2016EI','Enrique Iglesias','04:00:00',4.3,'English'),
 ('2016ARR','AR Rehmaan','03:00:00',4,'Hindi'),
 ('2016AMT','Amit Trivedi','05:00:00',4.3,'Hindi'),
 ('2016SCN','Sundhi Chahaun','04:00:00',4,'Hindi');
 
INSERT INTO `creditcardbank` VALUES 
('1111-0000-0000-0000','B-02',878008),
('1111-0000-0000-1111','B-03',10000),
('1111-0004-0000-0000','B-02',1000000),
('1111-0009-0000-0000','B-02',1000000),
('1111-0030-0000-0000','B-03',1000000),
('1111-0200-0000-0000','B-01',947001),
('1111-1111-1111-1111','B-03',100),
('1111-2000-0000-0000','B-01',1000000),
('1111-2222-0000-0000','B-04',999592),
('1111-2222-3333-4444','B-01',200);

INSERT INTO `customer` VALUES 
('abc@gmail.com-1','abc@gmail.com','Peyton sawyer','9999999999'),
('abc@gmail.com-10','abc@gmail.com','Peyton sawyer','9999999999'),
('abc@gmail.com-11','abc@gmail.com','Peyton sawyer','9999999999'),
('abc@gmail.com-12','abc@gmail.com','Peyton sawyer','9999999999'),
('abc@gmail.com-13','abc@gmail.com','Peyton sawyer','9999999999'),
('abc@gmail.com-14','abc@gmail.com','Peyton sawyer','9999999999'),
('abc@gmail.com-15','abc@gmail.com','Peyton sawyer','9999999999'),
('abc@gmail.com-16','abc@gmail.com','Peyton sawyer','9999999999'),
('abc@gmail.com-17','abc@gmail.com','Peyton sawyer','9999999999'),
('abc@gmail.com-18','abc@gmail.com','Peyton sawyer','9999999999'),
('abc@gmail.com-19','abc@gmail.com','Peyton sawyer','9999999999'),
('abc@gmail.com-2','abc@gmail.com','Peyton sawyer','9999999999'),
('abc@gmail.com-20','abc@gmail.com','Peyton sawyer','9999999999'),
('abc@gmail.com-21','abc@gmail.com','Peyton sawyer','9999999999'),
('abc@gmail.com-22','abc@gmail.com','Peyton sawyer','9999999999'),
('abc@gmail.com-23','abc@gmail.com','Peyton sawyer','9999999999'),
('abc@gmail.com-24','abc@gmail.com','Peyton sawyer','9999999999'),
('abc@gmail.com-25','abc@gmail.com','Peyton sawyer','9999999999'),
('abc@gmail.com-26','abc@gmail.com','Peyton sawyer','9999999999'),
('abc@gmail.com-27','abc@gmail.com','Peyton sawyer','9999999999'),
('abc@gmail.com-28','abc@gmail.com','Peyton sawyer','9999999999'),
('abc@gmail.com-29','abc@gmail.com','Peyton sawyer','9999999999'),
('abc@gmail.com-3','abc@gmail.com','Peyton sawyer','9999999999'),
('abc@gmail.com-30','abc@gmail.com','Peyton sawyer','9999999999'),
('abc@gmail.com-31','abc@gmail.com','Peyton sawyer','9999999999'),
('abc@gmail.com-32','abc@gmail.com','Peyton sawyer','9999999999'),
('abc@gmail.com-33','abc@gmail.com','Peyton sawyer','9999999999'),
('abc@gmail.com-34','abc@gmail.com','Peyton sawyer','9999999999'),
('abc@gmail.com-35','abc@gmail.com','Peyton sawyer','9999999999'),
('abc@gmail.com-36','abc@gmail.com','Peyton sawyer','9999999999'),
('abc@gmail.com-37','abc@gmail.com','Peyton sawyer','9999999999'),
('abc@gmail.com-38','abc@gmail.com','Peyton sawyer','9999999999'),
('abc@gmail.com-4','abc@gmail.com','Peyton sawyer','9999999999'),
('abc@gmail.com-5','abc@gmail.com','Peyton sawyer','9999999999'),
('abc@gmail.com-6','abc@gmail.com','Peyton sawyer','9999999999'),
('abc@gmail.com-7','abc@gmail.com','Peyton sawyer','9999999999'),
('abc@gmail.com-8','abc@gmail.com','Peyton sawyer','9999999999'),
('abc@gmail.com-9','abc@gmail.com','Peyton sawyer','9999999999'),
('oth@gmail.com-1','oth@gmail.com','Brooke Davis','9800980098'),
('Hardilmehta@gmail.com-1','Hardilmehta@gmail.com','Hardil mehta','9601724420'),
('Hardilmehta@gmail.com-10','Hardilmehta@gmail.com','Hardil mehta','9601724420'),
('Hardilmehta@gmail.com-11','Hardilmehta@gmail.com','Hardil mehta','9601724420'),
('Hardilmehta@gmail.com-12','Hardilmehta@gmail.com','Hardil mehta','9601724420'),
('Hardilmehta@gmail.com-13','Hardilmehta@gmail.com','Hardil mehta','9601724420'),
('Hardilmehta@gmail.com-14','Hardilmehta@gmail.com','Hardil mehta','9601724420'),
('Hardilmehta@gmail.com-15','Hardilmehta@gmail.com','Hardil mehta','9601724420'),
('Hardilmehta@gmail.com-2','Hardilmehta@gmail.com','Hardil mehta','9601724420'),
('Hardilmehta@gmail.com-3','Hardilmehta@gmail.com','Hardil mehta','9601724420'),
('Hardilmehta@gmail.com-4','Hardilmehta@gmail.com','Hardil mehta','9601724420'),
('Hardilmehta@gmail.com-5','Hardilmehta@gmail.com','Hardil mehta','9601724420'),
('Hardilmehta@gmail.com-6','Hardilmehta@gmail.com','Hardil mehta','9601724420'),
('Hardilmehta@gmail.com-7','Hardilmehta@gmail.com','Hardil mehta','9601724420'),
('Hardilmehta@gmail.com-8','Hardilmehta@gmail.com','Hardil mehta','9601724420'),
('Hardilmehta@gmail.com-9','Hardilmehta@gmail.com','Hardil mehta','9601724420'),
('harsh.patel30@gmail.com-1','harsh.patel30@gmail.com','harsh patel','9814824287'),
('faheemsamol@gmail.com-1','faheemsamol@gmail.com','faheem samol','9408626340'),
('faheemsamol@gmail.com-10','faheemsamol@gmail.com','faheem samol','9408626340'),
('faheemsamol@gmail.com-11','faheemsamol@gmail.com','faheem samol','9408626340'),
('faheemsamol@gmail.com-12','faheemsamol@gmail.com','faheem samol','9408626340'),
('faheemsamol@gmail.com-13','faheemsamol@gmail.com','faheem samol','9408626340'),
('faheemsamol@gmail.com-14','faheemsamol@gmail.com','faheem samol','9408626340'),
('faheemsamol@gmail.com-15','faheemsamol@gmail.com','faheem samol','9408626340'),
('faheemsamol@gmail.com-16','faheemsamol@gmail.com','faheem samol','9408626340'),
('faheemsamol@gmail.com-17','faheemsamol@gmail.com','faheem samol','9408626340'),
('faheemsamol@gmail.com-2','faheemsamol@gmail.com','faheem samol','9408626340'),
('faheemsamol@gmail.com-3','faheemsamol@gmail.com','faheem samol','9408626340');

INSERT INTO `drama` VALUES 
('2016LRG','Lage Raho Gujju Bhai','ABCD','Action','01:00:00',3.5,'2016-02-13','Gujarati'),
('2016HAAI','Hedwig And Angry Inch','Neil Patrick Harris','Fiction','02:00:00',4,'2016-01-13','English'),
('2016CS','Comment Section','ABCD','Comedy','01:00:00',3.5,'2016-02-13','English'),
('2016GA','The Ganta Awards','East India Company','Comedy','03:00:00',4,'2016-02-20','English'),
('2016SB','Sketchy Behaviour','ABCD','Comedy','01:00:00',3.2,'2016-02-15','English'),
('2016BBS','Back Benchers','ABCD','Comedy','02:00:00',3.7,'2016-02-13','English'),
('2016102NO','102 Not Out','ABCD','Comedy','03:00:00',3.5,'2016-02-03','Gujarati');

INSERT INTO `guest` VALUES
 ('1','2016-05-06','09:39:03'),
 ('10','2016-05-07','09:36:27'),
 ('11','2016-05-07','09:36:27'),
 ('12','2016-05-07','09:36:27'),
 ('13','2016-05-07','09:36:27'),
 ('14','2016-05-07','09:36:27'),
 ('15','2016-05-07','09:36:27'),
 ('16','2016-05-07','09:36:27'),
 ('17','2016-05-07','09:36:27'),
 ('18','2016-05-07','09:36:27'),
 ('19','2016-05-07','09:36:27'),
 ('2','2016-05-06','09:39:03'),
 ('3','2016-05-06','09:39:03'),
 ('4','2016-05-06','09:39:03'),
 ('5','2016-05-06','09:39:03'),
 ('6','2016-05-06','09:39:03'),
 ('7','2016-05-06','09:39:03'),
 ('8','2016-05-06','09:39:03'),
 ('9','2016-05-06','09:39:03');
 
INSERT INTO `login` VALUES 
('1','harsh.patel30@gmail.com','harsh','2016-05-06','17:41:25'),
('10','harsh.patel30@gmail.com','harsh','2016-05-07','09:33:50'),
('11','rachanasolanki@gmail.com','kr','2016-05-07','09:37:51'),
('2','rachanasolanki@gmail.com','kr','2016-05-06','17:43:42'),
('3','Hardilmehta@gmail.com','kp','2016-05-06','17:43:42'),
('4','faheemsamol@gmail.com','ks','2016-05-06','17:43:42'),
('5','abc@gmail.com','k','2016-05-06','17:43:42'),
('6','def@gmail.com','k','2016-05-06','17:43:42'),
('7','k@gmail.com','k','2016-05-06','17:43:45'),
('8','k@gmail.com','k','2016-05-06','17:47:41'),
('9','Hardilmehta@gmail.com','kp','2016-05-07','00:47:54');

INSERT INTO `movie` VALUES
 ('2016BB','Baby','Akshay Kumar','Action','03:00:00',2.75,'2016-02-01','Hindi'),
 ('2016ROY','Roy','Ranbir Kapoor','Romantic Thriller','03:00:00',2.3,'2016-02-13','Hindi'),
 ('2016BDP','Badlapur','Varun Dhawan','Crime Drama','03:00:00',4,'2016-02-20','Hindi'),
 ('2016INST','Insurgent','Kate Winslet','Science Fiction','02:00:00',3,'2016-03-11','English'),
 ('2016CIND','Cinderalla','Lily James','Romantic Fanatsy','02:00:00',3,'2016-03-06','English'),
 ('2016AVGR','Avengers','Robert Downey Jr','SuperHero','02:00:00',4.5,'2016-02-22','English'),
 ('2016BY','Bey yaar','ABC','Comedy','03:00:00',3.8,'2016-02-13','Gujarati'),
 ('2016ATKD','Aa te kevi duniya','ABC','DEF','03:00:00',3,'2016-02-13','Gujarati'),
 ('2016KM','Komban','fsds','Action','03:00:00',2.5,'2016-02-13','Tamil'),
 ('2016VVN','Valiyavan','eee','Action','03:00:00',2.4,'2016-02-13','Tamil');
 
INSERT INTO `payment` VALUES
 (0,'oth@gmail.com',408,'2016-05-07','00:40:50','2016BDP-3'),
 (1,'abc@gmail.com',2040,'2016-05-07','07:55:28','2016BB-1'),
 (2,'abc@gmail.com',1632,'2016-05-07','07:55:28','2016ROY-1'),
 (3,'abc@gmail.com',2040,'2016-05-07','07:55:28','2016BDP-1'),
 (4,'harsh.patel30@gmail.com',1224,'2016-05-07','00:33:52','2016BDP-3'),
 (5,'abc@gmail.com',6120,'2016-05-07','08:05:02','2016TAY-1'),
 (6,'abc@gmail.com',2040,'2016-05-07','08:13:08','2016INST-1'),
 (7,'abc@gmail.com',2040,'2016-05-07','08:13:08','2016CIND-1'),
 (8,'abc@gmail.com',2040,'2016-05-07','08:13:09','2016ATKD-1'),
 (9,'abc@gmail.com',2040,'2016-05-07','08:13:09','2016BY-1'),
 (10,'abc@gmail.com',2040,'2016-05-07','08:13:09','2016KM-1'),
 (11,'abc@gmail.com',2040,'2016-05-07','08:13:09','2016VVN-1'),
 (12,'abc@gmail.com',816,'2016-05-07','08:13:53','2016BB-2'),
 (13,'abc@gmail.com',816,'2016-05-07','08:13:53','2016ROY-2'),
 (14,'abc@gmail.com',204,'2016-05-07','08:13:53','2016BDP-2'),
 (15,'abc@gmail.com',204,'2016-05-07','08:13:53','2016INST-2'),
 (16,'abc@gmail.com',2040,'2016-05-07','08:13:53','2016ARJ-2'),
 (17,'abc@gmail.com',2040,'2016-05-07','08:13:54','2016ARJ-1'),
 (18,'abc@gmail.com',2040,'2016-05-07','08:13:54','2016ARJ-3'),
 (19,'abc@gmail.com',2040,'2016-05-07','08:13:54','2016ARJ-4'),
 (20,'abc@gmail.com',1224,'2016-05-07','08:13:54','2016BY-2'),
 (21,'abc@gmail.com',2040,'2016-05-07','08:13:54','2016ARJ-5'),
 (22,'abc@gmail.com',2040,'2016-05-07','08:13:54','2016ARJ-6'),
 (23,'abc@gmail.com',2040,'2016-05-07','08:13:54','2016KM-4'),
 (24,'abc@gmail.com',816,'2016-05-07','08:13:54','2016KM-3'),
 (25,'abc@gmail.com',816,'2016-05-07','08:13:54','2016VVN-2'),
 (26,'abc@gmail.com',2040,'2016-05-07','08:13:54','2016ARJ-8'),
 (27,'abc@gmail.com',2040,'2016-05-07','08:13:54','2016102NO-1'),
 (28,'abc@gmail.com',4080,'2016-05-07','08:13:54','2016AMT-1'),
 (29,'abc@gmail.com',2040,'2016-05-07','08:13:54','2016ARJ-7'),
 (30,'abc@gmail.com',6120,'2016-05-07','08:13:54','2016ARR-1'),
 (31,'abc@gmail.com',4080,'2016-05-07','08:13:54','2016AT-1'),
 (32,'abc@gmail.com',3672,'2016-05-07','08:13:54','2016BBS-1'),
 (33,'abc@gmail.com',2856,'2016-05-07','08:13:54','2016CS-1'),
 (34,'abc@gmail.com',8160,'2016-05-07','08:13:54','2016EI-1'),
 (35,'abc@gmail.com',3264,'2016-05-07','08:13:54','2016GA-1'),
 (36,'abc@gmail.com',4080,'2016-05-07','08:13:54','2016HAAI-1'),
 (37,'abc@gmail.com',6120,'2016-05-07','08:13:54','2016OD-1'),
 (38,'abc@gmail.com',2856,'2016-05-07','08:13:54','2016SB-1'),
 (39,'abc@gmail.com',3264,'2016-05-07','08:13:54','2016SCN-1'),
 (40,'Hardilmehta@gmail.com',2040,'2016-05-07','09:24:56','2016VVN-1'),
 (41,'Hardilmehta@gmail.com',816,'2016-05-07','09:24:56','2016ROY-2'),
 (42,'Hardilmehta@gmail.com',204,'2016-05-07','09:24:56','2016INST-2'),
 (43,'Hardilmehta@gmail.com',2040,'2016-05-07','09:24:56','2016ARJ-2'),
 (44,'Hardilmehta@gmail.com',2040,'2016-05-07','09:24:56','2016ARJ-1'),
 (45,'Hardilmehta@gmail.com',2040,'2016-05-07','09:24:56','2016ARJ-3'),
 (46,'Hardilmehta@gmail.com',2040,'2016-05-07','09:24:57','2016ARJ-4'),
 (47,'Hardilmehta@gmail.com',2040,'2016-05-07','09:24:57','2016ARJ-5'),
 (48,'Hardilmehta@gmail.com',2040,'2016-05-07','09:24:57','2016ARJ-6'),
 (49,'Hardilmehta@gmail.com',2040,'2016-05-07','09:24:57','2016KM-4'),
 (50,'Hardilmehta@gmail.com',816,'2016-05-07','09:24:57','2016VVN-2'),
 (51,'Hardilmehta@gmail.com',2040,'2016-05-07','09:24:57','2016ARJ-8'),
 (52,'Hardilmehta@gmail.com',2040,'2016-05-07','09:24:57','2016102NO-1'),
 (53,'Hardilmehta@gmail.com',4080,'2016-05-07','09:24:57','2016AMT-1'),
 (54,'Hardilmehta@gmail.com',2040,'2016-05-07','09:24:57','2016ARJ-7'),
 (55,'faheemsamol@gmail.com',1632,'2016-05-07','09:26:58','2016AVGR-1'),
 (56,'faheemsamol@gmail.com',1632,'2016-05-07','09:26:58','2016ATKD-1'),
 (57,'faheemsamol@gmail.com',1632,'2016-05-07','09:26:58','2016VVN-1'),(
 58,'faheemsamol@gmail.com',612,'2016-05-07','09:26:58','2016ROY-2'),
 (59,'faheemsamol@gmail.com',163.2,'2016-05-07','09:26:58','2016INST-2'),
 (60,'faheemsamol@gmail.com',1632,'2016-05-07','09:26:58','2016ARJ-2'),
 (61,'faheemsamol@gmail.com',1632,'2016-05-07','09:26:59','2016ARJ-1'),
 (62,'faheemsamol@gmail.com',1632,'2016-05-07','09:26:59','2016ARJ-3'),
 (63,'faheemsamol@gmail.com',1632,'2016-05-07','09:26:59','2016ARJ-4'),
 (64,'faheemsamol@gmail.com',1632,'2016-05-07','09:26:59','2016ARJ-5'),
 (65,'faheemsamol@gmail.com',1632,'2016-05-07','09:26:59','2016ARJ-6'),
 (66,'faheemsamol@gmail.com',1632,'2016-05-07','09:26:59','2016KM-4'),
 (67,'faheemsamol@gmail.com',612,'2016-05-07','09:26:59','2016VVN-2'),
 (68,'faheemsamol@gmail.com',1632,'2016-05-07','09:26:59','2016ARJ-8'),
 (69,'faheemsamol@gmail.com',1632,'2016-05-07','09:26:59','2016102NO-1'),
 (70,'faheemsamol@gmail.com',2040,'2016-05-07','09:26:59','2016AMT-1'),
 (71,'faheemsamol@gmail.com',1632,'2016-05-07','09:26:59','2016ARJ-7');
 
INSERT INTO `place_ids_type` VALUES 
('AHM-ABC-1','Screen'),
('AHM-ABC-2','Screen'),
('AHM-ABC-3','Screen'),
('AHM-ABC-4','Screen'),
('AHM-ABC-5','Screen'),
('AHM-CG-1','Screen'),
('AHM-CG-2','Screen'),
('AHM-CIN-1','Screen'),
('AHM-GMDC','Venue'),
('AHM-IET','Venue'),
('AHM-KAR','Venue'),
('BVN-KAR','Venue'),
('BVN-MAX-1','Screen'),
('BVN-MAX-2','Screen'),
('BVN-RAJP','Venue'),
('BVN-VC-1','Screen'),
('BVN-VC-2','Screen'),
('RJT-CIN-1','Screen'),
('RJT-GDC','Venue'),
('RJT-IMP','Venue'),
('RJT-RUP-1','Screen'),
('SUT-ACR-1','Screen'),
('SUT-ACR-2','Screen'),
('SUT-CBSC','Venue'),
('SUT-JAHT-1','Screen'),
('SUT-JAHT-2','Screen'),
('SUT-LPP','Venue');

INSERT INTO `screen` VALUES
 ('AHM-ABC-1',1,40,'AHM-ABC'),
 ('AHM-ABC-2',2,40,'AHM-ABC'),
 ('AHM-ABC-3',3,40,'AHM-ABC'),
 ('AHM-ABC-4',4,40,'AHM-ABC'),
 ('AHM-ABC-5',5,40,'AHM-ABC'),
 ('AHM-CG-1',1,50,'AHM-CG'),
 ('AHM-CG-2',2,50,'AHM-CG'),
 ('AHM-CIN-1',1,50,'AHM-CIN'),
 ('BVN-VC-1',1,30,'BVN-VC'),
 ('BVN-VC-2',2,30,'BVN-VC'),
 ('BVN-MAX-1',1,50,'BVN-MAX'),
 ('BVN-MAX-2',2,50,'BVN-MAX'),
 ('SUT-JAHT-1',1,50,'SUT-JAHT'),
 ('SUT-JAHT-2',2,50,'SUT-JAHT'),
 ('SUT-ACR-1',1,30,'SUT-ACR'),
 ('SUT-ACR-2',2,30,'SUT-ACR'),
 ('RJT-RUP-1',1,100,'RJT-RUP'),
 ('RJT-CIN-1',1,30,'RJT-CIN');
 
INSERT INTO `seat` VALUES 
('AHM-ABC-1-01','Platinum','AHM-ABC-1'),
('AHM-ABC-1-02','Platinum','AHM-ABC-1'),
('AHM-ABC-1-03','Platinum','AHM-ABC-1'),
('AHM-ABC-1-04','Platinum','AHM-ABC-1'),
('AHM-ABC-1-05','Platinum','AHM-ABC-1'),
('AHM-ABC-1-06','Platinum','AHM-ABC-1'),
('AHM-ABC-1-07','Platinum','AHM-ABC-1'),
('AHM-ABC-1-08','Platinum','AHM-ABC-1'),
('AHM-ABC-1-09','Platinum','AHM-ABC-1'),
('AHM-ABC-1-10','Platinum','AHM-ABC-1'),
('AHM-ABC-1-11','Gold','AHM-ABC-1'),
('AHM-ABC-1-12','Gold','AHM-ABC-1'),
('AHM-ABC-1-13','Gold','AHM-ABC-1'),
('AHM-ABC-1-14','Gold','AHM-ABC-1'),
('AHM-ABC-1-15','Gold','AHM-ABC-1'),
('AHM-ABC-1-16','Gold','AHM-ABC-1'),
('AHM-ABC-1-17','Gold','AHM-ABC-1'),
('AHM-ABC-1-18','Gold','AHM-ABC-1'),
('AHM-ABC-1-19','Gold','AHM-ABC-1'),
('AHM-ABC-1-20','Gold','AHM-ABC-1'),
('AHM-ABC-1-21','Silver','AHM-ABC-1'),
('AHM-ABC-1-22','Silver','AHM-ABC-1'),
('AHM-ABC-1-23','Silver','AHM-ABC-1'),
('AHM-ABC-1-24','Silver','AHM-ABC-1'),
('AHM-ABC-1-25','Silver','AHM-ABC-1'),
('AHM-ABC-1-26','Silver','AHM-ABC-1'),
('AHM-ABC-1-27','Silver','AHM-ABC-1'),
('AHM-ABC-1-28','Silver','AHM-ABC-1'),
('AHM-ABC-1-29','Silver','AHM-ABC-1'),
('AHM-ABC-1-30','Silver','AHM-ABC-1'),
('AHM-ABC-1-31','Silver','AHM-ABC-1'),
('AHM-ABC-1-32','Silver','AHM-ABC-1'),
('AHM-ABC-1-33','Silver','AHM-ABC-1'),
('AHM-ABC-1-34','Silver','AHM-ABC-1'),
('AHM-ABC-1-35','Silver','AHM-ABC-1'),
('AHM-ABC-1-36','Silver','AHM-ABC-1'),
('AHM-ABC-1-37','Silver','AHM-ABC-1'),
('AHM-ABC-1-38','Silver','AHM-ABC-1'),
('AHM-ABC-1-39','Silver','AHM-ABC-1'),
('AHM-ABC-1-40','Silver','AHM-ABC-1'),
('AHM-ABC-2-01','Platinum','AHM-ABC-2'
),('AHM-ABC-2-02','Platinum','AHM-ABC-2'),
('AHM-ABC-2-03','Platinum','AHM-ABC-2'),
('AHM-ABC-2-04','Platinum','AHM-ABC-2'),
('AHM-ABC-2-05','Platinum','AHM-ABC-2'),
('AHM-ABC-2-06','Platinum','AHM-ABC-2'),
('AHM-ABC-2-07','Platinum','AHM-ABC-2'),
('AHM-ABC-2-08','Platinum','AHM-ABC-2'),
('AHM-ABC-2-09','Platinum','AHM-ABC-2'),
('AHM-ABC-2-10','Platinum','AHM-ABC-2'),
('AHM-ABC-2-11','Gold','AHM-ABC-2'),
('AHM-ABC-2-12','Gold','AHM-ABC-2'),
('AHM-ABC-2-13','Gold','AHM-ABC-2'),
('AHM-ABC-2-14','Gold','AHM-ABC-2'),
('AHM-ABC-2-15','Gold','AHM-ABC-2'),
('AHM-ABC-2-16','Gold','AHM-ABC-2'),
('AHM-ABC-2-17','Gold','AHM-ABC-2'),
('AHM-ABC-2-18','Gold','AHM-ABC-2'),
('AHM-ABC-2-19','Gold','AHM-ABC-2'),
('AHM-ABC-2-20','Gold','AHM-ABC-2'),
('AHM-ABC-2-21','Silver','AHM-ABC-2'),
('AHM-ABC-2-22','Silver','AHM-ABC-2'),
('AHM-ABC-2-23','Silver','AHM-ABC-2'),
('AHM-ABC-2-24','Silver','AHM-ABC-2'),
('AHM-ABC-2-25','Silver','AHM-ABC-2'),
('AHM-ABC-2-26','Silver','AHM-ABC-2'),
('AHM-ABC-2-27','Silver','AHM-ABC-2'),
('AHM-ABC-2-28','Silver','AHM-ABC-2'),
('AHM-ABC-2-29','Silver','AHM-ABC-2'),
('AHM-ABC-2-30','Silver','AHM-ABC-2'),
('AHM-ABC-2-31','Silver','AHM-ABC-2'),
('AHM-ABC-2-32','Silver','AHM-ABC-2'),
('AHM-ABC-2-33','Silver','AHM-ABC-2'),
('AHM-ABC-2-34','Silver','AHM-ABC-2'),
('AHM-ABC-2-35','Silver','AHM-ABC-2'),
('AHM-ABC-2-36','Silver','AHM-ABC-2'),
('AHM-ABC-2-37','Silver','AHM-ABC-2'),
('AHM-ABC-2-38','Silver','AHM-ABC-2'),
('AHM-ABC-2-39','Silver','AHM-ABC-2'),
('AHM-ABC-2-40','Silver','AHM-ABC-2'),
('AHM-ABC-3-01','Platinum','AHM-ABC-3'),
('AHM-ABC-3-02','Platinum','AHM-ABC-3'),
('AHM-ABC-3-03','Platinum','AHM-ABC-3'),
('AHM-ABC-3-04','Platinum','AHM-ABC-3'),
('AHM-ABC-3-05','Platinum','AHM-ABC-3'),
('AHM-ABC-3-06','Platinum','AHM-ABC-3'),
('AHM-ABC-3-07','Platinum','AHM-ABC-3'),
('AHM-ABC-3-08','Platinum','AHM-ABC-3'),
('AHM-ABC-3-09','Platinum','AHM-ABC-3'),
('AHM-ABC-3-10','Platinum','AHM-ABC-3'),
('AHM-ABC-3-11','Gold','AHM-ABC-3'),
('AHM-ABC-3-12','Gold','AHM-ABC-3'),
('AHM-ABC-3-13','Gold','AHM-ABC-3'),
('AHM-ABC-3-14','Gold','AHM-ABC-3'),
('AHM-ABC-3-15','Gold','AHM-ABC-3'),
('AHM-ABC-3-16','Gold','AHM-ABC-3'),
('AHM-ABC-3-17','Gold','AHM-ABC-3'),
('AHM-ABC-3-18','Gold','AHM-ABC-3'),
('AHM-ABC-3-19','Gold','AHM-ABC-3'),
('AHM-ABC-3-20','Gold','AHM-ABC-3'),
('AHM-ABC-3-21','Silver','AHM-ABC-3'),
('AHM-ABC-3-22','Silver','AHM-ABC-3'),
('AHM-ABC-3-23','Silver','AHM-ABC-3'),
('AHM-ABC-3-24','Silver','AHM-ABC-3'),
('AHM-ABC-3-25','Silver','AHM-ABC-3'),
('AHM-ABC-3-26','Silver','AHM-ABC-3'),
('AHM-ABC-3-27','Silver','AHM-ABC-3'),
('AHM-ABC-3-28','Silver','AHM-ABC-3'),
('AHM-ABC-3-29','Silver','AHM-ABC-3'),
('AHM-ABC-3-30','Silver','AHM-ABC-3'),
('AHM-ABC-3-31','Silver','AHM-ABC-3'),
('AHM-ABC-3-32','Silver','AHM-ABC-3'),
('AHM-ABC-3-33','Silver','AHM-ABC-3'),
('AHM-ABC-3-34','Silver','AHM-ABC-3'),
('AHM-ABC-3-35','Silver','AHM-ABC-3'),
('AHM-ABC-3-36','Silver','AHM-ABC-3'),
('AHM-ABC-3-37','Silver','AHM-ABC-3'),
('AHM-ABC-3-38','Silver','AHM-ABC-3'),
('AHM-ABC-3-39','Silver','AHM-ABC-3'),
('AHM-ABC-3-40','Silver','AHM-ABC-3'),
('AHM-ABC-4-01','Platinum','AHM-ABC-4'),
('AHM-ABC-4-02','Platinum','AHM-ABC-4'),
('AHM-ABC-4-03','Platinum','AHM-ABC-4'),
('AHM-ABC-4-04','Platinum','AHM-ABC-4'),
('AHM-ABC-4-05','Platinum','AHM-ABC-4'),
('AHM-ABC-4-06','Platinum','AHM-ABC-4'),
('AHM-ABC-4-07','Platinum','AHM-ABC-4'),
('AHM-ABC-4-08','Platinum','AHM-ABC-4'),
('AHM-ABC-4-09','Platinum','AHM-ABC-4'),
('AHM-ABC-4-10','Platinum','AHM-ABC-4'),
('AHM-ABC-4-11','Gold','AHM-ABC-4'),
('AHM-ABC-4-12','Gold','AHM-ABC-4'),
('AHM-ABC-4-13','Gold','AHM-ABC-4'),
('AHM-ABC-4-14','Gold','AHM-ABC-4'),
('AHM-ABC-4-15','Gold','AHM-ABC-4'),
('AHM-ABC-4-16','Gold','AHM-ABC-4'),
('AHM-ABC-4-17','Gold','AHM-ABC-4'),
('AHM-ABC-4-18','Gold','AHM-ABC-4'),
('AHM-ABC-4-19','Gold','AHM-ABC-4'),
('AHM-ABC-4-20','Gold','AHM-ABC-4'),
('AHM-ABC-4-21','Silver','AHM-ABC-4'),
('AHM-ABC-4-22','Silver','AHM-ABC-4'),
('AHM-ABC-4-23','Silver','AHM-ABC-4'),
('AHM-ABC-4-24','Silver','AHM-ABC-4'),
('AHM-ABC-4-25','Silver','AHM-ABC-4'),
('AHM-ABC-4-26','Silver','AHM-ABC-4'),
('AHM-ABC-4-27','Silver','AHM-ABC-4'),
('AHM-ABC-4-28','Silver','AHM-ABC-4'),
('AHM-ABC-4-29','Silver','AHM-ABC-4'),
('AHM-ABC-4-30','Silver','AHM-ABC-4'),
('AHM-ABC-4-31','Silver','AHM-ABC-4'),
('AHM-ABC-4-32','Silver','AHM-ABC-4'),
('AHM-ABC-4-33','Silver','AHM-ABC-4'),
('AHM-ABC-4-34','Silver','AHM-ABC-4'),
('AHM-ABC-4-35','Silver','AHM-ABC-4'),
('AHM-ABC-4-36','Silver','AHM-ABC-4'),
('AHM-ABC-4-37','Silver','AHM-ABC-4'),
('AHM-ABC-4-38','Silver','AHM-ABC-4'),
('AHM-ABC-4-39','Silver','AHM-ABC-4'),
('AHM-ABC-4-40','Silver','AHM-ABC-4'),
('AHM-ABC-5-01','Platinum','AHM-ABC-5'),
('AHM-ABC-5-02','Platinum','AHM-ABC-5'),
('AHM-ABC-5-03','Platinum','AHM-ABC-5'),
('AHM-ABC-5-04','Platinum','AHM-ABC-5'),
('AHM-ABC-5-05','Platinum','AHM-ABC-5'),
('AHM-ABC-5-06','Platinum','AHM-ABC-5'),
('AHM-ABC-5-07','Platinum','AHM-ABC-5'),
('AHM-ABC-5-08','Platinum','AHM-ABC-5'),
('AHM-ABC-5-09','Platinum','AHM-ABC-5'),
('AHM-ABC-5-10','Platinum','AHM-ABC-5'),
('AHM-ABC-5-11','Gold','AHM-ABC-5'),
('AHM-ABC-5-12','Gold','AHM-ABC-5'),
('AHM-ABC-5-13','Gold','AHM-ABC-5'),
('AHM-ABC-5-14','Gold','AHM-ABC-5'),
('AHM-ABC-5-15','Gold','AHM-ABC-5'),
('AHM-ABC-5-16','Gold','AHM-ABC-5'),
('AHM-ABC-5-17','Gold','AHM-ABC-5'),
('AHM-ABC-5-18','Gold','AHM-ABC-5'),
('AHM-ABC-5-19','Gold','AHM-ABC-5'),
('AHM-ABC-5-20','Gold','AHM-ABC-5'),
('AHM-ABC-5-21','Silver','AHM-ABC-5'),
('AHM-ABC-5-22','Silver','AHM-ABC-5'),
('AHM-ABC-5-23','Silver','AHM-ABC-5'),
('AHM-ABC-5-24','Silver','AHM-ABC-5'),
('AHM-ABC-5-25','Silver','AHM-ABC-5'),
('AHM-ABC-5-26','Silver','AHM-ABC-5'),
('AHM-ABC-5-27','Silver','AHM-ABC-5'),
('AHM-ABC-5-28','Silver','AHM-ABC-5'),
('AHM-ABC-5-29','Silver','AHM-ABC-5'),
('AHM-ABC-5-30','Silver','AHM-ABC-5'),
('AHM-ABC-5-31','Silver','AHM-ABC-5'),
('AHM-ABC-5-32','Silver','AHM-ABC-5'),
('AHM-ABC-5-33','Silver','AHM-ABC-5'),
('AHM-ABC-5-34','Silver','AHM-ABC-5'),
('AHM-ABC-5-35','Silver','AHM-ABC-5'),
('AHM-ABC-5-36','Silver','AHM-ABC-5'),
('AHM-ABC-5-37','Silver','AHM-ABC-5'),
('AHM-ABC-5-38','Silver','AHM-ABC-5'),
('AHM-ABC-5-39','Silver','AHM-ABC-5'),
('AHM-ABC-5-40','Silver','AHM-ABC-5'),
('AHM-CG-1-01','Platinum','AHM-CG-1'),
('AHM-CG-1-02','Platinum','AHM-CG-1'),
('AHM-CG-1-03','Platinum','AHM-CG-1'),
('AHM-CG-1-04','Platinum','AHM-CG-1'),
('AHM-CG-1-05','Platinum','AHM-CG-1'),
('AHM-CG-1-06','Platinum','AHM-CG-1'),
('AHM-CG-1-07','Platinum','AHM-CG-1'),
('AHM-CG-1-08','Platinum','AHM-CG-1'),
('AHM-CG-1-09','Platinum','AHM-CG-1'),
('AHM-CG-1-10','Platinum','AHM-CG-1'),
('AHM-CG-1-11','Gold','AHM-CG-1'),
('AHM-CG-1-12','Gold','AHM-CG-1'),
('AHM-CG-1-13','Gold','AHM-CG-1'),
('AHM-CG-1-14','Gold','AHM-CG-1'),
('AHM-CG-1-15','Gold','AHM-CG-1'),
('AHM-CG-1-16','Gold','AHM-CG-1'),
('AHM-CG-1-17','Gold','AHM-CG-1'),
('AHM-CG-1-18','Gold','AHM-CG-1'),
('AHM-CG-1-19','Gold','AHM-CG-1'),
('AHM-CG-1-20','Gold','AHM-CG-1'),
('AHM-CG-1-21','Gold','AHM-CG-1'),
('AHM-CG-1-22','Gold','AHM-CG-1'),
('AHM-CG-1-23','Gold','AHM-CG-1'),
('AHM-CG-1-24','Gold','AHM-CG-1'),
('AHM-CG-1-25','Gold','AHM-CG-1'),
('AHM-CG-1-26','Gold','AHM-CG-1'),
('AHM-CG-1-27','Gold','AHM-CG-1'),
('AHM-CG-1-28','Gold','AHM-CG-1'),
('AHM-CG-1-29','Gold','AHM-CG-1'),
('AHM-CG-1-30','Gold','AHM-CG-1'),
('AHM-CG-1-31','Silver','AHM-CG-1'),
('AHM-CG-1-32','Silver','AHM-CG-1'),
('AHM-CG-1-33','Silver','AHM-CG-1'),
('AHM-CG-1-34','Silver','AHM-CG-1'),
('AHM-CG-1-35','Silver','AHM-CG-1'),
('AHM-CG-1-36','Silver','AHM-CG-1'),
('AHM-CG-1-37','Silver','AHM-CG-1'),
('AHM-CG-1-38','Silver','AHM-CG-1'),
('AHM-CG-1-39','Silver','AHM-CG-1'),
('AHM-CG-1-40','Silver','AHM-CG-1'),
('AHM-CG-1-41','Silver','AHM-CG-1'),
('AHM-CG-1-42','Silver','AHM-CG-1'),
('AHM-CG-1-43','Silver','AHM-CG-1'),
('AHM-CG-1-44','Silver','AHM-CG-1'),
('AHM-CG-1-45','Silver','AHM-CG-1'),
('AHM-CG-1-46','Silver','AHM-CG-1'),
('AHM-CG-1-47','Silver','AHM-CG-1'),
('AHM-CG-1-48','Silver','AHM-CG-1'),
('AHM-CG-1-49','Silver','AHM-CG-1'),
('AHM-CG-1-50','Silver','AHM-CG-1'),
('AHM-CG-2-01','Platinum','AHM-CG-2'),
('AHM-CG-2-02','Platinum','AHM-CG-2'),
('AHM-CG-2-03','Platinum','AHM-CG-2'),
('AHM-CG-2-04','Platinum','AHM-CG-2'),
('AHM-CG-2-05','Platinum','AHM-CG-2'),
('AHM-CG-2-06','Platinum','AHM-CG-2'),
('AHM-CG-2-07','Platinum','AHM-CG-2'),
('AHM-CG-2-08','Platinum','AHM-CG-2'),
('AHM-CG-2-09','Platinum','AHM-CG-2'),
('AHM-CG-2-10','Platinum','AHM-CG-2'),
('AHM-CG-2-11','Gold','AHM-CG-2'),
('AHM-CG-2-12','Gold','AHM-CG-2'),
('AHM-CG-2-13','Gold','AHM-CG-2'),
('AHM-CG-2-14','Gold','AHM-CG-2'),
('AHM-CG-2-15','Gold','AHM-CG-2'),
('AHM-CG-2-16','Gold','AHM-CG-2'),
('AHM-CG-2-17','Gold','AHM-CG-2'),
('AHM-CG-2-18','Gold','AHM-CG-2'),
('AHM-CG-2-19','Gold','AHM-CG-2'),
('AHM-CG-2-20','Gold','AHM-CG-2'),
('AHM-CG-2-21','Gold','AHM-CG-2'),
('AHM-CG-2-22','Gold','AHM-CG-2'),
('AHM-CG-2-23','Gold','AHM-CG-2'),
('AHM-CG-2-24','Gold','AHM-CG-2'),
('AHM-CG-2-25','Gold','AHM-CG-2'),
('AHM-CG-2-26','Gold','AHM-CG-2'),
('AHM-CG-2-27','Gold','AHM-CG-2'),
('AHM-CG-2-28','Gold','AHM-CG-2'),
('AHM-CG-2-29','Gold','AHM-CG-2'),
('AHM-CG-2-30','Gold','AHM-CG-2'),
('AHM-CG-2-31','Silver','AHM-CG-2'),
('AHM-CG-2-32','Silver','AHM-CG-2'),
('AHM-CG-2-33','Silver','AHM-CG-2'),
('AHM-CG-2-34','Silver','AHM-CG-2'),
('AHM-CG-2-35','Silver','AHM-CG-2'),
('AHM-CG-2-36','Silver','AHM-CG-2'),
('AHM-CG-2-37','Silver','AHM-CG-2'),
('AHM-CG-2-38','Silver','AHM-CG-2'),
('AHM-CG-2-39','Silver','AHM-CG-2'),
('AHM-CG-2-40','Silver','AHM-CG-2'),
('AHM-CG-2-41','Silver','AHM-CG-2'),
('AHM-CG-2-42','Silver','AHM-CG-2'),
('AHM-CG-2-43','Silver','AHM-CG-2'),
('AHM-CG-2-44','Silver','AHM-CG-2'),
('AHM-CG-2-45','Silver','AHM-CG-2'),
('AHM-CG-2-46','Silver','AHM-CG-2'),
('AHM-CG-2-47','Silver','AHM-CG-2'),
('AHM-CG-2-48','Silver','AHM-CG-2'),
('AHM-CG-2-49','Silver','AHM-CG-2'),
('AHM-CG-2-50','Silver','AHM-CG-2'),
('AHM-CIN-1-01','Platinum','AHM-CIN-1'),
('AHM-CIN-1-02','Platinum','AHM-CIN-1'),
('AHM-CIN-1-03','Platinum','AHM-CIN-1'),
('AHM-CIN-1-04','Platinum','AHM-CIN-1'),
('AHM-CIN-1-05','Platinum','AHM-CIN-1'),
('AHM-CIN-1-06','Platinum','AHM-CIN-1'),
('AHM-CIN-1-07','Platinum','AHM-CIN-1'),
('AHM-CIN-1-08','Platinum','AHM-CIN-1'),
('AHM-CIN-1-09','Platinum','AHM-CIN-1'),
('AHM-CIN-1-10','Platinum','AHM-CIN-1'),
('AHM-CIN-1-11','Gold','AHM-CIN-1'),
('AHM-CIN-1-12','Gold','AHM-CIN-1'),
('AHM-CIN-1-13','Gold','AHM-CIN-1'),
('AHM-CIN-1-14','Gold','AHM-CIN-1'),
('AHM-CIN-1-15','Gold','AHM-CIN-1'),
('AHM-CIN-1-16','Gold','AHM-CIN-1'),
('AHM-CIN-1-17','Gold','AHM-CIN-1'),
('AHM-CIN-1-18','Gold','AHM-CIN-1'),
('AHM-CIN-1-19','Gold','AHM-CIN-1'),
('AHM-CIN-1-20','Gold','AHM-CIN-1'),
('AHM-CIN-1-21','Gold','AHM-CIN-1'),
('AHM-CIN-1-22','Gold','AHM-CIN-1'),
('AHM-CIN-1-23','Gold','AHM-CIN-1'),
('AHM-CIN-1-24','Gold','AHM-CIN-1'),
('AHM-CIN-1-25','Gold','AHM-CIN-1'),
('AHM-CIN-1-26','Gold','AHM-CIN-1'),
('AHM-CIN-1-27','Gold','AHM-CIN-1'),
('AHM-CIN-1-28','Gold','AHM-CIN-1'),
('AHM-CIN-1-29','Gold','AHM-CIN-1'),
('AHM-CIN-1-30','Gold','AHM-CIN-1'),
('AHM-CIN-1-31','Silver','AHM-CIN-1'),
('AHM-CIN-1-32','Silver','AHM-CIN-1'),
('AHM-CIN-1-33','Silver','AHM-CIN-1'),
('AHM-CIN-1-34','Silver','AHM-CIN-1'),
('AHM-CIN-1-35','Silver','AHM-CIN-1'),
('AHM-CIN-1-36','Silver','AHM-CIN-1'),
('AHM-CIN-1-37','Silver','AHM-CIN-1'),
('AHM-CIN-1-38','Silver','AHM-CIN-1'),
('AHM-CIN-1-39','Silver','AHM-CIN-1'),
('AHM-CIN-1-40','Silver','AHM-CIN-1'),
('AHM-CIN-1-41','Silver','AHM-CIN-1'),
('AHM-CIN-1-42','Silver','AHM-CIN-1'),
('AHM-CIN-1-43','Silver','AHM-CIN-1'),
('AHM-CIN-1-44','Silver','AHM-CIN-1'),
('AHM-CIN-1-45','Silver','AHM-CIN-1'),
('AHM-CIN-1-46','Silver','AHM-CIN-1'),('AHM-CIN-1-47','Silver','AHM-CIN-1'),('AHM-CIN-1-48','Silver','AHM-CIN-1'),('AHM-CIN-1-49','Silver','AHM-CIN-1'),('AHM-CIN-1-50','Silver','AHM-CIN-1'),('AHM-GMDC-01','Platinum','AHM-GMDC'),('AHM-GMDC-02','Platinum','AHM-GMDC'),('AHM-GMDC-03','Platinum','AHM-GMDC'),('AHM-GMDC-04','Platinum','AHM-GMDC'),('AHM-GMDC-05','Platinum','AHM-GMDC'),('AHM-GMDC-06','Platinum','AHM-GMDC'),('AHM-GMDC-07','Platinum','AHM-GMDC'),('AHM-GMDC-08','Platinum','AHM-GMDC'),('AHM-GMDC-09','Platinum','AHM-GMDC'),('AHM-GMDC-10','Platinum','AHM-GMDC'),('AHM-GMDC-100','Platinum','AHM-GMDC'),('AHM-GMDC-101','Gold','AHM-GMDC'),('AHM-GMDC-102','Gold','AHM-GMDC'),('AHM-GMDC-103','Gold','AHM-GMDC'),('AHM-GMDC-104','Gold','AHM-GMDC'),('AHM-GMDC-105','Gold','AHM-GMDC'),('AHM-GMDC-106','Gold','AHM-GMDC'),('AHM-GMDC-107','Gold','AHM-GMDC'),('AHM-GMDC-108','Gold','AHM-GMDC'),('AHM-GMDC-109','Gold','AHM-GMDC'),('AHM-GMDC-11','Platinum','AHM-GMDC'),('AHM-GMDC-110','Gold','AHM-GMDC'),('AHM-GMDC-111','Gold','AHM-GMDC'),('AHM-GMDC-112','Gold','AHM-GMDC'),('AHM-GMDC-113','Gold','AHM-GMDC'),('AHM-GMDC-114','Gold','AHM-GMDC'),('AHM-GMDC-115','Gold','AHM-GMDC'),('AHM-GMDC-116','Gold','AHM-GMDC'),('AHM-GMDC-117','Gold','AHM-GMDC'),('AHM-GMDC-118','Gold','AHM-GMDC'),('AHM-GMDC-119','Gold','AHM-GMDC'),('AHM-GMDC-12','Platinum','AHM-GMDC'),('AHM-GMDC-120','Gold','AHM-GMDC'),('AHM-GMDC-121','Gold','AHM-GMDC'),('AHM-GMDC-122','Gold','AHM-GMDC'),('AHM-GMDC-123','Gold','AHM-GMDC'),('AHM-GMDC-124','Gold','AHM-GMDC'),('AHM-GMDC-125','Gold','AHM-GMDC'),('AHM-GMDC-126','Gold','AHM-GMDC'),('AHM-GMDC-127','Gold','AHM-GMDC'),('AHM-GMDC-128','Gold','AHM-GMDC'),('AHM-GMDC-129','Gold','AHM-GMDC'),('AHM-GMDC-13','Platinum','AHM-GMDC'),('AHM-GMDC-130','Gold','AHM-GMDC'),('AHM-GMDC-131','Gold','AHM-GMDC'),('AHM-GMDC-132','Gold','AHM-GMDC'),('AHM-GMDC-133','Gold','AHM-GMDC'),('AHM-GMDC-134','Gold','AHM-GMDC'),('AHM-GMDC-135','Gold','AHM-GMDC'),('AHM-GMDC-136','Gold','AHM-GMDC'),('AHM-GMDC-137','Gold','AHM-GMDC'),('AHM-GMDC-138','Gold','AHM-GMDC'),('AHM-GMDC-139','Gold','AHM-GMDC'),('AHM-GMDC-14','Platinum','AHM-GMDC'),('AHM-GMDC-140','Gold','AHM-GMDC'),('AHM-GMDC-141','Gold','AHM-GMDC'),('AHM-GMDC-142','Gold','AHM-GMDC'),('AHM-GMDC-143','Gold','AHM-GMDC'),('AHM-GMDC-144','Gold','AHM-GMDC'),('AHM-GMDC-145','Gold','AHM-GMDC'),('AHM-GMDC-146','Gold','AHM-GMDC'),('AHM-GMDC-147','Gold','AHM-GMDC'),('AHM-GMDC-148','Gold','AHM-GMDC'),('AHM-GMDC-149','Gold','AHM-GMDC'),('AHM-GMDC-15','Platinum','AHM-GMDC'),('AHM-GMDC-150','Gold','AHM-GMDC'),('AHM-GMDC-151','Gold','AHM-GMDC'),('AHM-GMDC-152','Gold','AHM-GMDC'),('AHM-GMDC-153','Gold','AHM-GMDC'),('AHM-GMDC-154','Gold','AHM-GMDC'),('AHM-GMDC-155','Gold','AHM-GMDC'),('AHM-GMDC-156','Gold','AHM-GMDC'),('AHM-GMDC-157','Gold','AHM-GMDC'),('AHM-GMDC-158','Gold','AHM-GMDC'),('AHM-GMDC-159','Gold','AHM-GMDC'),('AHM-GMDC-16','Platinum','AHM-GMDC'),('AHM-GMDC-160','Gold','AHM-GMDC'),('AHM-GMDC-161','Gold','AHM-GMDC'),('AHM-GMDC-162','Gold','AHM-GMDC'),('AHM-GMDC-163','Gold','AHM-GMDC'),('AHM-GMDC-164','Gold','AHM-GMDC'),('AHM-GMDC-165','Gold','AHM-GMDC'),('AHM-GMDC-166','Gold','AHM-GMDC'),('AHM-GMDC-167','Gold','AHM-GMDC'),('AHM-GMDC-168','Gold','AHM-GMDC'),('AHM-GMDC-169','Gold','AHM-GMDC'),('AHM-GMDC-17','Platinum','AHM-GMDC'),('AHM-GMDC-170','Gold','AHM-GMDC'),('AHM-GMDC-171','Gold','AHM-GMDC'),('AHM-GMDC-172','Gold','AHM-GMDC'),('AHM-GMDC-173','Gold','AHM-GMDC'),('AHM-GMDC-174','Gold','AHM-GMDC'),('AHM-GMDC-175','Gold','AHM-GMDC'),('AHM-GMDC-176','Gold','AHM-GMDC'),('AHM-GMDC-177','Gold','AHM-GMDC'),('AHM-GMDC-178','Gold','AHM-GMDC'),('AHM-GMDC-179','Gold','AHM-GMDC'),('AHM-GMDC-18','Platinum','AHM-GMDC'),('AHM-GMDC-180','Gold','AHM-GMDC'),('AHM-GMDC-181','Gold','AHM-GMDC'),('AHM-GMDC-182','Gold','AHM-GMDC'),('AHM-GMDC-183','Gold','AHM-GMDC'),('AHM-GMDC-184','Gold','AHM-GMDC'),('AHM-GMDC-185','Gold','AHM-GMDC'),('AHM-GMDC-186','Gold','AHM-GMDC'),('AHM-GMDC-187','Gold','AHM-GMDC'),('AHM-GMDC-188','Gold','AHM-GMDC'),('AHM-GMDC-189','Gold','AHM-GMDC'),('AHM-GMDC-19','Platinum','AHM-GMDC'),('AHM-GMDC-190','Gold','AHM-GMDC'),('AHM-GMDC-191','Gold','AHM-GMDC'),('AHM-GMDC-192','Gold','AHM-GMDC'),('AHM-GMDC-193','Gold','AHM-GMDC'),('AHM-GMDC-194','Gold','AHM-GMDC'),('AHM-GMDC-195','Gold','AHM-GMDC'),('AHM-GMDC-196','Gold','AHM-GMDC'),('AHM-GMDC-197','Gold','AHM-GMDC'),('AHM-GMDC-198','Gold','AHM-GMDC'),('AHM-GMDC-199','Gold','AHM-GMDC'),('AHM-GMDC-20','Platinum','AHM-GMDC'),('AHM-GMDC-200','Gold','AHM-GMDC'),('AHM-GMDC-201','Gold','AHM-GMDC'),('AHM-GMDC-202','Gold','AHM-GMDC'),('AHM-GMDC-203','Gold','AHM-GMDC'),('AHM-GMDC-204','Gold','AHM-GMDC'),('AHM-GMDC-205','Gold','AHM-GMDC'),('AHM-GMDC-206','Gold','AHM-GMDC'),('AHM-GMDC-207','Gold','AHM-GMDC'),('AHM-GMDC-208','Gold','AHM-GMDC'),('AHM-GMDC-209','Gold','AHM-GMDC'),('AHM-GMDC-21','Platinum','AHM-GMDC'),('AHM-GMDC-210','Gold','AHM-GMDC'),('AHM-GMDC-211','Gold','AHM-GMDC'),('AHM-GMDC-212','Gold','AHM-GMDC'),('AHM-GMDC-213','Gold','AHM-GMDC'),('AHM-GMDC-214','Gold','AHM-GMDC'),('AHM-GMDC-215','Gold','AHM-GMDC'),('AHM-GMDC-216','Gold','AHM-GMDC'),('AHM-GMDC-217','Gold','AHM-GMDC'),('AHM-GMDC-218','Gold','AHM-GMDC'),('AHM-GMDC-219','Gold','AHM-GMDC'),('AHM-GMDC-22','Platinum','AHM-GMDC'),('AHM-GMDC-220','Gold','AHM-GMDC'),('AHM-GMDC-221','Gold','AHM-GMDC'),('AHM-GMDC-222','Gold','AHM-GMDC'),('AHM-GMDC-223','Gold','AHM-GMDC'),('AHM-GMDC-224','Gold','AHM-GMDC'),('AHM-GMDC-225','Gold','AHM-GMDC'),('AHM-GMDC-226','Gold','AHM-GMDC'),('AHM-GMDC-227','Gold','AHM-GMDC'),('AHM-GMDC-228','Gold','AHM-GMDC'),('AHM-GMDC-229','Gold','AHM-GMDC'),('AHM-GMDC-23','Platinum','AHM-GMDC'),('AHM-GMDC-230','Gold','AHM-GMDC'),('AHM-GMDC-231','Gold','AHM-GMDC'),('AHM-GMDC-232','Gold','AHM-GMDC'),('AHM-GMDC-233','Gold','AHM-GMDC'),('AHM-GMDC-234','Gold','AHM-GMDC'),('AHM-GMDC-235','Gold','AHM-GMDC'),('AHM-GMDC-236','Gold','AHM-GMDC'),('AHM-GMDC-237','Gold','AHM-GMDC'),('AHM-GMDC-238','Gold','AHM-GMDC'),('AHM-GMDC-239','Gold','AHM-GMDC'),('AHM-GMDC-24','Platinum','AHM-GMDC'),('AHM-GMDC-240','Gold','AHM-GMDC'),('AHM-GMDC-241','Gold','AHM-GMDC'),('AHM-GMDC-242','Gold','AHM-GMDC'),('AHM-GMDC-243','Gold','AHM-GMDC'),('AHM-GMDC-244','Gold','AHM-GMDC'),('AHM-GMDC-245','Gold','AHM-GMDC'),('AHM-GMDC-246','Gold','AHM-GMDC'),('AHM-GMDC-247','Gold','AHM-GMDC'),('AHM-GMDC-248','Gold','AHM-GMDC'),('AHM-GMDC-249','Gold','AHM-GMDC'),('AHM-GMDC-25','Platinum','AHM-GMDC'),('AHM-GMDC-250','Gold','AHM-GMDC'),('AHM-GMDC-251','Gold','AHM-GMDC'),('AHM-GMDC-252','Gold','AHM-GMDC'),('AHM-GMDC-253','Gold','AHM-GMDC'),('AHM-GMDC-254','Gold','AHM-GMDC'),('AHM-GMDC-255','Gold','AHM-GMDC'),('AHM-GMDC-256','Gold','AHM-GMDC'),('AHM-GMDC-257','Gold','AHM-GMDC'),('AHM-GMDC-258','Gold','AHM-GMDC'),('AHM-GMDC-259','Gold','AHM-GMDC'),('AHM-GMDC-26','Platinum','AHM-GMDC'),('AHM-GMDC-260','Gold','AHM-GMDC'),('AHM-GMDC-261','Gold','AHM-GMDC'),('AHM-GMDC-262','Gold','AHM-GMDC'),('AHM-GMDC-263','Gold','AHM-GMDC'),('AHM-GMDC-264','Gold','AHM-GMDC'),('AHM-GMDC-265','Gold','AHM-GMDC'),('AHM-GMDC-266','Gold','AHM-GMDC'),('AHM-GMDC-267','Gold','AHM-GMDC'),('AHM-GMDC-268','Gold','AHM-GMDC'),('AHM-GMDC-269','Gold','AHM-GMDC'),('AHM-GMDC-27','Platinum','AHM-GMDC'),('AHM-GMDC-270','Gold','AHM-GMDC'),('AHM-GMDC-271','Gold','AHM-GMDC'),('AHM-GMDC-272','Gold','AHM-GMDC'),('AHM-GMDC-273','Gold','AHM-GMDC'),('AHM-GMDC-274','Gold','AHM-GMDC'),('AHM-GMDC-275','Gold','AHM-GMDC'),('AHM-GMDC-276','Gold','AHM-GMDC'),('AHM-GMDC-277','Gold','AHM-GMDC'),('AHM-GMDC-278','Gold','AHM-GMDC'),('AHM-GMDC-279','Gold','AHM-GMDC'),('AHM-GMDC-28','Platinum','AHM-GMDC'),('AHM-GMDC-280','Gold','AHM-GMDC'),('AHM-GMDC-281','Gold','AHM-GMDC'),('AHM-GMDC-282','Gold','AHM-GMDC'),('AHM-GMDC-283','Gold','AHM-GMDC'),('AHM-GMDC-284','Gold','AHM-GMDC'),('AHM-GMDC-285','Gold','AHM-GMDC'),('AHM-GMDC-286','Gold','AHM-GMDC'),('AHM-GMDC-287','Gold','AHM-GMDC'),('AHM-GMDC-288','Gold','AHM-GMDC'),('AHM-GMDC-289','Gold','AHM-GMDC'),('AHM-GMDC-29','Platinum','AHM-GMDC'),('AHM-GMDC-290','Gold','AHM-GMDC'),('AHM-GMDC-291','Gold','AHM-GMDC'),('AHM-GMDC-292','Gold','AHM-GMDC'),('AHM-GMDC-293','Gold','AHM-GMDC'),('AHM-GMDC-294','Gold','AHM-GMDC'),('AHM-GMDC-295','Gold','AHM-GMDC'),('AHM-GMDC-296','Gold','AHM-GMDC'),('AHM-GMDC-297','Gold','AHM-GMDC'),('AHM-GMDC-298','Gold','AHM-GMDC'),('AHM-GMDC-299','Gold','AHM-GMDC'),('AHM-GMDC-30','Platinum','AHM-GMDC'),('AHM-GMDC-300','Gold','AHM-GMDC'),('AHM-GMDC-301','Silver','AHM-GMDC'),('AHM-GMDC-302','Silver','AHM-GMDC'),('AHM-GMDC-303','Silver','AHM-GMDC'),('AHM-GMDC-304','Silver','AHM-GMDC'),('AHM-GMDC-305','Silver','AHM-GMDC'),('AHM-GMDC-306','Silver','AHM-GMDC'),('AHM-GMDC-307','Silver','AHM-GMDC'),('AHM-GMDC-308','Silver','AHM-GMDC'),('AHM-GMDC-309','Silver','AHM-GMDC'),('AHM-GMDC-31','Platinum','AHM-GMDC'),('AHM-GMDC-310','Silver','AHM-GMDC'),('AHM-GMDC-311','Silver','AHM-GMDC'),('AHM-GMDC-312','Silver','AHM-GMDC'),('AHM-GMDC-313','Silver','AHM-GMDC'),('AHM-GMDC-314','Silver','AHM-GMDC'),('AHM-GMDC-315','Silver','AHM-GMDC'),('AHM-GMDC-316','Silver','AHM-GMDC'),('AHM-GMDC-317','Silver','AHM-GMDC'),('AHM-GMDC-318','Silver','AHM-GMDC'),('AHM-GMDC-319','Silver','AHM-GMDC'),('AHM-GMDC-32','Platinum','AHM-GMDC'),('AHM-GMDC-320','Silver','AHM-GMDC'),('AHM-GMDC-321','Silver','AHM-GMDC'),('AHM-GMDC-322','Silver','AHM-GMDC'),('AHM-GMDC-323','Silver','AHM-GMDC'),('AHM-GMDC-324','Silver','AHM-GMDC'),('AHM-GMDC-325','Silver','AHM-GMDC'),('AHM-GMDC-326','Silver','AHM-GMDC'),('AHM-GMDC-327','Silver','AHM-GMDC'),('AHM-GMDC-328','Silver','AHM-GMDC'),('AHM-GMDC-329','Silver','AHM-GMDC'),('AHM-GMDC-33','Platinum','AHM-GMDC'),('AHM-GMDC-330','Silver','AHM-GMDC'),('AHM-GMDC-331','Silver','AHM-GMDC'),('AHM-GMDC-332','Silver','AHM-GMDC'),('AHM-GMDC-333','Silver','AHM-GMDC'),('AHM-GMDC-334','Silver','AHM-GMDC'),('AHM-GMDC-335','Silver','AHM-GMDC'),('AHM-GMDC-336','Silver','AHM-GMDC'),('AHM-GMDC-337','Silver','AHM-GMDC'),('AHM-GMDC-338','Silver','AHM-GMDC'),('AHM-GMDC-339','Silver','AHM-GMDC'),('AHM-GMDC-34','Platinum','AHM-GMDC'),('AHM-GMDC-340','Silver','AHM-GMDC'),('AHM-GMDC-341','Silver','AHM-GMDC'),('AHM-GMDC-342','Silver','AHM-GMDC'),('AHM-GMDC-343','Silver','AHM-GMDC'),('AHM-GMDC-344','Silver','AHM-GMDC'),('AHM-GMDC-345','Silver','AHM-GMDC'),('AHM-GMDC-346','Silver','AHM-GMDC'),('AHM-GMDC-347','Silver','AHM-GMDC'),('AHM-GMDC-348','Silver','AHM-GMDC'),('AHM-GMDC-349','Silver','AHM-GMDC'),('AHM-GMDC-35','Platinum','AHM-GMDC'),('AHM-GMDC-350','Silver','AHM-GMDC'),('AHM-GMDC-351','Silver','AHM-GMDC'),('AHM-GMDC-352','Silver','AHM-GMDC'),('AHM-GMDC-353','Silver','AHM-GMDC'),('AHM-GMDC-354','Silver','AHM-GMDC'),('AHM-GMDC-355','Silver','AHM-GMDC'),('AHM-GMDC-356','Silver','AHM-GMDC'),('AHM-GMDC-357','Silver','AHM-GMDC'),('AHM-GMDC-358','Silver','AHM-GMDC'),('AHM-GMDC-359','Silver','AHM-GMDC'),('AHM-GMDC-36','Platinum','AHM-GMDC'),('AHM-GMDC-360','Silver','AHM-GMDC'),('AHM-GMDC-361','Silver','AHM-GMDC'),('AHM-GMDC-362','Silver','AHM-GMDC'),('AHM-GMDC-363','Silver','AHM-GMDC'),('AHM-GMDC-364','Silver','AHM-GMDC'),('AHM-GMDC-365','Silver','AHM-GMDC'),('AHM-GMDC-366','Silver','AHM-GMDC'),('AHM-GMDC-367','Silver','AHM-GMDC'),('AHM-GMDC-368','Silver','AHM-GMDC'),('AHM-GMDC-369','Silver','AHM-GMDC'),('AHM-GMDC-37','Platinum','AHM-GMDC'),('AHM-GMDC-370','Silver','AHM-GMDC'),('AHM-GMDC-371','Silver','AHM-GMDC'),('AHM-GMDC-372','Silver','AHM-GMDC'),('AHM-GMDC-373','Silver','AHM-GMDC'),('AHM-GMDC-374','Silver','AHM-GMDC'),('AHM-GMDC-375','Silver','AHM-GMDC'),('AHM-GMDC-376','Silver','AHM-GMDC'),('AHM-GMDC-377','Silver','AHM-GMDC'),('AHM-GMDC-378','Silver','AHM-GMDC'),('AHM-GMDC-379','Silver','AHM-GMDC'),('AHM-GMDC-38','Platinum','AHM-GMDC'),('AHM-GMDC-380','Silver','AHM-GMDC'),('AHM-GMDC-381','Silver','AHM-GMDC'),('AHM-GMDC-382','Silver','AHM-GMDC'),('AHM-GMDC-383','Silver','AHM-GMDC'),('AHM-GMDC-384','Silver','AHM-GMDC'),('AHM-GMDC-385','Silver','AHM-GMDC'),('AHM-GMDC-386','Silver','AHM-GMDC'),('AHM-GMDC-387','Silver','AHM-GMDC'),('AHM-GMDC-388','Silver','AHM-GMDC'),('AHM-GMDC-389','Silver','AHM-GMDC'),('AHM-GMDC-39','Platinum','AHM-GMDC'),('AHM-GMDC-390','Silver','AHM-GMDC'),('AHM-GMDC-391','Silver','AHM-GMDC'),('AHM-GMDC-392','Silver','AHM-GMDC'),('AHM-GMDC-393','Silver','AHM-GMDC'),('AHM-GMDC-394','Silver','AHM-GMDC'),('AHM-GMDC-395','Silver','AHM-GMDC'),('AHM-GMDC-396','Silver','AHM-GMDC'),('AHM-GMDC-397','Silver','AHM-GMDC'),('AHM-GMDC-398','Silver','AHM-GMDC'),('AHM-GMDC-399','Silver','AHM-GMDC'),('AHM-GMDC-40','Platinum','AHM-GMDC'),('AHM-GMDC-400','Silver','AHM-GMDC'),('AHM-GMDC-401','Silver','AHM-GMDC'),('AHM-GMDC-402','Silver','AHM-GMDC'),('AHM-GMDC-403','Silver','AHM-GMDC'),('AHM-GMDC-404','Silver','AHM-GMDC'),('AHM-GMDC-405','Silver','AHM-GMDC'),('AHM-GMDC-406','Silver','AHM-GMDC'),('AHM-GMDC-407','Silver','AHM-GMDC'),('AHM-GMDC-408','Silver','AHM-GMDC'),('AHM-GMDC-409','Silver','AHM-GMDC'),('AHM-GMDC-41','Platinum','AHM-GMDC'),('AHM-GMDC-410','Silver','AHM-GMDC'),('AHM-GMDC-411','Silver','AHM-GMDC'),('AHM-GMDC-412','Silver','AHM-GMDC'),('AHM-GMDC-413','Silver','AHM-GMDC'),('AHM-GMDC-414','Silver','AHM-GMDC'),('AHM-GMDC-415','Silver','AHM-GMDC'),('AHM-GMDC-416','Silver','AHM-GMDC'),('AHM-GMDC-417','Silver','AHM-GMDC'),('AHM-GMDC-418','Silver','AHM-GMDC'),('AHM-GMDC-419','Silver','AHM-GMDC'),('AHM-GMDC-42','Platinum','AHM-GMDC'),('AHM-GMDC-420','Silver','AHM-GMDC'),('AHM-GMDC-421','Silver','AHM-GMDC'),('AHM-GMDC-422','Silver','AHM-GMDC'),('AHM-GMDC-423','Silver','AHM-GMDC'),('AHM-GMDC-424','Silver','AHM-GMDC'),('AHM-GMDC-425','Silver','AHM-GMDC'),('AHM-GMDC-426','Silver','AHM-GMDC'),('AHM-GMDC-427','Silver','AHM-GMDC'),('AHM-GMDC-428','Silver','AHM-GMDC'),('AHM-GMDC-429','Silver','AHM-GMDC'),('AHM-GMDC-43','Platinum','AHM-GMDC'),('AHM-GMDC-430','Silver','AHM-GMDC'),('AHM-GMDC-431','Silver','AHM-GMDC'),('AHM-GMDC-432','Silver','AHM-GMDC'),('AHM-GMDC-433','Silver','AHM-GMDC'),('AHM-GMDC-434','Silver','AHM-GMDC'),('AHM-GMDC-435','Silver','AHM-GMDC'),('AHM-GMDC-436','Silver','AHM-GMDC'),('AHM-GMDC-437','Silver','AHM-GMDC'),('AHM-GMDC-438','Silver','AHM-GMDC'),('AHM-GMDC-439','Silver','AHM-GMDC'),('AHM-GMDC-44','Platinum','AHM-GMDC'),('AHM-GMDC-440','Silver','AHM-GMDC'),('AHM-GMDC-441','Silver','AHM-GMDC'),('AHM-GMDC-442','Silver','AHM-GMDC'),('AHM-GMDC-443','Silver','AHM-GMDC'),('AHM-GMDC-444','Silver','AHM-GMDC'),('AHM-GMDC-445','Silver','AHM-GMDC'),('AHM-GMDC-446','Silver','AHM-GMDC'),('AHM-GMDC-447','Silver','AHM-GMDC'),('AHM-GMDC-448','Silver','AHM-GMDC'),('AHM-GMDC-449','Silver','AHM-GMDC'),('AHM-GMDC-45','Platinum','AHM-GMDC'),('AHM-GMDC-450','Silver','AHM-GMDC'),('AHM-GMDC-451','Silver','AHM-GMDC'),('AHM-GMDC-452','Silver','AHM-GMDC'),('AHM-GMDC-453','Silver','AHM-GMDC'),('AHM-GMDC-454','Silver','AHM-GMDC'),('AHM-GMDC-455','Silver','AHM-GMDC'),('AHM-GMDC-456','Silver','AHM-GMDC'),('AHM-GMDC-457','Silver','AHM-GMDC'),('AHM-GMDC-458','Silver','AHM-GMDC'),('AHM-GMDC-459','Silver','AHM-GMDC'),('AHM-GMDC-46','Platinum','AHM-GMDC'),('AHM-GMDC-460','Silver','AHM-GMDC'),('AHM-GMDC-461','Silver','AHM-GMDC'),('AHM-GMDC-462','Silver','AHM-GMDC'),('AHM-GMDC-463','Silver','AHM-GMDC'),('AHM-GMDC-464','Silver','AHM-GMDC'),('AHM-GMDC-465','Silver','AHM-GMDC'),('AHM-GMDC-466','Silver','AHM-GMDC'),('AHM-GMDC-467','Silver','AHM-GMDC'),('AHM-GMDC-468','Silver','AHM-GMDC'),('AHM-GMDC-469','Silver','AHM-GMDC'),('AHM-GMDC-47','Platinum','AHM-GMDC'),('AHM-GMDC-470','Silver','AHM-GMDC'),('AHM-GMDC-471','Silver','AHM-GMDC'),('AHM-GMDC-472','Silver','AHM-GMDC'),('AHM-GMDC-473','Silver','AHM-GMDC'),('AHM-GMDC-474','Silver','AHM-GMDC'),('AHM-GMDC-475','Silver','AHM-GMDC'),('AHM-GMDC-476','Silver','AHM-GMDC'),('AHM-GMDC-477','Silver','AHM-GMDC'),('AHM-GMDC-478','Silver','AHM-GMDC'),('AHM-GMDC-479','Silver','AHM-GMDC'),('AHM-GMDC-48','Platinum','AHM-GMDC'),('AHM-GMDC-480','Silver','AHM-GMDC'),('AHM-GMDC-481','Silver','AHM-GMDC'),('AHM-GMDC-482','Silver','AHM-GMDC'),('AHM-GMDC-483','Silver','AHM-GMDC'),('AHM-GMDC-484','Silver','AHM-GMDC'),('AHM-GMDC-485','Silver','AHM-GMDC'),('AHM-GMDC-486','Silver','AHM-GMDC'),('AHM-GMDC-487','Silver','AHM-GMDC'),('AHM-GMDC-488','Silver','AHM-GMDC'),('AHM-GMDC-489','Silver','AHM-GMDC'),('AHM-GMDC-49','Platinum','AHM-GMDC'),('AHM-GMDC-490','Silver','AHM-GMDC'),('AHM-GMDC-491','Silver','AHM-GMDC'),('AHM-GMDC-492','Silver','AHM-GMDC'),('AHM-GMDC-493','Silver','AHM-GMDC'),('AHM-GMDC-494','Silver','AHM-GMDC'),('AHM-GMDC-495','Silver','AHM-GMDC'),('AHM-GMDC-496','Silver','AHM-GMDC'),('AHM-GMDC-497','Silver','AHM-GMDC'),('AHM-GMDC-498','Silver','AHM-GMDC'),('AHM-GMDC-499','Silver','AHM-GMDC'),('AHM-GMDC-50','Platinum','AHM-GMDC'),('AHM-GMDC-500','Silver','AHM-GMDC'),('AHM-GMDC-51','Platinum','AHM-GMDC'),('AHM-GMDC-52','Platinum','AHM-GMDC'),('AHM-GMDC-53','Platinum','AHM-GMDC'),('AHM-GMDC-54','Platinum','AHM-GMDC'),('AHM-GMDC-55','Platinum','AHM-GMDC'),('AHM-GMDC-56','Platinum','AHM-GMDC'),('AHM-GMDC-57','Platinum','AHM-GMDC'),('AHM-GMDC-58','Platinum','AHM-GMDC'),('AHM-GMDC-59','Platinum','AHM-GMDC'),('AHM-GMDC-60','Platinum','AHM-GMDC'),('AHM-GMDC-61','Platinum','AHM-GMDC'),('AHM-GMDC-62','Platinum','AHM-GMDC'),('AHM-GMDC-63','Platinum','AHM-GMDC'),('AHM-GMDC-64','Platinum','AHM-GMDC'),('AHM-GMDC-65','Platinum','AHM-GMDC'),('AHM-GMDC-66','Platinum','AHM-GMDC'),('AHM-GMDC-67','Platinum','AHM-GMDC'),('AHM-GMDC-68','Platinum','AHM-GMDC'),('AHM-GMDC-69','Platinum','AHM-GMDC'),('AHM-GMDC-70','Platinum','AHM-GMDC'),('AHM-GMDC-71','Platinum','AHM-GMDC'),('AHM-GMDC-72','Platinum','AHM-GMDC'),('AHM-GMDC-73','Platinum','AHM-GMDC'),('AHM-GMDC-74','Platinum','AHM-GMDC'),('AHM-GMDC-75','Platinum','AHM-GMDC'),('AHM-GMDC-76','Platinum','AHM-GMDC'),('AHM-GMDC-77','Platinum','AHM-GMDC'),('AHM-GMDC-78','Platinum','AHM-GMDC'),('AHM-GMDC-79','Platinum','AHM-GMDC'),('AHM-GMDC-80','Platinum','AHM-GMDC'),('AHM-GMDC-81','Platinum','AHM-GMDC'),('AHM-GMDC-82','Platinum','AHM-GMDC'),('AHM-GMDC-83','Platinum','AHM-GMDC'),('AHM-GMDC-84','Platinum','AHM-GMDC'),('AHM-GMDC-85','Platinum','AHM-GMDC'),('AHM-GMDC-86','Platinum','AHM-GMDC'),('AHM-GMDC-87','Platinum','AHM-GMDC'),('AHM-GMDC-88','Platinum','AHM-GMDC'),('AHM-GMDC-89','Platinum','AHM-GMDC'),('AHM-GMDC-90','Platinum','AHM-GMDC'),('AHM-GMDC-91','Platinum','AHM-GMDC'),('AHM-GMDC-92','Platinum','AHM-GMDC'),('AHM-GMDC-93','Platinum','AHM-GMDC'),('AHM-GMDC-94','Platinum','AHM-GMDC'),('AHM-GMDC-95','Platinum','AHM-GMDC'),('AHM-GMDC-96','Platinum','AHM-GMDC'),('AHM-GMDC-97','Platinum','AHM-GMDC'),('AHM-GMDC-98','Platinum','AHM-GMDC'),('AHM-GMDC-99','Platinum','AHM-GMDC'),('AHM-IET-01','Platinum','AHM-IET'),('AHM-IET-02','Platinum','AHM-IET'),('AHM-IET-03','Platinum','AHM-IET'),('AHM-IET-04','Platinum','AHM-IET'),('AHM-IET-05','Platinum','AHM-IET'),('AHM-IET-06','Platinum','AHM-IET'),('AHM-IET-07','Platinum','AHM-IET'),('AHM-IET-08','Platinum','AHM-IET'),('AHM-IET-09','Platinum','AHM-IET'),('AHM-IET-10','Platinum','AHM-IET'),('AHM-IET-100','Platinum','AHM-IET'),('AHM-IET-101','Gold','AHM-IET'),('AHM-IET-102','Gold','AHM-IET'),('AHM-IET-103','Gold','AHM-IET'),('AHM-IET-104','Gold','AHM-IET'),('AHM-IET-105','Gold','AHM-IET'),('AHM-IET-106','Gold','AHM-IET'),('AHM-IET-107','Gold','AHM-IET'),('AHM-IET-108','Gold','AHM-IET'),('AHM-IET-109','Gold','AHM-IET'),('AHM-IET-11','Platinum','AHM-IET'),('AHM-IET-110','Gold','AHM-IET'),('AHM-IET-111','Gold','AHM-IET'),('AHM-IET-112','Gold','AHM-IET'),('AHM-IET-113','Gold','AHM-IET'),('AHM-IET-114','Gold','AHM-IET'),('AHM-IET-115','Gold','AHM-IET'),('AHM-IET-116','Gold','AHM-IET'),('AHM-IET-117','Gold','AHM-IET'),('AHM-IET-118','Gold','AHM-IET'),('AHM-IET-119','Gold','AHM-IET'),('AHM-IET-12','Platinum','AHM-IET'),('AHM-IET-120','Gold','AHM-IET'),('AHM-IET-121','Gold','AHM-IET'),('AHM-IET-122','Gold','AHM-IET'),('AHM-IET-123','Gold','AHM-IET'),('AHM-IET-124','Gold','AHM-IET'),('AHM-IET-125','Gold','AHM-IET'),('AHM-IET-126','Gold','AHM-IET'),('AHM-IET-127','Gold','AHM-IET'),('AHM-IET-128','Gold','AHM-IET'),('AHM-IET-129','Gold','AHM-IET'),('AHM-IET-13','Platinum','AHM-IET'),('AHM-IET-130','Gold','AHM-IET'),('AHM-IET-131','Gold','AHM-IET'),('AHM-IET-132','Gold','AHM-IET'),('AHM-IET-133','Gold','AHM-IET'),('AHM-IET-134','Gold','AHM-IET'),('AHM-IET-135','Gold','AHM-IET'),('AHM-IET-136','Gold','AHM-IET'),('AHM-IET-137','Gold','AHM-IET'),('AHM-IET-138','Gold','AHM-IET'),('AHM-IET-139','Gold','AHM-IET'),('AHM-IET-14','Platinum','AHM-IET'),('AHM-IET-140','Gold','AHM-IET'),('AHM-IET-141','Gold','AHM-IET'),('AHM-IET-142','Gold','AHM-IET'),('AHM-IET-143','Gold','AHM-IET'),('AHM-IET-144','Gold','AHM-IET'),('AHM-IET-145','Gold','AHM-IET'),('AHM-IET-146','Gold','AHM-IET'),('AHM-IET-147','Gold','AHM-IET'),('AHM-IET-148','Gold','AHM-IET'),('AHM-IET-149','Gold','AHM-IET'),('AHM-IET-15','Platinum','AHM-IET'),('AHM-IET-150','Gold','AHM-IET'),('AHM-IET-151','Gold','AHM-IET'),('AHM-IET-152','Gold','AHM-IET'),('AHM-IET-153','Gold','AHM-IET'),('AHM-IET-154','Gold','AHM-IET'),('AHM-IET-155','Gold','AHM-IET'),('AHM-IET-156','Gold','AHM-IET'),('AHM-IET-157','Gold','AHM-IET'),('AHM-IET-158','Gold','AHM-IET'),('AHM-IET-159','Gold','AHM-IET'),('AHM-IET-16','Platinum','AHM-IET'),('AHM-IET-160','Gold','AHM-IET'),('AHM-IET-161','Gold','AHM-IET'),('AHM-IET-162','Gold','AHM-IET'),('AHM-IET-163','Gold','AHM-IET'),('AHM-IET-164','Gold','AHM-IET'),('AHM-IET-165','Gold','AHM-IET'),('AHM-IET-166','Gold','AHM-IET'),('AHM-IET-167','Gold','AHM-IET'),('AHM-IET-168','Gold','AHM-IET'),('AHM-IET-169','Gold','AHM-IET'),('AHM-IET-17','Platinum','AHM-IET'),('AHM-IET-170','Gold','AHM-IET'),('AHM-IET-171','Gold','AHM-IET'),('AHM-IET-172','Gold','AHM-IET'),('AHM-IET-173','Gold','AHM-IET'),('AHM-IET-174','Gold','AHM-IET'),('AHM-IET-175','Gold','AHM-IET'),('AHM-IET-176','Gold','AHM-IET'),('AHM-IET-177','Gold','AHM-IET'),('AHM-IET-178','Gold','AHM-IET'),('AHM-IET-179','Gold','AHM-IET'),('AHM-IET-18','Platinum','AHM-IET'),('AHM-IET-180','Gold','AHM-IET'),('AHM-IET-181','Gold','AHM-IET'),('AHM-IET-182','Gold','AHM-IET'),('AHM-IET-183','Gold','AHM-IET'),('AHM-IET-184','Gold','AHM-IET'),('AHM-IET-185','Gold','AHM-IET'),('AHM-IET-186','Gold','AHM-IET'),('AHM-IET-187','Gold','AHM-IET'),('AHM-IET-188','Gold','AHM-IET'),('AHM-IET-189','Gold','AHM-IET'),('AHM-IET-19','Platinum','AHM-IET'),('AHM-IET-190','Gold','AHM-IET'),('AHM-IET-191','Gold','AHM-IET'),('AHM-IET-192','Gold','AHM-IET'),('AHM-IET-193','Gold','AHM-IET'),('AHM-IET-194','Gold','AHM-IET'),('AHM-IET-195','Gold','AHM-IET'),('AHM-IET-196','Gold','AHM-IET'),('AHM-IET-197','Gold','AHM-IET'),('AHM-IET-198','Gold','AHM-IET'),('AHM-IET-199','Gold','AHM-IET'),('AHM-IET-20','Platinum','AHM-IET'),('AHM-IET-200','Gold','AHM-IET'),('AHM-IET-201','Silver','AHM-IET'),('AHM-IET-202','Silver','AHM-IET'),('AHM-IET-203','Silver','AHM-IET'),('AHM-IET-204','Silver','AHM-IET'),('AHM-IET-205','Silver','AHM-IET'),('AHM-IET-206','Silver','AHM-IET'),('AHM-IET-207','Silver','AHM-IET'),('AHM-IET-208','Silver','AHM-IET'),('AHM-IET-209','Silver','AHM-IET'),('AHM-IET-21','Platinum','AHM-IET'),('AHM-IET-210','Silver','AHM-IET'),('AHM-IET-211','Silver','AHM-IET'),('AHM-IET-212','Silver','AHM-IET'),('AHM-IET-213','Silver','AHM-IET'),('AHM-IET-214','Silver','AHM-IET'),('AHM-IET-215','Silver','AHM-IET'),('AHM-IET-216','Silver','AHM-IET'),('AHM-IET-217','Silver','AHM-IET'),('AHM-IET-218','Silver','AHM-IET'),('AHM-IET-219','Silver','AHM-IET'),('AHM-IET-22','Platinum','AHM-IET'),('AHM-IET-220','Silver','AHM-IET'),('AHM-IET-221','Silver','AHM-IET'),('AHM-IET-222','Silver','AHM-IET'),('AHM-IET-223','Silver','AHM-IET'),('AHM-IET-224','Silver','AHM-IET'),('AHM-IET-225','Silver','AHM-IET'),('AHM-IET-226','Silver','AHM-IET'),('AHM-IET-227','Silver','AHM-IET'),('AHM-IET-228','Silver','AHM-IET'),('AHM-IET-229','Silver','AHM-IET'),('AHM-IET-23','Platinum','AHM-IET'),('AHM-IET-230','Silver','AHM-IET'),('AHM-IET-231','Silver','AHM-IET'),('AHM-IET-232','Silver','AHM-IET'),('AHM-IET-233','Silver','AHM-IET'),('AHM-IET-234','Silver','AHM-IET'),('AHM-IET-235','Silver','AHM-IET'),('AHM-IET-236','Silver','AHM-IET'),('AHM-IET-237','Silver','AHM-IET'),('AHM-IET-238','Silver','AHM-IET'),('AHM-IET-239','Silver','AHM-IET'),('AHM-IET-24','Platinum','AHM-IET'),('AHM-IET-240','Silver','AHM-IET'),('AHM-IET-241','Silver','AHM-IET'),('AHM-IET-242','Silver','AHM-IET'),('AHM-IET-243','Silver','AHM-IET'),('AHM-IET-244','Silver','AHM-IET'),('AHM-IET-245','Silver','AHM-IET'),('AHM-IET-246','Silver','AHM-IET'),('AHM-IET-247','Silver','AHM-IET'),('AHM-IET-248','Silver','AHM-IET'),('AHM-IET-249','Silver','AHM-IET'),('AHM-IET-25','Platinum','AHM-IET'),('AHM-IET-250','Silver','AHM-IET'),('AHM-IET-251','Silver','AHM-IET'),('AHM-IET-252','Silver','AHM-IET'),('AHM-IET-253','Silver','AHM-IET'),('AHM-IET-254','Silver','AHM-IET'),('AHM-IET-255','Silver','AHM-IET'),('AHM-IET-256','Silver','AHM-IET'),('AHM-IET-257','Silver','AHM-IET'),('AHM-IET-258','Silver','AHM-IET'),('AHM-IET-259','Silver','AHM-IET'),('AHM-IET-26','Platinum','AHM-IET'),('AHM-IET-260','Silver','AHM-IET'),('AHM-IET-261','Silver','AHM-IET'),('AHM-IET-262','Silver','AHM-IET'),('AHM-IET-263','Silver','AHM-IET'),('AHM-IET-264','Silver','AHM-IET'),('AHM-IET-265','Silver','AHM-IET'),('AHM-IET-266','Silver','AHM-IET'),('AHM-IET-267','Silver','AHM-IET'),('AHM-IET-268','Silver','AHM-IET'),('AHM-IET-269','Silver','AHM-IET'),('AHM-IET-27','Platinum','AHM-IET'),('AHM-IET-270','Silver','AHM-IET'),('AHM-IET-271','Silver','AHM-IET'),('AHM-IET-272','Silver','AHM-IET'),('AHM-IET-273','Silver','AHM-IET'),('AHM-IET-274','Silver','AHM-IET'),('AHM-IET-275','Silver','AHM-IET'),('AHM-IET-276','Silver','AHM-IET'),('AHM-IET-277','Silver','AHM-IET'),('AHM-IET-278','Silver','AHM-IET'),('AHM-IET-279','Silver','AHM-IET'),('AHM-IET-28','Platinum','AHM-IET'),('AHM-IET-280','Silver','AHM-IET'),('AHM-IET-281','Silver','AHM-IET'),('AHM-IET-282','Silver','AHM-IET'),('AHM-IET-283','Silver','AHM-IET'),('AHM-IET-284','Silver','AHM-IET'),('AHM-IET-285','Silver','AHM-IET'),('AHM-IET-286','Silver','AHM-IET'),('AHM-IET-287','Silver','AHM-IET'),('AHM-IET-288','Silver','AHM-IET'),('AHM-IET-289','Silver','AHM-IET'),('AHM-IET-29','Platinum','AHM-IET'),('AHM-IET-290','Silver','AHM-IET'),('AHM-IET-291','Silver','AHM-IET'),('AHM-IET-292','Silver','AHM-IET'),('AHM-IET-293','Silver','AHM-IET'),('AHM-IET-294','Silver','AHM-IET'),('AHM-IET-295','Silver','AHM-IET'),('AHM-IET-296','Silver','AHM-IET'),('AHM-IET-297','Silver','AHM-IET'),('AHM-IET-298','Silver','AHM-IET'),('AHM-IET-299','Silver','AHM-IET'),('AHM-IET-30','Platinum','AHM-IET'),('AHM-IET-300','Silver','AHM-IET'),('AHM-IET-31','Platinum','AHM-IET'),('AHM-IET-32','Platinum','AHM-IET'),('AHM-IET-33','Platinum','AHM-IET'),('AHM-IET-34','Platinum','AHM-IET'),('AHM-IET-35','Platinum','AHM-IET'),('AHM-IET-36','Platinum','AHM-IET'),('AHM-IET-37','Platinum','AHM-IET'),('AHM-IET-38','Platinum','AHM-IET'),('AHM-IET-39','Platinum','AHM-IET'),('AHM-IET-40','Platinum','AHM-IET'),('AHM-IET-41','Platinum','AHM-IET'),('AHM-IET-42','Platinum','AHM-IET'),('AHM-IET-43','Platinum','AHM-IET'),('AHM-IET-44','Platinum','AHM-IET'),('AHM-IET-45','Platinum','AHM-IET'),('AHM-IET-46','Platinum','AHM-IET'),('AHM-IET-47','Platinum','AHM-IET'),('AHM-IET-48','Platinum','AHM-IET'),('AHM-IET-49','Platinum','AHM-IET'),('AHM-IET-50','Platinum','AHM-IET'),('AHM-IET-51','Platinum','AHM-IET'),('AHM-IET-52','Platinum','AHM-IET'),('AHM-IET-53','Platinum','AHM-IET'),('AHM-IET-54','Platinum','AHM-IET'),('AHM-IET-55','Platinum','AHM-IET'),('AHM-IET-56','Platinum','AHM-IET'),('AHM-IET-57','Platinum','AHM-IET'),('AHM-IET-58','Platinum','AHM-IET'),('AHM-IET-59','Platinum','AHM-IET'),('AHM-IET-60','Platinum','AHM-IET'),('AHM-IET-61','Platinum','AHM-IET'),('AHM-IET-62','Platinum','AHM-IET'),('AHM-IET-63','Platinum','AHM-IET'),('AHM-IET-64','Platinum','AHM-IET'),('AHM-IET-65','Platinum','AHM-IET'),('AHM-IET-66','Platinum','AHM-IET'),('AHM-IET-67','Platinum','AHM-IET'),('AHM-IET-68','Platinum','AHM-IET'),('AHM-IET-69','Platinum','AHM-IET'),('AHM-IET-70','Platinum','AHM-IET'),('AHM-IET-71','Platinum','AHM-IET'),('AHM-IET-72','Platinum','AHM-IET'),('AHM-IET-73','Platinum','AHM-IET'),('AHM-IET-74','Platinum','AHM-IET'),('AHM-IET-75','Platinum','AHM-IET'),('AHM-IET-76','Platinum','AHM-IET'),('AHM-IET-77','Platinum','AHM-IET'),('AHM-IET-78','Platinum','AHM-IET'),('AHM-IET-79','Platinum','AHM-IET'),('AHM-IET-80','Platinum','AHM-IET'),('AHM-IET-81','Platinum','AHM-IET'),('AHM-IET-82','Platinum','AHM-IET'),('AHM-IET-83','Platinum','AHM-IET'),('AHM-IET-84','Platinum','AHM-IET'),('AHM-IET-85','Platinum','AHM-IET'),('AHM-IET-86','Platinum','AHM-IET'),('AHM-IET-87','Platinum','AHM-IET'),('AHM-IET-88','Platinum','AHM-IET'),('AHM-IET-89','Platinum','AHM-IET'),('AHM-IET-90','Platinum','AHM-IET'),('AHM-IET-91','Platinum','AHM-IET'),('AHM-IET-92','Platinum','AHM-IET'),('AHM-IET-93','Platinum','AHM-IET'),('AHM-IET-94','Platinum','AHM-IET'),('AHM-IET-95','Platinum','AHM-IET'),('AHM-IET-96','Platinum','AHM-IET'),('AHM-IET-97','Platinum','AHM-IET'),('AHM-IET-98','Platinum','AHM-IET'),('AHM-IET-99','Platinum','AHM-IET'),('AHM-KAR-01','Platinum','AHM-KAR'),('AHM-KAR-02','Platinum','AHM-KAR'),('AHM-KAR-03','Platinum','AHM-KAR'),('AHM-KAR-04','Platinum','AHM-KAR'),('AHM-KAR-05','Platinum','AHM-KAR'),('AHM-KAR-06','Platinum','AHM-KAR'),('AHM-KAR-07','Platinum','AHM-KAR'),('AHM-KAR-08','Platinum','AHM-KAR'),('AHM-KAR-09','Platinum','AHM-KAR'),('AHM-KAR-10','Platinum','AHM-KAR'),('AHM-KAR-100','Platinum','AHM-KAR'),('AHM-KAR-101','Gold','AHM-KAR'),('AHM-KAR-102','Gold','AHM-KAR'),('AHM-KAR-103','Gold','AHM-KAR'),('AHM-KAR-104','Gold','AHM-KAR'),('AHM-KAR-105','Gold','AHM-KAR'),('AHM-KAR-106','Gold','AHM-KAR'),('AHM-KAR-107','Gold','AHM-KAR'),('AHM-KAR-108','Gold','AHM-KAR'),('AHM-KAR-109','Gold','AHM-KAR'),('AHM-KAR-11','Platinum','AHM-KAR'),('AHM-KAR-110','Gold','AHM-KAR'),('AHM-KAR-111','Gold','AHM-KAR'),('AHM-KAR-112','Gold','AHM-KAR'),('AHM-KAR-113','Gold','AHM-KAR'),('AHM-KAR-114','Gold','AHM-KAR'),('AHM-KAR-115','Gold','AHM-KAR'),('AHM-KAR-116','Gold','AHM-KAR'),('AHM-KAR-117','Gold','AHM-KAR'),('AHM-KAR-118','Gold','AHM-KAR'),('AHM-KAR-119','Gold','AHM-KAR'),('AHM-KAR-12','Platinum','AHM-KAR'),('AHM-KAR-120','Gold','AHM-KAR'),('AHM-KAR-121','Gold','AHM-KAR'),('AHM-KAR-122','Gold','AHM-KAR'),('AHM-KAR-123','Gold','AHM-KAR'),('AHM-KAR-124','Gold','AHM-KAR'),('AHM-KAR-125','Gold','AHM-KAR'),('AHM-KAR-126','Gold','AHM-KAR'),('AHM-KAR-127','Gold','AHM-KAR'),('AHM-KAR-128','Gold','AHM-KAR'),('AHM-KAR-129','Gold','AHM-KAR'),('AHM-KAR-13','Platinum','AHM-KAR'),('AHM-KAR-130','Gold','AHM-KAR'),('AHM-KAR-131','Gold','AHM-KAR'),('AHM-KAR-132','Gold','AHM-KAR'),('AHM-KAR-133','Gold','AHM-KAR'),('AHM-KAR-134','Gold','AHM-KAR'),('AHM-KAR-135','Gold','AHM-KAR'),('AHM-KAR-136','Gold','AHM-KAR'),('AHM-KAR-137','Gold','AHM-KAR'),('AHM-KAR-138','Gold','AHM-KAR'),('AHM-KAR-139','Gold','AHM-KAR'),('AHM-KAR-14','Platinum','AHM-KAR'),('AHM-KAR-140','Gold','AHM-KAR'),('AHM-KAR-141','Gold','AHM-KAR'),('AHM-KAR-142','Gold','AHM-KAR'),('AHM-KAR-143','Gold','AHM-KAR'),('AHM-KAR-144','Gold','AHM-KAR'),('AHM-KAR-145','Gold','AHM-KAR'),('AHM-KAR-146','Gold','AHM-KAR'),('AHM-KAR-147','Gold','AHM-KAR'),('AHM-KAR-148','Gold','AHM-KAR'),('AHM-KAR-149','Gold','AHM-KAR'),('AHM-KAR-15','Platinum','AHM-KAR'),('AHM-KAR-150','Gold','AHM-KAR'),('AHM-KAR-151','Gold','AHM-KAR'),('AHM-KAR-152','Gold','AHM-KAR'),('AHM-KAR-153','Gold','AHM-KAR'),('AHM-KAR-154','Gold','AHM-KAR'),('AHM-KAR-155','Gold','AHM-KAR'),('AHM-KAR-156','Gold','AHM-KAR'),('AHM-KAR-157','Gold','AHM-KAR'),('AHM-KAR-158','Gold','AHM-KAR'),('AHM-KAR-159','Gold','AHM-KAR'),('AHM-KAR-16','Platinum','AHM-KAR'),('AHM-KAR-160','Gold','AHM-KAR'),('AHM-KAR-161','Gold','AHM-KAR'),('AHM-KAR-162','Gold','AHM-KAR'),('AHM-KAR-163','Gold','AHM-KAR'),('AHM-KAR-164','Gold','AHM-KAR'),('AHM-KAR-165','Gold','AHM-KAR'),('AHM-KAR-166','Gold','AHM-KAR'),('AHM-KAR-167','Gold','AHM-KAR'),('AHM-KAR-168','Gold','AHM-KAR'),('AHM-KAR-169','Gold','AHM-KAR'),('AHM-KAR-17','Platinum','AHM-KAR'),('AHM-KAR-170','Gold','AHM-KAR'),('AHM-KAR-171','Gold','AHM-KAR'),('AHM-KAR-172','Gold','AHM-KAR'),('AHM-KAR-173','Gold','AHM-KAR'),('AHM-KAR-174','Gold','AHM-KAR'),('AHM-KAR-175','Gold','AHM-KAR'),('AHM-KAR-176','Gold','AHM-KAR'),('AHM-KAR-177','Gold','AHM-KAR'),('AHM-KAR-178','Gold','AHM-KAR'),('AHM-KAR-179','Gold','AHM-KAR'),('AHM-KAR-18','Platinum','AHM-KAR'),('AHM-KAR-180','Gold','AHM-KAR'),('AHM-KAR-181','Gold','AHM-KAR'),('AHM-KAR-182','Gold','AHM-KAR'),('AHM-KAR-183','Gold','AHM-KAR'),('AHM-KAR-184','Gold','AHM-KAR'),('AHM-KAR-185','Gold','AHM-KAR'),('AHM-KAR-186','Gold','AHM-KAR'),('AHM-KAR-187','Gold','AHM-KAR'),('AHM-KAR-188','Gold','AHM-KAR'),('AHM-KAR-189','Gold','AHM-KAR'),('AHM-KAR-19','Platinum','AHM-KAR'),('AHM-KAR-190','Gold','AHM-KAR'),('AHM-KAR-191','Gold','AHM-KAR'),('AHM-KAR-192','Gold','AHM-KAR'),('AHM-KAR-193','Gold','AHM-KAR'),('AHM-KAR-194','Gold','AHM-KAR'),('AHM-KAR-195','Gold','AHM-KAR'),('AHM-KAR-196','Gold','AHM-KAR'),('AHM-KAR-197','Gold','AHM-KAR'),('AHM-KAR-198','Gold','AHM-KAR'),('AHM-KAR-199','Gold','AHM-KAR'),('AHM-KAR-20','Platinum','AHM-KAR'),('AHM-KAR-200','Gold','AHM-KAR'),('AHM-KAR-201','Silver','AHM-KAR'),('AHM-KAR-202','Silver','AHM-KAR'),('AHM-KAR-203','Silver','AHM-KAR'),('AHM-KAR-204','Silver','AHM-KAR'),('AHM-KAR-205','Silver','AHM-KAR'),('AHM-KAR-206','Silver','AHM-KAR'),('AHM-KAR-207','Silver','AHM-KAR'),('AHM-KAR-208','Silver','AHM-KAR'),('AHM-KAR-209','Silver','AHM-KAR'),('AHM-KAR-21','Platinum','AHM-KAR'),('AHM-KAR-210','Silver','AHM-KAR'),('AHM-KAR-211','Silver','AHM-KAR'),('AHM-KAR-212','Silver','AHM-KAR'),('AHM-KAR-213','Silver','AHM-KAR'),('AHM-KAR-214','Silver','AHM-KAR'),('AHM-KAR-215','Silver','AHM-KAR'),('AHM-KAR-216','Silver','AHM-KAR'),('AHM-KAR-217','Silver','AHM-KAR'),('AHM-KAR-218','Silver','AHM-KAR'),('AHM-KAR-219','Silver','AHM-KAR'),('AHM-KAR-22','Platinum','AHM-KAR'),('AHM-KAR-220','Silver','AHM-KAR'),('AHM-KAR-221','Silver','AHM-KAR'),('AHM-KAR-222','Silver','AHM-KAR'),('AHM-KAR-223','Silver','AHM-KAR'),('AHM-KAR-224','Silver','AHM-KAR'),('AHM-KAR-225','Silver','AHM-KAR'),('AHM-KAR-226','Silver','AHM-KAR'),('AHM-KAR-227','Silver','AHM-KAR'),('AHM-KAR-228','Silver','AHM-KAR'),('AHM-KAR-229','Silver','AHM-KAR'),('AHM-KAR-23','Platinum','AHM-KAR'),('AHM-KAR-230','Silver','AHM-KAR'),('AHM-KAR-231','Silver','AHM-KAR'),('AHM-KAR-232','Silver','AHM-KAR'),('AHM-KAR-233','Silver','AHM-KAR'),('AHM-KAR-234','Silver','AHM-KAR'),('AHM-KAR-235','Silver','AHM-KAR'),('AHM-KAR-236','Silver','AHM-KAR'),('AHM-KAR-237','Silver','AHM-KAR'),('AHM-KAR-238','Silver','AHM-KAR'),('AHM-KAR-239','Silver','AHM-KAR'),('AHM-KAR-24','Platinum','AHM-KAR'),('AHM-KAR-240','Silver','AHM-KAR'),('AHM-KAR-241','Silver','AHM-KAR'),('AHM-KAR-242','Silver','AHM-KAR'),('AHM-KAR-243','Silver','AHM-KAR'),('AHM-KAR-244','Silver','AHM-KAR'),('AHM-KAR-245','Silver','AHM-KAR'),('AHM-KAR-246','Silver','AHM-KAR'),('AHM-KAR-247','Silver','AHM-KAR'),('AHM-KAR-248','Silver','AHM-KAR'),('AHM-KAR-249','Silver','AHM-KAR'),('AHM-KAR-25','Platinum','AHM-KAR'),('AHM-KAR-250','Silver','AHM-KAR'),('AHM-KAR-251','Silver','AHM-KAR'),('AHM-KAR-252','Silver','AHM-KAR'),('AHM-KAR-253','Silver','AHM-KAR'),('AHM-KAR-254','Silver','AHM-KAR'),('AHM-KAR-255','Silver','AHM-KAR'),('AHM-KAR-256','Silver','AHM-KAR'),('AHM-KAR-257','Silver','AHM-KAR'),('AHM-KAR-258','Silver','AHM-KAR'),('AHM-KAR-259','Silver','AHM-KAR'),('AHM-KAR-26','Platinum','AHM-KAR'),('AHM-KAR-260','Silver','AHM-KAR'),('AHM-KAR-261','Silver','AHM-KAR'),('AHM-KAR-262','Silver','AHM-KAR'),('AHM-KAR-263','Silver','AHM-KAR'),('AHM-KAR-264','Silver','AHM-KAR'),('AHM-KAR-265','Silver','AHM-KAR'),('AHM-KAR-266','Silver','AHM-KAR'),('AHM-KAR-267','Silver','AHM-KAR'),('AHM-KAR-268','Silver','AHM-KAR'),('AHM-KAR-269','Silver','AHM-KAR'),('AHM-KAR-27','Platinum','AHM-KAR'),('AHM-KAR-270','Silver','AHM-KAR'),('AHM-KAR-271','Silver','AHM-KAR'),('AHM-KAR-272','Silver','AHM-KAR'),('AHM-KAR-273','Silver','AHM-KAR'),('AHM-KAR-274','Silver','AHM-KAR'),('AHM-KAR-275','Silver','AHM-KAR'),('AHM-KAR-276','Silver','AHM-KAR'),('AHM-KAR-277','Silver','AHM-KAR'),('AHM-KAR-278','Silver','AHM-KAR'),('AHM-KAR-279','Silver','AHM-KAR'),('AHM-KAR-28','Platinum','AHM-KAR'),('AHM-KAR-280','Silver','AHM-KAR'),('AHM-KAR-281','Silver','AHM-KAR'),('AHM-KAR-282','Silver','AHM-KAR'),('AHM-KAR-283','Silver','AHM-KAR'),('AHM-KAR-284','Silver','AHM-KAR'),('AHM-KAR-285','Silver','AHM-KAR'),('AHM-KAR-286','Silver','AHM-KAR'),('AHM-KAR-287','Silver','AHM-KAR'),('AHM-KAR-288','Silver','AHM-KAR'),('AHM-KAR-289','Silver','AHM-KAR'),('AHM-KAR-29','Platinum','AHM-KAR'),('AHM-KAR-290','Silver','AHM-KAR'),('AHM-KAR-291','Silver','AHM-KAR'),('AHM-KAR-292','Silver','AHM-KAR'),('AHM-KAR-293','Silver','AHM-KAR'),('AHM-KAR-294','Silver','AHM-KAR'),('AHM-KAR-295','Silver','AHM-KAR'),('AHM-KAR-296','Silver','AHM-KAR'),('AHM-KAR-297','Silver','AHM-KAR'),('AHM-KAR-298','Silver','AHM-KAR'),('AHM-KAR-299','Silver','AHM-KAR'),('AHM-KAR-30','Platinum','AHM-KAR'),('AHM-KAR-300','Silver','AHM-KAR'),('AHM-KAR-31','Platinum','AHM-KAR'),('AHM-KAR-32','Platinum','AHM-KAR'),('AHM-KAR-33','Platinum','AHM-KAR'),('AHM-KAR-34','Platinum','AHM-KAR'),('AHM-KAR-35','Platinum','AHM-KAR'),('AHM-KAR-36','Platinum','AHM-KAR'),('AHM-KAR-37','Platinum','AHM-KAR'),('AHM-KAR-38','Platinum','AHM-KAR'),('AHM-KAR-39','Platinum','AHM-KAR'),('AHM-KAR-40','Platinum','AHM-KAR'),('AHM-KAR-41','Platinum','AHM-KAR'),('AHM-KAR-42','Platinum','AHM-KAR'),('AHM-KAR-43','Platinum','AHM-KAR'),('AHM-KAR-44','Platinum','AHM-KAR'),('AHM-KAR-45','Platinum','AHM-KAR'),('AHM-KAR-46','Platinum','AHM-KAR'),('AHM-KAR-47','Platinum','AHM-KAR'),('AHM-KAR-48','Platinum','AHM-KAR'),('AHM-KAR-49','Platinum','AHM-KAR'),('AHM-KAR-50','Platinum','AHM-KAR'),('AHM-KAR-51','Platinum','AHM-KAR'),('AHM-KAR-52','Platinum','AHM-KAR'),('AHM-KAR-53','Platinum','AHM-KAR'),('AHM-KAR-54','Platinum','AHM-KAR'),('AHM-KAR-55','Platinum','AHM-KAR'),('AHM-KAR-56','Platinum','AHM-KAR'),('AHM-KAR-57','Platinum','AHM-KAR'),('AHM-KAR-58','Platinum','AHM-KAR'),('AHM-KAR-59','Platinum','AHM-KAR'),('AHM-KAR-60','Platinum','AHM-KAR'),('AHM-KAR-61','Platinum','AHM-KAR'),('AHM-KAR-62','Platinum','AHM-KAR'),('AHM-KAR-63','Platinum','AHM-KAR'),('AHM-KAR-64','Platinum','AHM-KAR'),('AHM-KAR-65','Platinum','AHM-KAR'),('AHM-KAR-66','Platinum','AHM-KAR'),('AHM-KAR-67','Platinum','AHM-KAR'),('AHM-KAR-68','Platinum','AHM-KAR'),('AHM-KAR-69','Platinum','AHM-KAR'),('AHM-KAR-70','Platinum','AHM-KAR'),('AHM-KAR-71','Platinum','AHM-KAR'),('AHM-KAR-72','Platinum','AHM-KAR'),('AHM-KAR-73','Platinum','AHM-KAR'),('AHM-KAR-74','Platinum','AHM-KAR'),('AHM-KAR-75','Platinum','AHM-KAR'),('AHM-KAR-76','Platinum','AHM-KAR'),('AHM-KAR-77','Platinum','AHM-KAR'),('AHM-KAR-78','Platinum','AHM-KAR'),('AHM-KAR-79','Platinum','AHM-KAR'),('AHM-KAR-80','Platinum','AHM-KAR'),('AHM-KAR-81','Platinum','AHM-KAR'),('AHM-KAR-82','Platinum','AHM-KAR'),('AHM-KAR-83','Platinum','AHM-KAR'),('AHM-KAR-84','Platinum','AHM-KAR'),('AHM-KAR-85','Platinum','AHM-KAR'),('AHM-KAR-86','Platinum','AHM-KAR'),('AHM-KAR-87','Platinum','AHM-KAR'),('AHM-KAR-88','Platinum','AHM-KAR'),('AHM-KAR-89','Platinum','AHM-KAR'),('AHM-KAR-90','Platinum','AHM-KAR'),('AHM-KAR-91','Platinum','AHM-KAR'),('AHM-KAR-92','Platinum','AHM-KAR'),('AHM-KAR-93','Platinum','AHM-KAR'),('AHM-KAR-94','Platinum','AHM-KAR'),('AHM-KAR-95','Platinum','AHM-KAR'),('AHM-KAR-96','Platinum','AHM-KAR'),('AHM-KAR-97','Platinum','AHM-KAR'),('AHM-KAR-98','Platinum','AHM-KAR'),('AHM-KAR-99','Platinum','AHM-KAR'),('BVN-KAR-01','Platinum','BVN-KAR'),('BVN-KAR-02','Platinum','BVN-KAR'),('BVN-KAR-03','Platinum','BVN-KAR'),('BVN-KAR-04','Platinum','BVN-KAR'),('BVN-KAR-05','Platinum','BVN-KAR'),('BVN-KAR-06','Platinum','BVN-KAR'),('BVN-KAR-07','Platinum','BVN-KAR'),('BVN-KAR-08','Platinum','BVN-KAR'),('BVN-KAR-09','Platinum','BVN-KAR'),('BVN-KAR-10','Platinum','BVN-KAR'),('BVN-KAR-100','Gold','BVN-KAR'),('BVN-KAR-101','Silver','BVN-KAR'),('BVN-KAR-102','Silver','BVN-KAR'),('BVN-KAR-103','Silver','BVN-KAR'),('BVN-KAR-104','Silver','BVN-KAR'),('BVN-KAR-105','Silver','BVN-KAR'),('BVN-KAR-106','Silver','BVN-KAR'),('BVN-KAR-107','Silver','BVN-KAR'),('BVN-KAR-108','Silver','BVN-KAR'),('BVN-KAR-109','Silver','BVN-KAR'),('BVN-KAR-11','Platinum','BVN-KAR'),('BVN-KAR-110','Silver','BVN-KAR'),('BVN-KAR-111','Silver','BVN-KAR'),('BVN-KAR-112','Silver','BVN-KAR'),('BVN-KAR-113','Silver','BVN-KAR'),('BVN-KAR-114','Silver','BVN-KAR'),('BVN-KAR-115','Silver','BVN-KAR'),('BVN-KAR-116','Silver','BVN-KAR'),('BVN-KAR-117','Silver','BVN-KAR'),('BVN-KAR-118','Silver','BVN-KAR'),('BVN-KAR-119','Silver','BVN-KAR'),('BVN-KAR-12','Platinum','BVN-KAR'),('BVN-KAR-120','Silver','BVN-KAR'),('BVN-KAR-121','Silver','BVN-KAR'),('BVN-KAR-122','Silver','BVN-KAR'),('BVN-KAR-123','Silver','BVN-KAR'),('BVN-KAR-124','Silver','BVN-KAR'),('BVN-KAR-125','Silver','BVN-KAR'),('BVN-KAR-126','Silver','BVN-KAR'),('BVN-KAR-127','Silver','BVN-KAR'),('BVN-KAR-128','Silver','BVN-KAR'),('BVN-KAR-129','Silver','BVN-KAR'),('BVN-KAR-13','Platinum','BVN-KAR'),('BVN-KAR-130','Silver','BVN-KAR'),('BVN-KAR-131','Silver','BVN-KAR'),('BVN-KAR-132','Silver','BVN-KAR'),('BVN-KAR-133','Silver','BVN-KAR'),('BVN-KAR-134','Silver','BVN-KAR'),('BVN-KAR-135','Silver','BVN-KAR'),('BVN-KAR-136','Silver','BVN-KAR'),('BVN-KAR-137','Silver','BVN-KAR'),('BVN-KAR-138','Silver','BVN-KAR'),('BVN-KAR-139','Silver','BVN-KAR'),('BVN-KAR-14','Platinum','BVN-KAR'),('BVN-KAR-140','Silver','BVN-KAR'),('BVN-KAR-141','Silver','BVN-KAR'),('BVN-KAR-142','Silver','BVN-KAR'),('BVN-KAR-143','Silver','BVN-KAR'),('BVN-KAR-144','Silver','BVN-KAR'),('BVN-KAR-145','Silver','BVN-KAR'),('BVN-KAR-146','Silver','BVN-KAR'),('BVN-KAR-147','Silver','BVN-KAR'),('BVN-KAR-148','Silver','BVN-KAR'),('BVN-KAR-149','Silver','BVN-KAR'),('BVN-KAR-15','Platinum','BVN-KAR'),('BVN-KAR-150','Silver','BVN-KAR'),('BVN-KAR-151','Silver','BVN-KAR'),('BVN-KAR-152','Silver','BVN-KAR'),('BVN-KAR-153','Silver','BVN-KAR'),('BVN-KAR-154','Silver','BVN-KAR'),('BVN-KAR-155','Silver','BVN-KAR'),('BVN-KAR-156','Silver','BVN-KAR'),('BVN-KAR-157','Silver','BVN-KAR'),('BVN-KAR-158','Silver','BVN-KAR'),('BVN-KAR-159','Silver','BVN-KAR'),('BVN-KAR-16','Platinum','BVN-KAR'),('BVN-KAR-160','Silver','BVN-KAR'),('BVN-KAR-161','Silver','BVN-KAR'),('BVN-KAR-162','Silver','BVN-KAR'),('BVN-KAR-163','Silver','BVN-KAR'),('BVN-KAR-164','Silver','BVN-KAR'),('BVN-KAR-165','Silver','BVN-KAR'),('BVN-KAR-166','Silver','BVN-KAR'),('BVN-KAR-167','Silver','BVN-KAR'),('BVN-KAR-168','Silver','BVN-KAR'),('BVN-KAR-169','Silver','BVN-KAR'),('BVN-KAR-17','Platinum','BVN-KAR'),('BVN-KAR-170','Silver','BVN-KAR'),('BVN-KAR-171','Silver','BVN-KAR'),('BVN-KAR-172','Silver','BVN-KAR'),('BVN-KAR-173','Silver','BVN-KAR'),('BVN-KAR-174','Silver','BVN-KAR'),('BVN-KAR-175','Silver','BVN-KAR'),('BVN-KAR-176','Silver','BVN-KAR'),('BVN-KAR-177','Silver','BVN-KAR'),('BVN-KAR-178','Silver','BVN-KAR'),('BVN-KAR-179','Silver','BVN-KAR'),('BVN-KAR-18','Platinum','BVN-KAR'),('BVN-KAR-180','Silver','BVN-KAR'),('BVN-KAR-181','Silver','BVN-KAR'),('BVN-KAR-182','Silver','BVN-KAR'),('BVN-KAR-183','Silver','BVN-KAR'),('BVN-KAR-184','Silver','BVN-KAR'),('BVN-KAR-185','Silver','BVN-KAR'),('BVN-KAR-186','Silver','BVN-KAR'),('BVN-KAR-187','Silver','BVN-KAR'),('BVN-KAR-188','Silver','BVN-KAR'),('BVN-KAR-189','Silver','BVN-KAR'),('BVN-KAR-19','Platinum','BVN-KAR'),('BVN-KAR-190','Silver','BVN-KAR'),('BVN-KAR-191','Silver','BVN-KAR'),('BVN-KAR-192','Silver','BVN-KAR'),('BVN-KAR-193','Silver','BVN-KAR'),('BVN-KAR-194','Silver','BVN-KAR'),('BVN-KAR-195','Silver','BVN-KAR'),('BVN-KAR-196','Silver','BVN-KAR'),('BVN-KAR-197','Silver','BVN-KAR'),('BVN-KAR-198','Silver','BVN-KAR'),('BVN-KAR-199','Silver','BVN-KAR'),('BVN-KAR-20','Platinum','BVN-KAR'),('BVN-KAR-200','Silver','BVN-KAR'),('BVN-KAR-21','Platinum','BVN-KAR'),('BVN-KAR-22','Platinum','BVN-KAR'),('BVN-KAR-23','Platinum','BVN-KAR'),('BVN-KAR-24','Platinum','BVN-KAR'),('BVN-KAR-25','Platinum','BVN-KAR'),('BVN-KAR-26','Platinum','BVN-KAR'),('BVN-KAR-27','Platinum','BVN-KAR'),('BVN-KAR-28','Platinum','BVN-KAR'),('BVN-KAR-29','Platinum','BVN-KAR'),('BVN-KAR-30','Platinum','BVN-KAR'),('BVN-KAR-31','Platinum','BVN-KAR'),('BVN-KAR-32','Platinum','BVN-KAR'),('BVN-KAR-33','Platinum','BVN-KAR'),('BVN-KAR-34','Platinum','BVN-KAR'),('BVN-KAR-35','Platinum','BVN-KAR'),('BVN-KAR-36','Platinum','BVN-KAR'),('BVN-KAR-37','Platinum','BVN-KAR'),('BVN-KAR-38','Platinum','BVN-KAR'),('BVN-KAR-39','Platinum','BVN-KAR'),('BVN-KAR-40','Platinum','BVN-KAR'),('BVN-KAR-41','Platinum','BVN-KAR'),('BVN-KAR-42','Platinum','BVN-KAR'),('BVN-KAR-43','Platinum','BVN-KAR'),('BVN-KAR-44','Platinum','BVN-KAR'),('BVN-KAR-45','Platinum','BVN-KAR'),('BVN-KAR-46','Platinum','BVN-KAR'),('BVN-KAR-47','Platinum','BVN-KAR'),('BVN-KAR-48','Platinum','BVN-KAR'),('BVN-KAR-49','Platinum','BVN-KAR'),('BVN-KAR-50','Platinum','BVN-KAR'),('BVN-KAR-51','Gold','BVN-KAR'),('BVN-KAR-52','Gold','BVN-KAR'),('BVN-KAR-53','Gold','BVN-KAR'),('BVN-KAR-54','Gold','BVN-KAR'),('BVN-KAR-55','Gold','BVN-KAR'),('BVN-KAR-56','Gold','BVN-KAR'),('BVN-KAR-57','Gold','BVN-KAR'),('BVN-KAR-58','Gold','BVN-KAR'),('BVN-KAR-59','Gold','BVN-KAR'),('BVN-KAR-60','Gold','BVN-KAR'),('BVN-KAR-61','Gold','BVN-KAR'),('BVN-KAR-62','Gold','BVN-KAR'),('BVN-KAR-63','Gold','BVN-KAR'),('BVN-KAR-64','Gold','BVN-KAR'),('BVN-KAR-65','Gold','BVN-KAR'),('BVN-KAR-66','Gold','BVN-KAR'),('BVN-KAR-67','Gold','BVN-KAR'),('BVN-KAR-68','Gold','BVN-KAR'),('BVN-KAR-69','Gold','BVN-KAR'),('BVN-KAR-70','Gold','BVN-KAR'),('BVN-KAR-71','Gold','BVN-KAR'),('BVN-KAR-72','Gold','BVN-KAR'),('BVN-KAR-73','Gold','BVN-KAR'),('BVN-KAR-74','Gold','BVN-KAR'),('BVN-KAR-75','Gold','BVN-KAR'),('BVN-KAR-76','Gold','BVN-KAR'),('BVN-KAR-77','Gold','BVN-KAR'),('BVN-KAR-78','Gold','BVN-KAR'),('BVN-KAR-79','Gold','BVN-KAR'),('BVN-KAR-80','Gold','BVN-KAR'),('BVN-KAR-81','Gold','BVN-KAR'),('BVN-KAR-82','Gold','BVN-KAR'),('BVN-KAR-83','Gold','BVN-KAR'),('BVN-KAR-84','Gold','BVN-KAR'),('BVN-KAR-85','Gold','BVN-KAR'),('BVN-KAR-86','Gold','BVN-KAR'),('BVN-KAR-87','Gold','BVN-KAR'),('BVN-KAR-88','Gold','BVN-KAR'),('BVN-KAR-89','Gold','BVN-KAR'),('BVN-KAR-90','Gold','BVN-KAR'),('BVN-KAR-91','Gold','BVN-KAR'),('BVN-KAR-92','Gold','BVN-KAR'),('BVN-KAR-93','Gold','BVN-KAR'),('BVN-KAR-94','Gold','BVN-KAR'),('BVN-KAR-95','Gold','BVN-KAR'),('BVN-KAR-96','Gold','BVN-KAR'),('BVN-KAR-97','Gold','BVN-KAR'),('BVN-KAR-98','Gold','BVN-KAR'),('BVN-KAR-99','Gold','BVN-KAR'),('BVN-MAX-1-01','Platinum','BVN-MAX-1'),('BVN-MAX-1-02','Platinum','BVN-MAX-1'),('BVN-MAX-1-03','Platinum','BVN-MAX-1'),('BVN-MAX-1-04','Platinum','BVN-MAX-1'),('BVN-MAX-1-05','Platinum','BVN-MAX-1'),('BVN-MAX-1-06','Platinum','BVN-MAX-1'),('BVN-MAX-1-07','Platinum','BVN-MAX-1'),('BVN-MAX-1-08','Platinum','BVN-MAX-1'),('BVN-MAX-1-09','Platinum','BVN-MAX-1'),('BVN-MAX-1-10','Platinum','BVN-MAX-1'),('BVN-MAX-1-11','Gold','BVN-MAX-1'),('BVN-MAX-1-12','Gold','BVN-MAX-1'),('BVN-MAX-1-13','Gold','BVN-MAX-1'),('BVN-MAX-1-14','Gold','BVN-MAX-1'),('BVN-MAX-1-15','Gold','BVN-MAX-1'),('BVN-MAX-1-16','Gold','BVN-MAX-1'),('BVN-MAX-1-17','Gold','BVN-MAX-1'),('BVN-MAX-1-18','Gold','BVN-MAX-1'),('BVN-MAX-1-19','Gold','BVN-MAX-1'),('BVN-MAX-1-20','Gold','BVN-MAX-1'),('BVN-MAX-1-21','Silver','BVN-MAX-1'),('BVN-MAX-1-22','Silver','BVN-MAX-1'),('BVN-MAX-1-23','Silver','BVN-MAX-1'),('BVN-MAX-1-24','Silver','BVN-MAX-1'),('BVN-MAX-1-25','Silver','BVN-MAX-1'),('BVN-MAX-1-26','Silver','BVN-MAX-1'),('BVN-MAX-1-27','Silver','BVN-MAX-1'),('BVN-MAX-1-28','Silver','BVN-MAX-1'),('BVN-MAX-1-29','Silver','BVN-MAX-1'),('BVN-MAX-1-30','Silver','BVN-MAX-1'),('BVN-MAX-1-31','Silver','BVN-MAX-1'),('BVN-MAX-1-32','Silver','BVN-MAX-1'),('BVN-MAX-1-33','Silver','BVN-MAX-1'),('BVN-MAX-1-34','Silver','BVN-MAX-1'),('BVN-MAX-1-35','Silver','BVN-MAX-1'),('BVN-MAX-1-36','Silver','BVN-MAX-1'),('BVN-MAX-1-37','Silver','BVN-MAX-1'),('BVN-MAX-1-38','Silver','BVN-MAX-1'),('BVN-MAX-1-39','Silver','BVN-MAX-1'),('BVN-MAX-1-40','Silver','BVN-MAX-1'),('BVN-MAX-1-41','Silver','BVN-MAX-1'),('BVN-MAX-1-42','Silver','BVN-MAX-1'),('BVN-MAX-1-43','Silver','BVN-MAX-1'),('BVN-MAX-1-44','Silver','BVN-MAX-1'),('BVN-MAX-1-45','Silver','BVN-MAX-1'),('BVN-MAX-1-46','Silver','BVN-MAX-1'),('BVN-MAX-1-47','Silver','BVN-MAX-1'),('BVN-MAX-1-48','Silver','BVN-MAX-1'),('BVN-MAX-1-49','Silver','BVN-MAX-1'),('BVN-MAX-1-50','Silver','BVN-MAX-1'),('BVN-MAX-2-01','Platinum','BVN-MAX-2'),('BVN-MAX-2-02','Platinum','BVN-MAX-2'),('BVN-MAX-2-03','Platinum','BVN-MAX-2'),('BVN-MAX-2-04','Platinum','BVN-MAX-2'),('BVN-MAX-2-05','Platinum','BVN-MAX-2'),('BVN-MAX-2-06','Platinum','BVN-MAX-2'),('BVN-MAX-2-07','Platinum','BVN-MAX-2'),('BVN-MAX-2-08','Platinum','BVN-MAX-2'),('BVN-MAX-2-09','Platinum','BVN-MAX-2'),('BVN-MAX-2-10','Platinum','BVN-MAX-2'),('BVN-MAX-2-11','Gold','BVN-MAX-2'),('BVN-MAX-2-12','Gold','BVN-MAX-2'),('BVN-MAX-2-13','Gold','BVN-MAX-2'),('BVN-MAX-2-14','Gold','BVN-MAX-2'),('BVN-MAX-2-15','Gold','BVN-MAX-2'),('BVN-MAX-2-16','Gold','BVN-MAX-2'),('BVN-MAX-2-17','Gold','BVN-MAX-2'),('BVN-MAX-2-18','Gold','BVN-MAX-2'),('BVN-MAX-2-19','Gold','BVN-MAX-2'),('BVN-MAX-2-20','Gold','BVN-MAX-2'),('BVN-MAX-2-21','Silver','BVN-MAX-2'),('BVN-MAX-2-22','Silver','BVN-MAX-2'),('BVN-MAX-2-23','Silver','BVN-MAX-2'),('BVN-MAX-2-24','Silver','BVN-MAX-2'),('BVN-MAX-2-25','Silver','BVN-MAX-2'),('BVN-MAX-2-26','Silver','BVN-MAX-2'),('BVN-MAX-2-27','Silver','BVN-MAX-2'),('BVN-MAX-2-28','Silver','BVN-MAX-2'),('BVN-MAX-2-29','Silver','BVN-MAX-2'),('BVN-MAX-2-30','Silver','BVN-MAX-2'),('BVN-MAX-2-31','Silver','BVN-MAX-2'),('BVN-MAX-2-32','Silver','BVN-MAX-2'),('BVN-MAX-2-33','Silver','BVN-MAX-2'),('BVN-MAX-2-34','Silver','BVN-MAX-2'),('BVN-MAX-2-35','Silver','BVN-MAX-2'),('BVN-MAX-2-36','Silver','BVN-MAX-2'),('BVN-MAX-2-37','Silver','BVN-MAX-2'),('BVN-MAX-2-38','Silver','BVN-MAX-2'),('BVN-MAX-2-39','Silver','BVN-MAX-2'),('BVN-MAX-2-40','Silver','BVN-MAX-2'),('BVN-MAX-2-41','Silver','BVN-MAX-2'),('BVN-MAX-2-42','Silver','BVN-MAX-2'),('BVN-MAX-2-43','Silver','BVN-MAX-2'),('BVN-MAX-2-44','Silver','BVN-MAX-2'),('BVN-MAX-2-45','Silver','BVN-MAX-2'),('BVN-MAX-2-46','Silver','BVN-MAX-2'),('BVN-MAX-2-47','Silver','BVN-MAX-2'),('BVN-MAX-2-48','Silver','BVN-MAX-2'),('BVN-MAX-2-49','Silver','BVN-MAX-2'),('BVN-MAX-2-50','Silver','BVN-MAX-2'),('BVN-RAJP-01','Platinum','BVN-RAJP'),('BVN-RAJP-02','Platinum','BVN-RAJP'),('BVN-RAJP-03','Platinum','BVN-RAJP'),('BVN-RAJP-04','Platinum','BVN-RAJP'),('BVN-RAJP-05','Platinum','BVN-RAJP'),('BVN-RAJP-06','Platinum','BVN-RAJP'),('BVN-RAJP-07','Platinum','BVN-RAJP'),('BVN-RAJP-08','Platinum','BVN-RAJP'),('BVN-RAJP-09','Platinum','BVN-RAJP'),('BVN-RAJP-10','Platinum','BVN-RAJP'),('BVN-RAJP-100','Gold','BVN-RAJP'),('BVN-RAJP-101','Silver','BVN-RAJP'),('BVN-RAJP-102','Silver','BVN-RAJP'),('BVN-RAJP-103','Silver','BVN-RAJP'),('BVN-RAJP-104','Silver','BVN-RAJP'),('BVN-RAJP-105','Silver','BVN-RAJP'),('BVN-RAJP-106','Silver','BVN-RAJP'),('BVN-RAJP-107','Silver','BVN-RAJP'),('BVN-RAJP-108','Silver','BVN-RAJP'),('BVN-RAJP-109','Silver','BVN-RAJP'),('BVN-RAJP-11','Platinum','BVN-RAJP'),('BVN-RAJP-110','Silver','BVN-RAJP'),('BVN-RAJP-111','Silver','BVN-RAJP'),('BVN-RAJP-112','Silver','BVN-RAJP'),('BVN-RAJP-113','Silver','BVN-RAJP'),('BVN-RAJP-114','Silver','BVN-RAJP'),('BVN-RAJP-115','Silver','BVN-RAJP'),('BVN-RAJP-116','Silver','BVN-RAJP'),('BVN-RAJP-117','Silver','BVN-RAJP'),('BVN-RAJP-118','Silver','BVN-RAJP'),('BVN-RAJP-119','Silver','BVN-RAJP'),('BVN-RAJP-12','Platinum','BVN-RAJP'),('BVN-RAJP-120','Silver','BVN-RAJP'),('BVN-RAJP-121','Silver','BVN-RAJP'),('BVN-RAJP-122','Silver','BVN-RAJP'),('BVN-RAJP-123','Silver','BVN-RAJP'),('BVN-RAJP-124','Silver','BVN-RAJP'),('BVN-RAJP-125','Silver','BVN-RAJP'),('BVN-RAJP-126','Silver','BVN-RAJP'),('BVN-RAJP-127','Silver','BVN-RAJP'),('BVN-RAJP-128','Silver','BVN-RAJP'),('BVN-RAJP-129','Silver','BVN-RAJP'),('BVN-RAJP-13','Platinum','BVN-RAJP'),('BVN-RAJP-130','Silver','BVN-RAJP'),('BVN-RAJP-131','Silver','BVN-RAJP'),('BVN-RAJP-132','Silver','BVN-RAJP'),('BVN-RAJP-133','Silver','BVN-RAJP'),('BVN-RAJP-134','Silver','BVN-RAJP'),('BVN-RAJP-135','Silver','BVN-RAJP'),('BVN-RAJP-136','Silver','BVN-RAJP'),('BVN-RAJP-137','Silver','BVN-RAJP'),('BVN-RAJP-138','Silver','BVN-RAJP'),('BVN-RAJP-139','Silver','BVN-RAJP'),('BVN-RAJP-14','Platinum','BVN-RAJP'),('BVN-RAJP-140','Silver','BVN-RAJP'),('BVN-RAJP-141','Silver','BVN-RAJP'),('BVN-RAJP-142','Silver','BVN-RAJP'),('BVN-RAJP-143','Silver','BVN-RAJP'),('BVN-RAJP-144','Silver','BVN-RAJP'),('BVN-RAJP-145','Silver','BVN-RAJP'),('BVN-RAJP-146','Silver','BVN-RAJP'),('BVN-RAJP-147','Silver','BVN-RAJP'),('BVN-RAJP-148','Silver','BVN-RAJP'),('BVN-RAJP-149','Silver','BVN-RAJP'),('BVN-RAJP-15','Platinum','BVN-RAJP'),('BVN-RAJP-150','Silver','BVN-RAJP'),('BVN-RAJP-151','Silver','BVN-RAJP'),('BVN-RAJP-152','Silver','BVN-RAJP'),('BVN-RAJP-153','Silver','BVN-RAJP'),('BVN-RAJP-154','Silver','BVN-RAJP'),('BVN-RAJP-155','Silver','BVN-RAJP'),('BVN-RAJP-156','Silver','BVN-RAJP'),('BVN-RAJP-157','Silver','BVN-RAJP'),('BVN-RAJP-158','Silver','BVN-RAJP'),('BVN-RAJP-159','Silver','BVN-RAJP'),('BVN-RAJP-16','Platinum','BVN-RAJP'),('BVN-RAJP-160','Silver','BVN-RAJP'),('BVN-RAJP-161','Silver','BVN-RAJP'),('BVN-RAJP-162','Silver','BVN-RAJP'),('BVN-RAJP-163','Silver','BVN-RAJP'),('BVN-RAJP-164','Silver','BVN-RAJP'),('BVN-RAJP-165','Silver','BVN-RAJP'),('BVN-RAJP-166','Silver','BVN-RAJP'),('BVN-RAJP-167','Silver','BVN-RAJP'),('BVN-RAJP-168','Silver','BVN-RAJP'),('BVN-RAJP-169','Silver','BVN-RAJP'),('BVN-RAJP-17','Platinum','BVN-RAJP'),('BVN-RAJP-170','Silver','BVN-RAJP'),('BVN-RAJP-171','Silver','BVN-RAJP'),('BVN-RAJP-172','Silver','BVN-RAJP'),('BVN-RAJP-173','Silver','BVN-RAJP'),('BVN-RAJP-174','Silver','BVN-RAJP'),('BVN-RAJP-175','Silver','BVN-RAJP'),('BVN-RAJP-176','Silver','BVN-RAJP'),('BVN-RAJP-177','Silver','BVN-RAJP'),('BVN-RAJP-178','Silver','BVN-RAJP'),('BVN-RAJP-179','Silver','BVN-RAJP'),('BVN-RAJP-18','Platinum','BVN-RAJP'),('BVN-RAJP-180','Silver','BVN-RAJP'),('BVN-RAJP-181','Silver','BVN-RAJP'),('BVN-RAJP-182','Silver','BVN-RAJP'),('BVN-RAJP-183','Silver','BVN-RAJP'),('BVN-RAJP-184','Silver','BVN-RAJP'),('BVN-RAJP-185','Silver','BVN-RAJP'),('BVN-RAJP-186','Silver','BVN-RAJP'),('BVN-RAJP-187','Silver','BVN-RAJP'),('BVN-RAJP-188','Silver','BVN-RAJP'),('BVN-RAJP-189','Silver','BVN-RAJP'),('BVN-RAJP-19','Platinum','BVN-RAJP'),('BVN-RAJP-190','Silver','BVN-RAJP'),('BVN-RAJP-191','Silver','BVN-RAJP'),('BVN-RAJP-192','Silver','BVN-RAJP'),('BVN-RAJP-193','Silver','BVN-RAJP'),('BVN-RAJP-194','Silver','BVN-RAJP'),('BVN-RAJP-195','Silver','BVN-RAJP'),('BVN-RAJP-196','Silver','BVN-RAJP'),('BVN-RAJP-197','Silver','BVN-RAJP'),('BVN-RAJP-198','Silver','BVN-RAJP'),('BVN-RAJP-199','Silver','BVN-RAJP'),('BVN-RAJP-20','Platinum','BVN-RAJP'),('BVN-RAJP-200','Silver','BVN-RAJP'),('BVN-RAJP-21','Platinum','BVN-RAJP'),('BVN-RAJP-22','Platinum','BVN-RAJP'),('BVN-RAJP-23','Platinum','BVN-RAJP'),('BVN-RAJP-24','Platinum','BVN-RAJP'),('BVN-RAJP-25','Platinum','BVN-RAJP'),('BVN-RAJP-26','Platinum','BVN-RAJP'),('BVN-RAJP-27','Platinum','BVN-RAJP'),('BVN-RAJP-28','Platinum','BVN-RAJP'),('BVN-RAJP-29','Platinum','BVN-RAJP'),('BVN-RAJP-30','Platinum','BVN-RAJP'),('BVN-RAJP-31','Platinum','BVN-RAJP'),('BVN-RAJP-32','Platinum','BVN-RAJP'),('BVN-RAJP-33','Platinum','BVN-RAJP'),('BVN-RAJP-34','Platinum','BVN-RAJP'),('BVN-RAJP-35','Platinum','BVN-RAJP'),('BVN-RAJP-36','Platinum','BVN-RAJP'),('BVN-RAJP-37','Platinum','BVN-RAJP'),('BVN-RAJP-38','Platinum','BVN-RAJP'),('BVN-RAJP-39','Platinum','BVN-RAJP'),('BVN-RAJP-40','Platinum','BVN-RAJP'),('BVN-RAJP-41','Platinum','BVN-RAJP'),('BVN-RAJP-42','Platinum','BVN-RAJP'),('BVN-RAJP-43','Platinum','BVN-RAJP'),('BVN-RAJP-44','Platinum','BVN-RAJP'),('BVN-RAJP-45','Platinum','BVN-RAJP'),('BVN-RAJP-46','Platinum','BVN-RAJP'),('BVN-RAJP-47','Platinum','BVN-RAJP'),('BVN-RAJP-48','Platinum','BVN-RAJP'),('BVN-RAJP-49','Platinum','BVN-RAJP'),('BVN-RAJP-50','Platinum','BVN-RAJP'),('BVN-RAJP-51','Gold','BVN-RAJP'),('BVN-RAJP-52','Gold','BVN-RAJP'),('BVN-RAJP-53','Gold','BVN-RAJP'),('BVN-RAJP-54','Gold','BVN-RAJP'),('BVN-RAJP-55','Gold','BVN-RAJP'),('BVN-RAJP-56','Gold','BVN-RAJP'),('BVN-RAJP-57','Gold','BVN-RAJP'),('BVN-RAJP-58','Gold','BVN-RAJP'),('BVN-RAJP-59','Gold','BVN-RAJP'),('BVN-RAJP-60','Gold','BVN-RAJP'),('BVN-RAJP-61','Gold','BVN-RAJP'),('BVN-RAJP-62','Gold','BVN-RAJP'),('BVN-RAJP-63','Gold','BVN-RAJP'),('BVN-RAJP-64','Gold','BVN-RAJP'),('BVN-RAJP-65','Gold','BVN-RAJP'),('BVN-RAJP-66','Gold','BVN-RAJP'),('BVN-RAJP-67','Gold','BVN-RAJP'),('BVN-RAJP-68','Gold','BVN-RAJP'),('BVN-RAJP-69','Gold','BVN-RAJP'),('BVN-RAJP-70','Gold','BVN-RAJP'),('BVN-RAJP-71','Gold','BVN-RAJP'),('BVN-RAJP-72','Gold','BVN-RAJP'),('BVN-RAJP-73','Gold','BVN-RAJP'),('BVN-RAJP-74','Gold','BVN-RAJP'),('BVN-RAJP-75','Gold','BVN-RAJP'),('BVN-RAJP-76','Gold','BVN-RAJP'),('BVN-RAJP-77','Gold','BVN-RAJP'),('BVN-RAJP-78','Gold','BVN-RAJP'),('BVN-RAJP-79','Gold','BVN-RAJP'),('BVN-RAJP-80','Gold','BVN-RAJP'),('BVN-RAJP-81','Gold','BVN-RAJP'),('BVN-RAJP-82','Gold','BVN-RAJP'),('BVN-RAJP-83','Gold','BVN-RAJP'),('BVN-RAJP-84','Gold','BVN-RAJP'),('BVN-RAJP-85','Gold','BVN-RAJP'),('BVN-RAJP-86','Gold','BVN-RAJP'),('BVN-RAJP-87','Gold','BVN-RAJP'),('BVN-RAJP-88','Gold','BVN-RAJP'),('BVN-RAJP-89','Gold','BVN-RAJP'),('BVN-RAJP-90','Gold','BVN-RAJP'),('BVN-RAJP-91','Gold','BVN-RAJP'),('BVN-RAJP-92','Gold','BVN-RAJP'),('BVN-RAJP-93','Gold','BVN-RAJP'),('BVN-RAJP-94','Gold','BVN-RAJP'),('BVN-RAJP-95','Gold','BVN-RAJP'),('BVN-RAJP-96','Gold','BVN-RAJP'),('BVN-RAJP-97','Gold','BVN-RAJP'),('BVN-RAJP-98','Gold','BVN-RAJP'),('BVN-RAJP-99','Gold','BVN-RAJP'),('BVN-VC-1-01','Platinum','BVN-VC-1'),('BVN-VC-1-02','Platinum','BVN-VC-1'),('BVN-VC-1-03','Platinum','BVN-VC-1'),('BVN-VC-1-04','Platinum','BVN-VC-1'),('BVN-VC-1-05','Platinum','BVN-VC-1'),('BVN-VC-1-06','Platinum','BVN-VC-1'),('BVN-VC-1-07','Platinum','BVN-VC-1'),('BVN-VC-1-08','Platinum','BVN-VC-1'),('BVN-VC-1-09','Platinum','BVN-VC-1'),('BVN-VC-1-10','Platinum','BVN-VC-1'),('BVN-VC-1-11','Gold','BVN-VC-1'),('BVN-VC-1-12','Gold','BVN-VC-1'),('BVN-VC-1-13','Gold','BVN-VC-1'),('BVN-VC-1-14','Gold','BVN-VC-1'),('BVN-VC-1-15','Gold','BVN-VC-1'),('BVN-VC-1-16','Gold','BVN-VC-1'),('BVN-VC-1-17','Gold','BVN-VC-1'),('BVN-VC-1-18','Gold','BVN-VC-1'),('BVN-VC-1-19','Gold','BVN-VC-1'),('BVN-VC-1-20','Gold','BVN-VC-1'),('BVN-VC-1-21','Silver','BVN-VC-1'),('BVN-VC-1-22','Silver','BVN-VC-1'),('BVN-VC-1-23','Silver','BVN-VC-1'),('BVN-VC-1-24','Silver','BVN-VC-1'),('BVN-VC-1-25','Silver','BVN-VC-1'),('BVN-VC-1-26','Silver','BVN-VC-1'),('BVN-VC-1-27','Silver','BVN-VC-1'),('BVN-VC-1-28','Silver','BVN-VC-1'),('BVN-VC-1-29','Silver','BVN-VC-1'),('BVN-VC-1-30','Silver','BVN-VC-1'),('BVN-VC-2-01','Platinum','BVN-VC-2'),('BVN-VC-2-02','Platinum','BVN-VC-2'),('BVN-VC-2-03','Platinum','BVN-VC-2'),('BVN-VC-2-04','Platinum','BVN-VC-2'),('BVN-VC-2-05','Platinum','BVN-VC-2'),('BVN-VC-2-06','Platinum','BVN-VC-2'),('BVN-VC-2-07','Platinum','BVN-VC-2'),('BVN-VC-2-08','Platinum','BVN-VC-2'),('BVN-VC-2-09','Platinum','BVN-VC-2'),('BVN-VC-2-10','Platinum','BVN-VC-2'),('BVN-VC-2-11','Gold','BVN-VC-2'),('BVN-VC-2-12','Gold','BVN-VC-2'),('BVN-VC-2-13','Gold','BVN-VC-2'),('BVN-VC-2-14','Gold','BVN-VC-2'),('BVN-VC-2-15','Gold','BVN-VC-2'),('BVN-VC-2-16','Gold','BVN-VC-2'),('BVN-VC-2-17','Gold','BVN-VC-2'),('BVN-VC-2-18','Gold','BVN-VC-2'),('BVN-VC-2-19','Gold','BVN-VC-2'),('BVN-VC-2-20','Gold','BVN-VC-2'),('BVN-VC-2-21','Silver','BVN-VC-2'),('BVN-VC-2-22','Silver','BVN-VC-2'),('BVN-VC-2-23','Silver','BVN-VC-2'),('BVN-VC-2-24','Silver','BVN-VC-2'),('BVN-VC-2-25','Silver','BVN-VC-2'),('BVN-VC-2-26','Silver','BVN-VC-2'),('BVN-VC-2-27','Silver','BVN-VC-2'),('BVN-VC-2-28','Silver','BVN-VC-2'),('BVN-VC-2-29','Silver','BVN-VC-2'),('BVN-VC-2-30','Silver','BVN-VC-2'),('RJT-CIN-1-01','Platinum','RJT-CIN-1'),('RJT-CIN-1-02','Platinum','RJT-CIN-1'),('RJT-CIN-1-03','Platinum','RJT-CIN-1'),('RJT-CIN-1-04','Platinum','RJT-CIN-1'),('RJT-CIN-1-05','Platinum','RJT-CIN-1'),('RJT-CIN-1-06','Platinum','RJT-CIN-1'),('RJT-CIN-1-07','Platinum','RJT-CIN-1'),('RJT-CIN-1-08','Platinum','RJT-CIN-1'),('RJT-CIN-1-09','Platinum','RJT-CIN-1'),('RJT-CIN-1-10','Platinum','RJT-CIN-1'),('RJT-CIN-1-11','Gold','RJT-CIN-1'),('RJT-CIN-1-12','Gold','RJT-CIN-1'),('RJT-CIN-1-13','Gold','RJT-CIN-1'),('RJT-CIN-1-14','Gold','RJT-CIN-1'),('RJT-CIN-1-15','Gold','RJT-CIN-1'),('RJT-CIN-1-16','Gold','RJT-CIN-1'),('RJT-CIN-1-17','Gold','RJT-CIN-1'),('RJT-CIN-1-18','Gold','RJT-CIN-1'),('RJT-CIN-1-19','Gold','RJT-CIN-1'),('RJT-CIN-1-20','Gold','RJT-CIN-1'),('RJT-CIN-1-21','Silver','RJT-CIN-1'),('RJT-CIN-1-22','Silver','RJT-CIN-1'),('RJT-CIN-1-23','Silver','RJT-CIN-1'),('RJT-CIN-1-24','Silver','RJT-CIN-1'),('RJT-CIN-1-25','Silver','RJT-CIN-1'),('RJT-CIN-1-26','Silver','RJT-CIN-1'),('RJT-CIN-1-27','Silver','RJT-CIN-1'),('RJT-CIN-1-28','Silver','RJT-CIN-1'),('RJT-CIN-1-29','Silver','RJT-CIN-1'),('RJT-CIN-1-30','Silver','RJT-CIN-1'),('RJT-GDC-01','Platinum','RJT-GDC'),('RJT-GDC-02','Platinum','RJT-GDC'),('RJT-GDC-03','Platinum','RJT-GDC'),('RJT-GDC-04','Platinum','RJT-GDC'),('RJT-GDC-05','Platinum','RJT-GDC'),('RJT-GDC-06','Platinum','RJT-GDC'),('RJT-GDC-07','Platinum','RJT-GDC'),('RJT-GDC-08','Platinum','RJT-GDC'),('RJT-GDC-09','Platinum','RJT-GDC'),('RJT-GDC-10','Platinum','RJT-GDC'),('RJT-GDC-100','Platinum','RJT-GDC'),('RJT-GDC-101','Gold','RJT-GDC'),('RJT-GDC-102','Gold','RJT-GDC'),('RJT-GDC-103','Gold','RJT-GDC'),('RJT-GDC-104','Gold','RJT-GDC'),('RJT-GDC-105','Gold','RJT-GDC'),('RJT-GDC-106','Gold','RJT-GDC'),('RJT-GDC-107','Gold','RJT-GDC'),('RJT-GDC-108','Gold','RJT-GDC'),('RJT-GDC-109','Gold','RJT-GDC'),('RJT-GDC-11','Platinum','RJT-GDC'),('RJT-GDC-110','Gold','RJT-GDC'),('RJT-GDC-111','Gold','RJT-GDC'),('RJT-GDC-112','Gold','RJT-GDC'),('RJT-GDC-113','Gold','RJT-GDC'),('RJT-GDC-114','Gold','RJT-GDC'),('RJT-GDC-115','Gold','RJT-GDC'),('RJT-GDC-116','Gold','RJT-GDC'),('RJT-GDC-117','Gold','RJT-GDC'),('RJT-GDC-118','Gold','RJT-GDC'),('RJT-GDC-119','Gold','RJT-GDC'),('RJT-GDC-12','Platinum','RJT-GDC'),('RJT-GDC-120','Gold','RJT-GDC'),('RJT-GDC-121','Gold','RJT-GDC'),('RJT-GDC-122','Gold','RJT-GDC'),('RJT-GDC-123','Gold','RJT-GDC'),('RJT-GDC-124','Gold','RJT-GDC'),('RJT-GDC-125','Gold','RJT-GDC'),('RJT-GDC-126','Gold','RJT-GDC'),('RJT-GDC-127','Gold','RJT-GDC'),('RJT-GDC-128','Gold','RJT-GDC'),('RJT-GDC-129','Gold','RJT-GDC'),('RJT-GDC-13','Platinum','RJT-GDC'),('RJT-GDC-130','Gold','RJT-GDC'),('RJT-GDC-131','Gold','RJT-GDC'),('RJT-GDC-132','Gold','RJT-GDC'),('RJT-GDC-133','Gold','RJT-GDC'),('RJT-GDC-134','Gold','RJT-GDC'),('RJT-GDC-135','Gold','RJT-GDC'),('RJT-GDC-136','Gold','RJT-GDC'),('RJT-GDC-137','Gold','RJT-GDC'),('RJT-GDC-138','Gold','RJT-GDC'),('RJT-GDC-139','Gold','RJT-GDC'),('RJT-GDC-14','Platinum','RJT-GDC'),('RJT-GDC-140','Gold','RJT-GDC'),('RJT-GDC-141','Gold','RJT-GDC'),('RJT-GDC-142','Gold','RJT-GDC'),('RJT-GDC-143','Gold','RJT-GDC'),('RJT-GDC-144','Gold','RJT-GDC'),('RJT-GDC-145','Gold','RJT-GDC'),('RJT-GDC-146','Gold','RJT-GDC'),('RJT-GDC-147','Gold','RJT-GDC'),('RJT-GDC-148','Gold','RJT-GDC'),('RJT-GDC-149','Gold','RJT-GDC'),('RJT-GDC-15','Platinum','RJT-GDC'),('RJT-GDC-150','Gold','RJT-GDC'),('RJT-GDC-151','Gold','RJT-GDC'),('RJT-GDC-152','Gold','RJT-GDC'),('RJT-GDC-153','Gold','RJT-GDC'),('RJT-GDC-154','Gold','RJT-GDC'),('RJT-GDC-155','Gold','RJT-GDC'),('RJT-GDC-156','Gold','RJT-GDC'),('RJT-GDC-157','Gold','RJT-GDC'),('RJT-GDC-158','Gold','RJT-GDC'),('RJT-GDC-159','Gold','RJT-GDC'),('RJT-GDC-16','Platinum','RJT-GDC'),('RJT-GDC-160','Gold','RJT-GDC'),('RJT-GDC-161','Gold','RJT-GDC'),('RJT-GDC-162','Gold','RJT-GDC'),('RJT-GDC-163','Gold','RJT-GDC'),('RJT-GDC-164','Gold','RJT-GDC'),('RJT-GDC-165','Gold','RJT-GDC'),('RJT-GDC-166','Gold','RJT-GDC'),('RJT-GDC-167','Gold','RJT-GDC'),('RJT-GDC-168','Gold','RJT-GDC'),('RJT-GDC-169','Gold','RJT-GDC'),('RJT-GDC-17','Platinum','RJT-GDC'),('RJT-GDC-170','Gold','RJT-GDC'),('RJT-GDC-171','Gold','RJT-GDC'),('RJT-GDC-172','Gold','RJT-GDC'),('RJT-GDC-173','Gold','RJT-GDC'),('RJT-GDC-174','Gold','RJT-GDC'),('RJT-GDC-175','Gold','RJT-GDC'),('RJT-GDC-176','Gold','RJT-GDC'),('RJT-GDC-177','Gold','RJT-GDC'),('RJT-GDC-178','Gold','RJT-GDC'),('RJT-GDC-179','Gold','RJT-GDC'),('RJT-GDC-18','Platinum','RJT-GDC'),('RJT-GDC-180','Gold','RJT-GDC'),('RJT-GDC-181','Gold','RJT-GDC'),('RJT-GDC-182','Gold','RJT-GDC'),('RJT-GDC-183','Gold','RJT-GDC'),('RJT-GDC-184','Gold','RJT-GDC'),('RJT-GDC-185','Gold','RJT-GDC'),('RJT-GDC-186','Gold','RJT-GDC'),('RJT-GDC-187','Gold','RJT-GDC'),('RJT-GDC-188','Gold','RJT-GDC'),('RJT-GDC-189','Gold','RJT-GDC'),('RJT-GDC-19','Platinum','RJT-GDC'),('RJT-GDC-190','Gold','RJT-GDC'),('RJT-GDC-191','Gold','RJT-GDC'),('RJT-GDC-192','Gold','RJT-GDC'),('RJT-GDC-193','Gold','RJT-GDC'),('RJT-GDC-194','Gold','RJT-GDC'),('RJT-GDC-195','Gold','RJT-GDC'),('RJT-GDC-196','Gold','RJT-GDC'),('RJT-GDC-197','Gold','RJT-GDC'),('RJT-GDC-198','Gold','RJT-GDC'),('RJT-GDC-199','Gold','RJT-GDC'),('RJT-GDC-20','Platinum','RJT-GDC'),('RJT-GDC-200','Gold','RJT-GDC'),('RJT-GDC-201','Silver','RJT-GDC'),('RJT-GDC-202','Silver','RJT-GDC'),('RJT-GDC-203','Silver','RJT-GDC'),('RJT-GDC-204','Silver','RJT-GDC'),('RJT-GDC-205','Silver','RJT-GDC'),('RJT-GDC-206','Silver','RJT-GDC'),('RJT-GDC-207','Silver','RJT-GDC'),('RJT-GDC-208','Silver','RJT-GDC'),('RJT-GDC-209','Silver','RJT-GDC'),('RJT-GDC-21','Platinum','RJT-GDC'),('RJT-GDC-210','Silver','RJT-GDC'),('RJT-GDC-211','Silver','RJT-GDC'),('RJT-GDC-212','Silver','RJT-GDC'),('RJT-GDC-213','Silver','RJT-GDC'),('RJT-GDC-214','Silver','RJT-GDC'),('RJT-GDC-215','Silver','RJT-GDC'),('RJT-GDC-216','Silver','RJT-GDC'),('RJT-GDC-217','Silver','RJT-GDC'),('RJT-GDC-218','Silver','RJT-GDC'),('RJT-GDC-219','Silver','RJT-GDC'),('RJT-GDC-22','Platinum','RJT-GDC'),('RJT-GDC-220','Silver','RJT-GDC'),('RJT-GDC-221','Silver','RJT-GDC'),('RJT-GDC-222','Silver','RJT-GDC'),('RJT-GDC-223','Silver','RJT-GDC'),('RJT-GDC-224','Silver','RJT-GDC'),('RJT-GDC-225','Silver','RJT-GDC'),('RJT-GDC-226','Silver','RJT-GDC'),('RJT-GDC-227','Silver','RJT-GDC'),('RJT-GDC-228','Silver','RJT-GDC'),('RJT-GDC-229','Silver','RJT-GDC'),('RJT-GDC-23','Platinum','RJT-GDC'),('RJT-GDC-230','Silver','RJT-GDC'),('RJT-GDC-231','Silver','RJT-GDC'),('RJT-GDC-232','Silver','RJT-GDC'),('RJT-GDC-233','Silver','RJT-GDC'),('RJT-GDC-234','Silver','RJT-GDC'),('RJT-GDC-235','Silver','RJT-GDC'),('RJT-GDC-236','Silver','RJT-GDC'),('RJT-GDC-237','Silver','RJT-GDC'),('RJT-GDC-238','Silver','RJT-GDC'),('RJT-GDC-239','Silver','RJT-GDC'),('RJT-GDC-24','Platinum','RJT-GDC'),('RJT-GDC-240','Silver','RJT-GDC'),('RJT-GDC-241','Silver','RJT-GDC'),('RJT-GDC-242','Silver','RJT-GDC'),('RJT-GDC-243','Silver','RJT-GDC'),('RJT-GDC-244','Silver','RJT-GDC'),('RJT-GDC-245','Silver','RJT-GDC'),('RJT-GDC-246','Silver','RJT-GDC'),('RJT-GDC-247','Silver','RJT-GDC'),('RJT-GDC-248','Silver','RJT-GDC'),('RJT-GDC-249','Silver','RJT-GDC'),('RJT-GDC-25','Platinum','RJT-GDC'),('RJT-GDC-250','Silver','RJT-GDC'),('RJT-GDC-251','Silver','RJT-GDC'),('RJT-GDC-252','Silver','RJT-GDC'),('RJT-GDC-253','Silver','RJT-GDC'),('RJT-GDC-254','Silver','RJT-GDC'),('RJT-GDC-255','Silver','RJT-GDC'),('RJT-GDC-256','Silver','RJT-GDC'),('RJT-GDC-257','Silver','RJT-GDC'),('RJT-GDC-258','Silver','RJT-GDC'),('RJT-GDC-259','Silver','RJT-GDC'),('RJT-GDC-26','Platinum','RJT-GDC'),('RJT-GDC-260','Silver','RJT-GDC'),('RJT-GDC-261','Silver','RJT-GDC'),('RJT-GDC-262','Silver','RJT-GDC'),('RJT-GDC-263','Silver','RJT-GDC'),('RJT-GDC-264','Silver','RJT-GDC'),('RJT-GDC-265','Silver','RJT-GDC'),('RJT-GDC-266','Silver','RJT-GDC'),('RJT-GDC-267','Silver','RJT-GDC'),('RJT-GDC-268','Silver','RJT-GDC'),('RJT-GDC-269','Silver','RJT-GDC'),('RJT-GDC-27','Platinum','RJT-GDC'),('RJT-GDC-270','Silver','RJT-GDC'),('RJT-GDC-271','Silver','RJT-GDC'),('RJT-GDC-272','Silver','RJT-GDC'),('RJT-GDC-273','Silver','RJT-GDC'),('RJT-GDC-274','Silver','RJT-GDC'),('RJT-GDC-275','Silver','RJT-GDC'),('RJT-GDC-276','Silver','RJT-GDC'),('RJT-GDC-277','Silver','RJT-GDC'),('RJT-GDC-278','Silver','RJT-GDC'),('RJT-GDC-279','Silver','RJT-GDC'),('RJT-GDC-28','Platinum','RJT-GDC'),('RJT-GDC-280','Silver','RJT-GDC'),('RJT-GDC-281','Silver','RJT-GDC'),('RJT-GDC-282','Silver','RJT-GDC'),('RJT-GDC-283','Silver','RJT-GDC'),('RJT-GDC-284','Silver','RJT-GDC'),('RJT-GDC-285','Silver','RJT-GDC'),('RJT-GDC-286','Silver','RJT-GDC'),('RJT-GDC-287','Silver','RJT-GDC'),('RJT-GDC-288','Silver','RJT-GDC'),('RJT-GDC-289','Silver','RJT-GDC'),('RJT-GDC-29','Platinum','RJT-GDC'),('RJT-GDC-290','Silver','RJT-GDC'),('RJT-GDC-291','Silver','RJT-GDC'),('RJT-GDC-292','Silver','RJT-GDC'),('RJT-GDC-293','Silver','RJT-GDC'),('RJT-GDC-294','Silver','RJT-GDC'),('RJT-GDC-295','Silver','RJT-GDC'),('RJT-GDC-296','Silver','RJT-GDC'),('RJT-GDC-297','Silver','RJT-GDC'),('RJT-GDC-298','Silver','RJT-GDC'),('RJT-GDC-299','Silver','RJT-GDC'),('RJT-GDC-30','Platinum','RJT-GDC'),('RJT-GDC-300','Silver','RJT-GDC'),('RJT-GDC-301','Silver','RJT-GDC'),('RJT-GDC-302','Silver','RJT-GDC'),('RJT-GDC-303','Silver','RJT-GDC'),('RJT-GDC-304','Silver','RJT-GDC'),('RJT-GDC-305','Silver','RJT-GDC'),('RJT-GDC-306','Silver','RJT-GDC'),('RJT-GDC-307','Silver','RJT-GDC'),('RJT-GDC-308','Silver','RJT-GDC'),('RJT-GDC-309','Silver','RJT-GDC'),('RJT-GDC-31','Platinum','RJT-GDC'),('RJT-GDC-310','Silver','RJT-GDC'),('RJT-GDC-311','Silver','RJT-GDC'),('RJT-GDC-312','Silver','RJT-GDC'),('RJT-GDC-313','Silver','RJT-GDC'),('RJT-GDC-314','Silver','RJT-GDC'),('RJT-GDC-315','Silver','RJT-GDC'),('RJT-GDC-316','Silver','RJT-GDC'),('RJT-GDC-317','Silver','RJT-GDC'),('RJT-GDC-318','Silver','RJT-GDC'),('RJT-GDC-319','Silver','RJT-GDC'),('RJT-GDC-32','Platinum','RJT-GDC'),('RJT-GDC-320','Silver','RJT-GDC'),('RJT-GDC-321','Silver','RJT-GDC'),('RJT-GDC-322','Silver','RJT-GDC'),('RJT-GDC-323','Silver','RJT-GDC'),('RJT-GDC-324','Silver','RJT-GDC'),('RJT-GDC-325','Silver','RJT-GDC'),('RJT-GDC-326','Silver','RJT-GDC'),('RJT-GDC-327','Silver','RJT-GDC'),('RJT-GDC-328','Silver','RJT-GDC'),('RJT-GDC-329','Silver','RJT-GDC'),('RJT-GDC-33','Platinum','RJT-GDC'),('RJT-GDC-330','Silver','RJT-GDC'),('RJT-GDC-331','Silver','RJT-GDC'),('RJT-GDC-332','Silver','RJT-GDC'),('RJT-GDC-333','Silver','RJT-GDC'),('RJT-GDC-334','Silver','RJT-GDC'),('RJT-GDC-335','Silver','RJT-GDC'),('RJT-GDC-336','Silver','RJT-GDC'),('RJT-GDC-337','Silver','RJT-GDC'),('RJT-GDC-338','Silver','RJT-GDC'),('RJT-GDC-339','Silver','RJT-GDC'),('RJT-GDC-34','Platinum','RJT-GDC'),('RJT-GDC-340','Silver','RJT-GDC'),('RJT-GDC-341','Silver','RJT-GDC'),('RJT-GDC-342','Silver','RJT-GDC'),('RJT-GDC-343','Silver','RJT-GDC'),('RJT-GDC-344','Silver','RJT-GDC'),('RJT-GDC-345','Silver','RJT-GDC'),('RJT-GDC-346','Silver','RJT-GDC'),('RJT-GDC-347','Silver','RJT-GDC'),('RJT-GDC-348','Silver','RJT-GDC'),('RJT-GDC-349','Silver','RJT-GDC'),('RJT-GDC-35','Platinum','RJT-GDC'),('RJT-GDC-350','Silver','RJT-GDC'),('RJT-GDC-351','Silver','RJT-GDC'),('RJT-GDC-352','Silver','RJT-GDC'),('RJT-GDC-353','Silver','RJT-GDC'),('RJT-GDC-354','Silver','RJT-GDC'),('RJT-GDC-355','Silver','RJT-GDC'),('RJT-GDC-356','Silver','RJT-GDC'),('RJT-GDC-357','Silver','RJT-GDC'),('RJT-GDC-358','Silver','RJT-GDC'),('RJT-GDC-359','Silver','RJT-GDC'),('RJT-GDC-36','Platinum','RJT-GDC'),('RJT-GDC-360','Silver','RJT-GDC'),('RJT-GDC-361','Silver','RJT-GDC'),('RJT-GDC-362','Silver','RJT-GDC'),('RJT-GDC-363','Silver','RJT-GDC'),('RJT-GDC-364','Silver','RJT-GDC'),('RJT-GDC-365','Silver','RJT-GDC'),('RJT-GDC-366','Silver','RJT-GDC'),('RJT-GDC-367','Silver','RJT-GDC'),('RJT-GDC-368','Silver','RJT-GDC'),('RJT-GDC-369','Silver','RJT-GDC'),('RJT-GDC-37','Platinum','RJT-GDC'),('RJT-GDC-370','Silver','RJT-GDC'),('RJT-GDC-371','Silver','RJT-GDC'),('RJT-GDC-372','Silver','RJT-GDC'),('RJT-GDC-373','Silver','RJT-GDC'),('RJT-GDC-374','Silver','RJT-GDC'),('RJT-GDC-375','Silver','RJT-GDC'),('RJT-GDC-376','Silver','RJT-GDC'),('RJT-GDC-377','Silver','RJT-GDC'),('RJT-GDC-378','Silver','RJT-GDC'),('RJT-GDC-379','Silver','RJT-GDC'),('RJT-GDC-38','Platinum','RJT-GDC'),('RJT-GDC-380','Silver','RJT-GDC'),('RJT-GDC-381','Silver','RJT-GDC'),('RJT-GDC-382','Silver','RJT-GDC'),('RJT-GDC-383','Silver','RJT-GDC'),('RJT-GDC-384','Silver','RJT-GDC'),('RJT-GDC-385','Silver','RJT-GDC'),('RJT-GDC-386','Silver','RJT-GDC'),('RJT-GDC-387','Silver','RJT-GDC'),('RJT-GDC-388','Silver','RJT-GDC'),('RJT-GDC-389','Silver','RJT-GDC'),('RJT-GDC-39','Platinum','RJT-GDC'),('RJT-GDC-390','Silver','RJT-GDC'),('RJT-GDC-391','Silver','RJT-GDC'),('RJT-GDC-392','Silver','RJT-GDC'),('RJT-GDC-393','Silver','RJT-GDC'),('RJT-GDC-394','Silver','RJT-GDC'),('RJT-GDC-395','Silver','RJT-GDC'),('RJT-GDC-396','Silver','RJT-GDC'),('RJT-GDC-397','Silver','RJT-GDC'),('RJT-GDC-398','Silver','RJT-GDC'),('RJT-GDC-399','Silver','RJT-GDC'),('RJT-GDC-40','Platinum','RJT-GDC'),('RJT-GDC-400','Silver','RJT-GDC'),('RJT-GDC-41','Platinum','RJT-GDC'),('RJT-GDC-42','Platinum','RJT-GDC'),('RJT-GDC-43','Platinum','RJT-GDC'),('RJT-GDC-44','Platinum','RJT-GDC'),('RJT-GDC-45','Platinum','RJT-GDC'),('RJT-GDC-46','Platinum','RJT-GDC'),('RJT-GDC-47','Platinum','RJT-GDC'),('RJT-GDC-48','Platinum','RJT-GDC'),('RJT-GDC-49','Platinum','RJT-GDC'),('RJT-GDC-50','Platinum','RJT-GDC'),('RJT-GDC-51','Platinum','RJT-GDC'),('RJT-GDC-52','Platinum','RJT-GDC'),('RJT-GDC-53','Platinum','RJT-GDC'),('RJT-GDC-54','Platinum','RJT-GDC'),('RJT-GDC-55','Platinum','RJT-GDC'),('RJT-GDC-56','Platinum','RJT-GDC'),('RJT-GDC-57','Platinum','RJT-GDC'),('RJT-GDC-58','Platinum','RJT-GDC'),('RJT-GDC-59','Platinum','RJT-GDC'),('RJT-GDC-60','Platinum','RJT-GDC'),('RJT-GDC-61','Platinum','RJT-GDC'),('RJT-GDC-62','Platinum','RJT-GDC'),('RJT-GDC-63','Platinum','RJT-GDC'),('RJT-GDC-64','Platinum','RJT-GDC'),('RJT-GDC-65','Platinum','RJT-GDC'),('RJT-GDC-66','Platinum','RJT-GDC'),('RJT-GDC-67','Platinum','RJT-GDC'),('RJT-GDC-68','Platinum','RJT-GDC'),('RJT-GDC-69','Platinum','RJT-GDC'),('RJT-GDC-70','Platinum','RJT-GDC'),('RJT-GDC-71','Platinum','RJT-GDC'),('RJT-GDC-72','Platinum','RJT-GDC'),('RJT-GDC-73','Platinum','RJT-GDC'),('RJT-GDC-74','Platinum','RJT-GDC'),('RJT-GDC-75','Platinum','RJT-GDC'),('RJT-GDC-76','Platinum','RJT-GDC'),('RJT-GDC-77','Platinum','RJT-GDC'),('RJT-GDC-78','Platinum','RJT-GDC'),('RJT-GDC-79','Platinum','RJT-GDC'),('RJT-GDC-80','Platinum','RJT-GDC'),('RJT-GDC-81','Platinum','RJT-GDC'),('RJT-GDC-82','Platinum','RJT-GDC'),('RJT-GDC-83','Platinum','RJT-GDC'),('RJT-GDC-84','Platinum','RJT-GDC'),('RJT-GDC-85','Platinum','RJT-GDC'),('RJT-GDC-86','Platinum','RJT-GDC'),('RJT-GDC-87','Platinum','RJT-GDC'),('RJT-GDC-88','Platinum','RJT-GDC'),('RJT-GDC-89','Platinum','RJT-GDC'),('RJT-GDC-90','Platinum','RJT-GDC'),('RJT-GDC-91','Platinum','RJT-GDC'),('RJT-GDC-92','Platinum','RJT-GDC'),('RJT-GDC-93','Platinum','RJT-GDC'),('RJT-GDC-94','Platinum','RJT-GDC'),('RJT-GDC-95','Platinum','RJT-GDC'),('RJT-GDC-96','Platinum','RJT-GDC'),('RJT-GDC-97','Platinum','RJT-GDC'),('RJT-GDC-98','Platinum','RJT-GDC'),('RJT-GDC-99','Platinum','RJT-GDC'),('RJT-IMP-01','Platinum','RJT-IMP'),('RJT-IMP-02','Platinum','RJT-IMP'),('RJT-IMP-03','Platinum','RJT-IMP'),('RJT-IMP-04','Platinum','RJT-IMP'),('RJT-IMP-05','Platinum','RJT-IMP'),('RJT-IMP-06','Platinum','RJT-IMP'),('RJT-IMP-07','Platinum','RJT-IMP'),('RJT-IMP-08','Platinum','RJT-IMP'),('RJT-IMP-09','Platinum','RJT-IMP'),('RJT-IMP-10','Platinum','RJT-IMP'),('RJT-IMP-100','Platinum','RJT-IMP'),('RJT-IMP-101','Gold','RJT-IMP'),('RJT-IMP-102','Gold','RJT-IMP'),('RJT-IMP-103','Gold','RJT-IMP'),('RJT-IMP-104','Gold','RJT-IMP'),('RJT-IMP-105','Gold','RJT-IMP'),('RJT-IMP-106','Gold','RJT-IMP'),('RJT-IMP-107','Gold','RJT-IMP'),('RJT-IMP-108','Gold','RJT-IMP'),('RJT-IMP-109','Gold','RJT-IMP'),('RJT-IMP-11','Platinum','RJT-IMP'),('RJT-IMP-110','Gold','RJT-IMP'),('RJT-IMP-111','Gold','RJT-IMP'),('RJT-IMP-112','Gold','RJT-IMP'),('RJT-IMP-113','Gold','RJT-IMP'),('RJT-IMP-114','Gold','RJT-IMP'),('RJT-IMP-115','Gold','RJT-IMP'),('RJT-IMP-116','Gold','RJT-IMP'),('RJT-IMP-117','Gold','RJT-IMP'),('RJT-IMP-118','Gold','RJT-IMP'),('RJT-IMP-119','Gold','RJT-IMP'),('RJT-IMP-12','Platinum','RJT-IMP'),('RJT-IMP-120','Gold','RJT-IMP'),('RJT-IMP-121','Gold','RJT-IMP'),('RJT-IMP-122','Gold','RJT-IMP'),('RJT-IMP-123','Gold','RJT-IMP'),('RJT-IMP-124','Gold','RJT-IMP'),('RJT-IMP-125','Gold','RJT-IMP'),('RJT-IMP-126','Gold','RJT-IMP'),('RJT-IMP-127','Gold','RJT-IMP'),('RJT-IMP-128','Gold','RJT-IMP'),('RJT-IMP-129','Gold','RJT-IMP'),('RJT-IMP-13','Platinum','RJT-IMP'),('RJT-IMP-130','Gold','RJT-IMP'),('RJT-IMP-131','Gold','RJT-IMP'),('RJT-IMP-132','Gold','RJT-IMP'),('RJT-IMP-133','Gold','RJT-IMP'),('RJT-IMP-134','Gold','RJT-IMP'),('RJT-IMP-135','Gold','RJT-IMP'),('RJT-IMP-136','Gold','RJT-IMP'),('RJT-IMP-137','Gold','RJT-IMP'),('RJT-IMP-138','Gold','RJT-IMP'),('RJT-IMP-139','Gold','RJT-IMP'),('RJT-IMP-14','Platinum','RJT-IMP'),('RJT-IMP-140','Gold','RJT-IMP'),('RJT-IMP-141','Gold','RJT-IMP'),('RJT-IMP-142','Gold','RJT-IMP'),('RJT-IMP-143','Gold','RJT-IMP'),('RJT-IMP-144','Gold','RJT-IMP'),('RJT-IMP-145','Gold','RJT-IMP'),('RJT-IMP-146','Gold','RJT-IMP'),('RJT-IMP-147','Gold','RJT-IMP'),('RJT-IMP-148','Gold','RJT-IMP'),('RJT-IMP-149','Gold','RJT-IMP'),('RJT-IMP-15','Platinum','RJT-IMP'),('RJT-IMP-150','Gold','RJT-IMP'),('RJT-IMP-151','Gold','RJT-IMP'),('RJT-IMP-152','Gold','RJT-IMP'),('RJT-IMP-153','Gold','RJT-IMP'),('RJT-IMP-154','Gold','RJT-IMP'),('RJT-IMP-155','Gold','RJT-IMP'),('RJT-IMP-156','Gold','RJT-IMP'),('RJT-IMP-157','Gold','RJT-IMP'),('RJT-IMP-158','Gold','RJT-IMP'),('RJT-IMP-159','Gold','RJT-IMP'),('RJT-IMP-16','Platinum','RJT-IMP'),('RJT-IMP-160','Gold','RJT-IMP'),('RJT-IMP-161','Gold','RJT-IMP'),('RJT-IMP-162','Gold','RJT-IMP'),('RJT-IMP-163','Gold','RJT-IMP'),('RJT-IMP-164','Gold','RJT-IMP'),('RJT-IMP-165','Gold','RJT-IMP'),('RJT-IMP-166','Gold','RJT-IMP'),('RJT-IMP-167','Gold','RJT-IMP'),('RJT-IMP-168','Gold','RJT-IMP'),('RJT-IMP-169','Gold','RJT-IMP'),('RJT-IMP-17','Platinum','RJT-IMP'),('RJT-IMP-170','Gold','RJT-IMP'),('RJT-IMP-171','Gold','RJT-IMP'),('RJT-IMP-172','Gold','RJT-IMP'),('RJT-IMP-173','Gold','RJT-IMP'),('RJT-IMP-174','Gold','RJT-IMP'),('RJT-IMP-175','Gold','RJT-IMP'),('RJT-IMP-176','Gold','RJT-IMP'),('RJT-IMP-177','Gold','RJT-IMP'),('RJT-IMP-178','Gold','RJT-IMP'),('RJT-IMP-179','Gold','RJT-IMP'),('RJT-IMP-18','Platinum','RJT-IMP'),('RJT-IMP-180','Gold','RJT-IMP'),('RJT-IMP-181','Gold','RJT-IMP'),('RJT-IMP-182','Gold','RJT-IMP'),('RJT-IMP-183','Gold','RJT-IMP'),('RJT-IMP-184','Gold','RJT-IMP'),('RJT-IMP-185','Gold','RJT-IMP'),('RJT-IMP-186','Gold','RJT-IMP'),('RJT-IMP-187','Gold','RJT-IMP'),('RJT-IMP-188','Gold','RJT-IMP'),('RJT-IMP-189','Gold','RJT-IMP'),('RJT-IMP-19','Platinum','RJT-IMP'),('RJT-IMP-190','Gold','RJT-IMP'),('RJT-IMP-191','Gold','RJT-IMP'),('RJT-IMP-192','Gold','RJT-IMP'),('RJT-IMP-193','Gold','RJT-IMP'),('RJT-IMP-194','Gold','RJT-IMP'),('RJT-IMP-195','Gold','RJT-IMP'),('RJT-IMP-196','Gold','RJT-IMP'),('RJT-IMP-197','Gold','RJT-IMP'),('RJT-IMP-198','Gold','RJT-IMP'),('RJT-IMP-199','Gold','RJT-IMP'),('RJT-IMP-20','Platinum','RJT-IMP'),('RJT-IMP-200','Gold','RJT-IMP'),('RJT-IMP-201','Silver','RJT-IMP'),('RJT-IMP-202','Silver','RJT-IMP'),('RJT-IMP-203','Silver','RJT-IMP'),('RJT-IMP-204','Silver','RJT-IMP'),('RJT-IMP-205','Silver','RJT-IMP'),('RJT-IMP-206','Silver','RJT-IMP'),('RJT-IMP-207','Silver','RJT-IMP'),('RJT-IMP-208','Silver','RJT-IMP'),('RJT-IMP-209','Silver','RJT-IMP'),('RJT-IMP-21','Platinum','RJT-IMP'),('RJT-IMP-210','Silver','RJT-IMP'),('RJT-IMP-211','Silver','RJT-IMP'),('RJT-IMP-212','Silver','RJT-IMP'),('RJT-IMP-213','Silver','RJT-IMP'),('RJT-IMP-214','Silver','RJT-IMP'),('RJT-IMP-215','Silver','RJT-IMP'),('RJT-IMP-216','Silver','RJT-IMP'),('RJT-IMP-217','Silver','RJT-IMP'),('RJT-IMP-218','Silver','RJT-IMP'),('RJT-IMP-219','Silver','RJT-IMP'),('RJT-IMP-22','Platinum','RJT-IMP'),('RJT-IMP-220','Silver','RJT-IMP'),('RJT-IMP-221','Silver','RJT-IMP'),('RJT-IMP-222','Silver','RJT-IMP'),('RJT-IMP-223','Silver','RJT-IMP'),('RJT-IMP-224','Silver','RJT-IMP'),('RJT-IMP-225','Silver','RJT-IMP'),('RJT-IMP-226','Silver','RJT-IMP'),('RJT-IMP-227','Silver','RJT-IMP'),('RJT-IMP-228','Silver','RJT-IMP'),('RJT-IMP-229','Silver','RJT-IMP'),('RJT-IMP-23','Platinum','RJT-IMP'),('RJT-IMP-230','Silver','RJT-IMP'),('RJT-IMP-231','Silver','RJT-IMP'),('RJT-IMP-232','Silver','RJT-IMP'),('RJT-IMP-233','Silver','RJT-IMP'),('RJT-IMP-234','Silver','RJT-IMP'),('RJT-IMP-235','Silver','RJT-IMP'),('RJT-IMP-236','Silver','RJT-IMP'),('RJT-IMP-237','Silver','RJT-IMP'),('RJT-IMP-238','Silver','RJT-IMP'),('RJT-IMP-239','Silver','RJT-IMP'),('RJT-IMP-24','Platinum','RJT-IMP'),('RJT-IMP-240','Silver','RJT-IMP'),('RJT-IMP-241','Silver','RJT-IMP'),('RJT-IMP-242','Silver','RJT-IMP'),('RJT-IMP-243','Silver','RJT-IMP'),('RJT-IMP-244','Silver','RJT-IMP'),('RJT-IMP-245','Silver','RJT-IMP'),('RJT-IMP-246','Silver','RJT-IMP'),('RJT-IMP-247','Silver','RJT-IMP'),('RJT-IMP-248','Silver','RJT-IMP'),('RJT-IMP-249','Silver','RJT-IMP'),('RJT-IMP-25','Platinum','RJT-IMP'),('RJT-IMP-250','Silver','RJT-IMP'),('RJT-IMP-251','Silver','RJT-IMP'),('RJT-IMP-252','Silver','RJT-IMP'),('RJT-IMP-253','Silver','RJT-IMP'),('RJT-IMP-254','Silver','RJT-IMP'),('RJT-IMP-255','Silver','RJT-IMP'),('RJT-IMP-256','Silver','RJT-IMP'),('RJT-IMP-257','Silver','RJT-IMP'),('RJT-IMP-258','Silver','RJT-IMP'),('RJT-IMP-259','Silver','RJT-IMP'),('RJT-IMP-26','Platinum','RJT-IMP'),('RJT-IMP-260','Silver','RJT-IMP'),('RJT-IMP-261','Silver','RJT-IMP'),('RJT-IMP-262','Silver','RJT-IMP'),('RJT-IMP-263','Silver','RJT-IMP'),('RJT-IMP-264','Silver','RJT-IMP'),('RJT-IMP-265','Silver','RJT-IMP'),('RJT-IMP-266','Silver','RJT-IMP'),('RJT-IMP-267','Silver','RJT-IMP'),('RJT-IMP-268','Silver','RJT-IMP'),('RJT-IMP-269','Silver','RJT-IMP'),('RJT-IMP-27','Platinum','RJT-IMP'),('RJT-IMP-270','Silver','RJT-IMP'),('RJT-IMP-271','Silver','RJT-IMP'),('RJT-IMP-272','Silver','RJT-IMP'),('RJT-IMP-273','Silver','RJT-IMP'),('RJT-IMP-274','Silver','RJT-IMP'),('RJT-IMP-275','Silver','RJT-IMP'),('RJT-IMP-276','Silver','RJT-IMP'),('RJT-IMP-277','Silver','RJT-IMP'),('RJT-IMP-278','Silver','RJT-IMP'),('RJT-IMP-279','Silver','RJT-IMP'),('RJT-IMP-28','Platinum','RJT-IMP'),('RJT-IMP-280','Silver','RJT-IMP'),('RJT-IMP-281','Silver','RJT-IMP'),('RJT-IMP-282','Silver','RJT-IMP'),('RJT-IMP-283','Silver','RJT-IMP'),('RJT-IMP-284','Silver','RJT-IMP'),('RJT-IMP-285','Silver','RJT-IMP'),('RJT-IMP-286','Silver','RJT-IMP'),('RJT-IMP-287','Silver','RJT-IMP'),('RJT-IMP-288','Silver','RJT-IMP'),('RJT-IMP-289','Silver','RJT-IMP'),('RJT-IMP-29','Platinum','RJT-IMP'),('RJT-IMP-290','Silver','RJT-IMP'),('RJT-IMP-291','Silver','RJT-IMP'),('RJT-IMP-292','Silver','RJT-IMP'),('RJT-IMP-293','Silver','RJT-IMP'),('RJT-IMP-294','Silver','RJT-IMP'),('RJT-IMP-295','Silver','RJT-IMP'),('RJT-IMP-296','Silver','RJT-IMP'),('RJT-IMP-297','Silver','RJT-IMP'),('RJT-IMP-298','Silver','RJT-IMP'),('RJT-IMP-299','Silver','RJT-IMP'),('RJT-IMP-30','Platinum','RJT-IMP'),('RJT-IMP-300','Silver','RJT-IMP'),('RJT-IMP-31','Platinum','RJT-IMP'),('RJT-IMP-32','Platinum','RJT-IMP'),('RJT-IMP-33','Platinum','RJT-IMP'),('RJT-IMP-34','Platinum','RJT-IMP'),('RJT-IMP-35','Platinum','RJT-IMP'),('RJT-IMP-36','Platinum','RJT-IMP'),('RJT-IMP-37','Platinum','RJT-IMP'),('RJT-IMP-38','Platinum','RJT-IMP'),('RJT-IMP-39','Platinum','RJT-IMP'),('RJT-IMP-40','Platinum','RJT-IMP'),('RJT-IMP-41','Platinum','RJT-IMP'),('RJT-IMP-42','Platinum','RJT-IMP'),('RJT-IMP-43','Platinum','RJT-IMP'),('RJT-IMP-44','Platinum','RJT-IMP'),('RJT-IMP-45','Platinum','RJT-IMP'),('RJT-IMP-46','Platinum','RJT-IMP'),('RJT-IMP-47','Platinum','RJT-IMP'),('RJT-IMP-48','Platinum','RJT-IMP'),('RJT-IMP-49','Platinum','RJT-IMP'),('RJT-IMP-50','Platinum','RJT-IMP'),('RJT-IMP-51','Platinum','RJT-IMP'),('RJT-IMP-52','Platinum','RJT-IMP'),('RJT-IMP-53','Platinum','RJT-IMP'),('RJT-IMP-54','Platinum','RJT-IMP'),('RJT-IMP-55','Platinum','RJT-IMP'),('RJT-IMP-56','Platinum','RJT-IMP'),('RJT-IMP-57','Platinum','RJT-IMP'),('RJT-IMP-58','Platinum','RJT-IMP'),('RJT-IMP-59','Platinum','RJT-IMP'),('RJT-IMP-60','Platinum','RJT-IMP'),('RJT-IMP-61','Platinum','RJT-IMP'),('RJT-IMP-62','Platinum','RJT-IMP'),('RJT-IMP-63','Platinum','RJT-IMP'),('RJT-IMP-64','Platinum','RJT-IMP'),('RJT-IMP-65','Platinum','RJT-IMP'),('RJT-IMP-66','Platinum','RJT-IMP'),('RJT-IMP-67','Platinum','RJT-IMP'),('RJT-IMP-68','Platinum','RJT-IMP'),('RJT-IMP-69','Platinum','RJT-IMP'),('RJT-IMP-70','Platinum','RJT-IMP'),('RJT-IMP-71','Platinum','RJT-IMP'),('RJT-IMP-72','Platinum','RJT-IMP'),('RJT-IMP-73','Platinum','RJT-IMP'),('RJT-IMP-74','Platinum','RJT-IMP'),('RJT-IMP-75','Platinum','RJT-IMP'),('RJT-IMP-76','Platinum','RJT-IMP'),('RJT-IMP-77','Platinum','RJT-IMP'),('RJT-IMP-78','Platinum','RJT-IMP'),('RJT-IMP-79','Platinum','RJT-IMP'),('RJT-IMP-80','Platinum','RJT-IMP'),('RJT-IMP-81','Platinum','RJT-IMP'),('RJT-IMP-82','Platinum','RJT-IMP'),('RJT-IMP-83','Platinum','RJT-IMP'),('RJT-IMP-84','Platinum','RJT-IMP'),('RJT-IMP-85','Platinum','RJT-IMP'),('RJT-IMP-86','Platinum','RJT-IMP'),('RJT-IMP-87','Platinum','RJT-IMP'),('RJT-IMP-88','Platinum','RJT-IMP'),('RJT-IMP-89','Platinum','RJT-IMP'),('RJT-IMP-90','Platinum','RJT-IMP'),('RJT-IMP-91','Platinum','RJT-IMP'),('RJT-IMP-92','Platinum','RJT-IMP'),('RJT-IMP-93','Platinum','RJT-IMP'),('RJT-IMP-94','Platinum','RJT-IMP'),('RJT-IMP-95','Platinum','RJT-IMP'),('RJT-IMP-96','Platinum','RJT-IMP'),('RJT-IMP-97','Platinum','RJT-IMP'),('RJT-IMP-98','Platinum','RJT-IMP'),('RJT-IMP-99','Platinum','RJT-IMP'),('RJT-RUP-1-01','Platinum','RJT-RUP-1'),('RJT-RUP-1-02','Platinum','RJT-RUP-1'),('RJT-RUP-1-03','Platinum','RJT-RUP-1'),('RJT-RUP-1-04','Platinum','RJT-RUP-1'),('RJT-RUP-1-05','Platinum','RJT-RUP-1'),('RJT-RUP-1-06','Platinum','RJT-RUP-1'),('RJT-RUP-1-07','Platinum','RJT-RUP-1'),('RJT-RUP-1-08','Platinum','RJT-RUP-1'),('RJT-RUP-1-09','Platinum','RJT-RUP-1'),('RJT-RUP-1-10','Platinum','RJT-RUP-1'),('RJT-RUP-1-100','Silver','RJT-RUP-1'),('RJT-RUP-1-11','Platinum','RJT-RUP-1'),('RJT-RUP-1-12','Platinum','RJT-RUP-1'),('RJT-RUP-1-13','Platinum','RJT-RUP-1'),('RJT-RUP-1-14','Platinum','RJT-RUP-1'),('RJT-RUP-1-15','Platinum','RJT-RUP-1'),('RJT-RUP-1-16','Platinum','RJT-RUP-1'),('RJT-RUP-1-17','Platinum','RJT-RUP-1'),('RJT-RUP-1-18','Platinum','RJT-RUP-1'),('RJT-RUP-1-19','Platinum','RJT-RUP-1'),('RJT-RUP-1-20','Platinum','RJT-RUP-1'),('RJT-RUP-1-21','Gold','RJT-RUP-1'),('RJT-RUP-1-22','Gold','RJT-RUP-1'),('RJT-RUP-1-23','Gold','RJT-RUP-1'),('RJT-RUP-1-24','Gold','RJT-RUP-1'),('RJT-RUP-1-25','Gold','RJT-RUP-1'),('RJT-RUP-1-26','Gold','RJT-RUP-1'),('RJT-RUP-1-27','Gold','RJT-RUP-1'),('RJT-RUP-1-28','Gold','RJT-RUP-1'),('RJT-RUP-1-29','Gold','RJT-RUP-1'),('RJT-RUP-1-30','Gold','RJT-RUP-1'),('RJT-RUP-1-31','Gold','RJT-RUP-1'),('RJT-RUP-1-32','Gold','RJT-RUP-1'),('RJT-RUP-1-33','Gold','RJT-RUP-1'),('RJT-RUP-1-34','Gold','RJT-RUP-1'),('RJT-RUP-1-35','Gold','RJT-RUP-1'),('RJT-RUP-1-36','Gold','RJT-RUP-1'),('RJT-RUP-1-37','Gold','RJT-RUP-1'),('RJT-RUP-1-38','Gold','RJT-RUP-1'),('RJT-RUP-1-39','Gold','RJT-RUP-1'),('RJT-RUP-1-40','Gold','RJT-RUP-1'),('RJT-RUP-1-41','Gold','RJT-RUP-1'),('RJT-RUP-1-42','Gold','RJT-RUP-1'),('RJT-RUP-1-43','Gold','RJT-RUP-1'),('RJT-RUP-1-44','Gold','RJT-RUP-1'),('RJT-RUP-1-45','Gold','RJT-RUP-1'),('RJT-RUP-1-46','Gold','RJT-RUP-1'),('RJT-RUP-1-47','Gold','RJT-RUP-1'),('RJT-RUP-1-48','Gold','RJT-RUP-1'),('RJT-RUP-1-49','Gold','RJT-RUP-1'),('RJT-RUP-1-50','Gold','RJT-RUP-1'),('RJT-RUP-1-51','Silver','RJT-RUP-1'),('RJT-RUP-1-52','Silver','RJT-RUP-1'),('RJT-RUP-1-53','Silver','RJT-RUP-1'),('RJT-RUP-1-54','Silver','RJT-RUP-1'),('RJT-RUP-1-55','Silver','RJT-RUP-1'),('RJT-RUP-1-56','Silver','RJT-RUP-1'),('RJT-RUP-1-57','Silver','RJT-RUP-1'),('RJT-RUP-1-58','Silver','RJT-RUP-1'),('RJT-RUP-1-59','Silver','RJT-RUP-1'),('RJT-RUP-1-60','Silver','RJT-RUP-1'),('RJT-RUP-1-61','Silver','RJT-RUP-1'),('RJT-RUP-1-62','Silver','RJT-RUP-1'),('RJT-RUP-1-63','Silver','RJT-RUP-1'),('RJT-RUP-1-64','Silver','RJT-RUP-1'),('RJT-RUP-1-65','Silver','RJT-RUP-1'),('RJT-RUP-1-66','Silver','RJT-RUP-1'),('RJT-RUP-1-67','Silver','RJT-RUP-1'),('RJT-RUP-1-68','Silver','RJT-RUP-1'),('RJT-RUP-1-69','Silver','RJT-RUP-1'),('RJT-RUP-1-70','Silver','RJT-RUP-1'),('RJT-RUP-1-71','Silver','RJT-RUP-1'),('RJT-RUP-1-72','Silver','RJT-RUP-1'),('RJT-RUP-1-73','Silver','RJT-RUP-1'),('RJT-RUP-1-74','Silver','RJT-RUP-1'),('RJT-RUP-1-75','Silver','RJT-RUP-1'),('RJT-RUP-1-76','Silver','RJT-RUP-1'),('RJT-RUP-1-77','Silver','RJT-RUP-1'),('RJT-RUP-1-78','Silver','RJT-RUP-1'),('RJT-RUP-1-79','Silver','RJT-RUP-1'),('RJT-RUP-1-80','Silver','RJT-RUP-1'),('RJT-RUP-1-81','Silver','RJT-RUP-1'),('RJT-RUP-1-82','Silver','RJT-RUP-1'),('RJT-RUP-1-83','Silver','RJT-RUP-1'),('RJT-RUP-1-84','Silver','RJT-RUP-1'),('RJT-RUP-1-85','Silver','RJT-RUP-1'),('RJT-RUP-1-86','Silver','RJT-RUP-1'),('RJT-RUP-1-87','Silver','RJT-RUP-1'),('RJT-RUP-1-88','Silver','RJT-RUP-1'),('RJT-RUP-1-89','Silver','RJT-RUP-1'),('RJT-RUP-1-90','Silver','RJT-RUP-1'),('RJT-RUP-1-91','Silver','RJT-RUP-1'),('RJT-RUP-1-92','Silver','RJT-RUP-1'),('RJT-RUP-1-93','Silver','RJT-RUP-1'),('RJT-RUP-1-94','Silver','RJT-RUP-1'),('RJT-RUP-1-95','Silver','RJT-RUP-1'),('RJT-RUP-1-96','Silver','RJT-RUP-1'),('RJT-RUP-1-97','Silver','RJT-RUP-1'),('RJT-RUP-1-98','Silver','RJT-RUP-1'),('RJT-RUP-1-99','Silver','RJT-RUP-1'),('SUT-ACR-1-01','Platinum','SUT-ACR-1'),('SUT-ACR-1-02','Platinum','SUT-ACR-1'),('SUT-ACR-1-03','Platinum','SUT-ACR-1'),('SUT-ACR-1-04','Platinum','SUT-ACR-1'),('SUT-ACR-1-05','Platinum','SUT-ACR-1'),('SUT-ACR-1-06','Platinum','SUT-ACR-1'),('SUT-ACR-1-07','Platinum','SUT-ACR-1'),('SUT-ACR-1-08','Platinum','SUT-ACR-1'),('SUT-ACR-1-09','Platinum','SUT-ACR-1'),('SUT-ACR-1-10','Platinum','SUT-ACR-1'),('SUT-ACR-1-11','Gold','SUT-ACR-1'),('SUT-ACR-1-12','Gold','SUT-ACR-1'),('SUT-ACR-1-13','Gold','SUT-ACR-1'),('SUT-ACR-1-14','Gold','SUT-ACR-1'),('SUT-ACR-1-15','Gold','SUT-ACR-1'),('SUT-ACR-1-16','Gold','SUT-ACR-1'),('SUT-ACR-1-17','Gold','SUT-ACR-1'),('SUT-ACR-1-18','Gold','SUT-ACR-1'),('SUT-ACR-1-19','Gold','SUT-ACR-1'),('SUT-ACR-1-20','Gold','SUT-ACR-1'),('SUT-ACR-1-21','Silver','SUT-ACR-1'),('SUT-ACR-1-22','Silver','SUT-ACR-1'),('SUT-ACR-1-23','Silver','SUT-ACR-1'),('SUT-ACR-1-24','Silver','SUT-ACR-1'),('SUT-ACR-1-25','Silver','SUT-ACR-1'),('SUT-ACR-1-26','Silver','SUT-ACR-1'),('SUT-ACR-1-27','Silver','SUT-ACR-1'),('SUT-ACR-1-28','Silver','SUT-ACR-1'),('SUT-ACR-1-29','Silver','SUT-ACR-1'),('SUT-ACR-1-30','Silver','SUT-ACR-1'),('SUT-ACR-2-01','Platinum','SUT-ACR-2'),('SUT-ACR-2-02','Platinum','SUT-ACR-2'),('SUT-ACR-2-03','Platinum','SUT-ACR-2'),('SUT-ACR-2-04','Platinum','SUT-ACR-2'),('SUT-ACR-2-05','Platinum','SUT-ACR-2'),('SUT-ACR-2-06','Platinum','SUT-ACR-2'),('SUT-ACR-2-07','Platinum','SUT-ACR-2'),('SUT-ACR-2-08','Platinum','SUT-ACR-2'),('SUT-ACR-2-09','Platinum','SUT-ACR-2'),('SUT-ACR-2-10','Platinum','SUT-ACR-2'),('SUT-ACR-2-11','Gold','SUT-ACR-2'),('SUT-ACR-2-12','Gold','SUT-ACR-2'),('SUT-ACR-2-13','Gold','SUT-ACR-2'),('SUT-ACR-2-14','Gold','SUT-ACR-2'),('SUT-ACR-2-15','Gold','SUT-ACR-2'),('SUT-ACR-2-16','Gold','SUT-ACR-2'),('SUT-ACR-2-17','Gold','SUT-ACR-2'),('SUT-ACR-2-18','Gold','SUT-ACR-2'),('SUT-ACR-2-19','Gold','SUT-ACR-2'),('SUT-ACR-2-20','Gold','SUT-ACR-2'),('SUT-ACR-2-21','Silver','SUT-ACR-2'),('SUT-ACR-2-22','Silver','SUT-ACR-2'),('SUT-ACR-2-23','Silver','SUT-ACR-2'),('SUT-ACR-2-24','Silver','SUT-ACR-2'),('SUT-ACR-2-25','Silver','SUT-ACR-2'),('SUT-ACR-2-26','Silver','SUT-ACR-2'),('SUT-ACR-2-27','Silver','SUT-ACR-2'),('SUT-ACR-2-28','Silver','SUT-ACR-2'),('SUT-ACR-2-29','Silver','SUT-ACR-2'),('SUT-ACR-2-30','Silver','SUT-ACR-2'),('SUT-CBSC-01','Platinum','SUT-CBSC'),('SUT-CBSC-02','Platinum','SUT-CBSC'),('SUT-CBSC-03','Platinum','SUT-CBSC'),('SUT-CBSC-04','Platinum','SUT-CBSC'),('SUT-CBSC-05','Platinum','SUT-CBSC'),('SUT-CBSC-06','Platinum','SUT-CBSC'),('SUT-CBSC-07','Platinum','SUT-CBSC'),('SUT-CBSC-08','Platinum','SUT-CBSC'),('SUT-CBSC-09','Platinum','SUT-CBSC'),('SUT-CBSC-10','Platinum','SUT-CBSC'),('SUT-CBSC-100','Platinum','SUT-CBSC'),('SUT-CBSC-101','Gold','SUT-CBSC'),('SUT-CBSC-102','Gold','SUT-CBSC'),('SUT-CBSC-103','Gold','SUT-CBSC'),('SUT-CBSC-104','Gold','SUT-CBSC'),('SUT-CBSC-105','Gold','SUT-CBSC'),('SUT-CBSC-106','Gold','SUT-CBSC'),('SUT-CBSC-107','Gold','SUT-CBSC'),('SUT-CBSC-108','Gold','SUT-CBSC'),('SUT-CBSC-109','Gold','SUT-CBSC'),('SUT-CBSC-11','Platinum','SUT-CBSC'),('SUT-CBSC-110','Gold','SUT-CBSC'),('SUT-CBSC-111','Gold','SUT-CBSC'),('SUT-CBSC-112','Gold','SUT-CBSC'),('SUT-CBSC-113','Gold','SUT-CBSC'),('SUT-CBSC-114','Gold','SUT-CBSC'),('SUT-CBSC-115','Gold','SUT-CBSC'),('SUT-CBSC-116','Gold','SUT-CBSC'),('SUT-CBSC-117','Gold','SUT-CBSC'),('SUT-CBSC-118','Gold','SUT-CBSC'),('SUT-CBSC-119','Gold','SUT-CBSC'),('SUT-CBSC-12','Platinum','SUT-CBSC'),('SUT-CBSC-120','Gold','SUT-CBSC'),('SUT-CBSC-121','Gold','SUT-CBSC'),('SUT-CBSC-122','Gold','SUT-CBSC'),('SUT-CBSC-123','Gold','SUT-CBSC'),('SUT-CBSC-124','Gold','SUT-CBSC'),('SUT-CBSC-125','Gold','SUT-CBSC'),('SUT-CBSC-126','Gold','SUT-CBSC'),('SUT-CBSC-127','Gold','SUT-CBSC'),('SUT-CBSC-128','Gold','SUT-CBSC'),('SUT-CBSC-129','Gold','SUT-CBSC'),('SUT-CBSC-13','Platinum','SUT-CBSC'),('SUT-CBSC-130','Gold','SUT-CBSC'),('SUT-CBSC-131','Gold','SUT-CBSC'),('SUT-CBSC-132','Gold','SUT-CBSC'),('SUT-CBSC-133','Gold','SUT-CBSC'),('SUT-CBSC-134','Gold','SUT-CBSC'),('SUT-CBSC-135','Gold','SUT-CBSC'),('SUT-CBSC-136','Gold','SUT-CBSC'),('SUT-CBSC-137','Gold','SUT-CBSC'),('SUT-CBSC-138','Gold','SUT-CBSC'),('SUT-CBSC-139','Gold','SUT-CBSC'),('SUT-CBSC-14','Platinum','SUT-CBSC'),('SUT-CBSC-140','Gold','SUT-CBSC'),('SUT-CBSC-141','Gold','SUT-CBSC'),('SUT-CBSC-142','Gold','SUT-CBSC'),('SUT-CBSC-143','Gold','SUT-CBSC'),('SUT-CBSC-144','Gold','SUT-CBSC'),('SUT-CBSC-145','Gold','SUT-CBSC'),('SUT-CBSC-146','Gold','SUT-CBSC'),('SUT-CBSC-147','Gold','SUT-CBSC'),('SUT-CBSC-148','Gold','SUT-CBSC'),('SUT-CBSC-149','Gold','SUT-CBSC'),('SUT-CBSC-15','Platinum','SUT-CBSC'),('SUT-CBSC-150','Gold','SUT-CBSC'),('SUT-CBSC-151','Gold','SUT-CBSC'),('SUT-CBSC-152','Gold','SUT-CBSC'),('SUT-CBSC-153','Gold','SUT-CBSC'),('SUT-CBSC-154','Gold','SUT-CBSC'),('SUT-CBSC-155','Gold','SUT-CBSC'),('SUT-CBSC-156','Gold','SUT-CBSC'),('SUT-CBSC-157','Gold','SUT-CBSC'),('SUT-CBSC-158','Gold','SUT-CBSC'),('SUT-CBSC-159','Gold','SUT-CBSC'),('SUT-CBSC-16','Platinum','SUT-CBSC'),('SUT-CBSC-160','Gold','SUT-CBSC'),('SUT-CBSC-161','Gold','SUT-CBSC'),('SUT-CBSC-162','Gold','SUT-CBSC'),('SUT-CBSC-163','Gold','SUT-CBSC'),('SUT-CBSC-164','Gold','SUT-CBSC'),('SUT-CBSC-165','Gold','SUT-CBSC'),('SUT-CBSC-166','Gold','SUT-CBSC'),('SUT-CBSC-167','Gold','SUT-CBSC'),('SUT-CBSC-168','Gold','SUT-CBSC'),('SUT-CBSC-169','Gold','SUT-CBSC'),('SUT-CBSC-17','Platinum','SUT-CBSC'),('SUT-CBSC-170','Gold','SUT-CBSC'),('SUT-CBSC-171','Gold','SUT-CBSC'),('SUT-CBSC-172','Gold','SUT-CBSC'),('SUT-CBSC-173','Gold','SUT-CBSC'),('SUT-CBSC-174','Gold','SUT-CBSC'),('SUT-CBSC-175','Gold','SUT-CBSC'),('SUT-CBSC-176','Gold','SUT-CBSC'),('SUT-CBSC-177','Gold','SUT-CBSC'),('SUT-CBSC-178','Gold','SUT-CBSC'),('SUT-CBSC-179','Gold','SUT-CBSC'),('SUT-CBSC-18','Platinum','SUT-CBSC'),('SUT-CBSC-180','Gold','SUT-CBSC'),('SUT-CBSC-181','Gold','SUT-CBSC'),('SUT-CBSC-182','Gold','SUT-CBSC'),('SUT-CBSC-183','Gold','SUT-CBSC'),('SUT-CBSC-184','Gold','SUT-CBSC'),('SUT-CBSC-185','Gold','SUT-CBSC'),('SUT-CBSC-186','Gold','SUT-CBSC'),('SUT-CBSC-187','Gold','SUT-CBSC'),('SUT-CBSC-188','Gold','SUT-CBSC'),('SUT-CBSC-189','Gold','SUT-CBSC'),('SUT-CBSC-19','Platinum','SUT-CBSC'),('SUT-CBSC-190','Gold','SUT-CBSC'),('SUT-CBSC-191','Gold','SUT-CBSC'),('SUT-CBSC-192','Gold','SUT-CBSC'),('SUT-CBSC-193','Gold','SUT-CBSC'),('SUT-CBSC-194','Gold','SUT-CBSC'),('SUT-CBSC-195','Gold','SUT-CBSC'),('SUT-CBSC-196','Gold','SUT-CBSC'),('SUT-CBSC-197','Gold','SUT-CBSC'),('SUT-CBSC-198','Gold','SUT-CBSC'),('SUT-CBSC-199','Gold','SUT-CBSC'),('SUT-CBSC-20','Platinum','SUT-CBSC'),('SUT-CBSC-200','Gold','SUT-CBSC'),('SUT-CBSC-201','Silver','SUT-CBSC'),('SUT-CBSC-202','Silver','SUT-CBSC'),('SUT-CBSC-203','Silver','SUT-CBSC'),('SUT-CBSC-204','Silver','SUT-CBSC'),('SUT-CBSC-205','Silver','SUT-CBSC'),('SUT-CBSC-206','Silver','SUT-CBSC'),('SUT-CBSC-207','Silver','SUT-CBSC'),('SUT-CBSC-208','Silver','SUT-CBSC'),('SUT-CBSC-209','Silver','SUT-CBSC'),('SUT-CBSC-21','Platinum','SUT-CBSC'),('SUT-CBSC-210','Silver','SUT-CBSC'),('SUT-CBSC-211','Silver','SUT-CBSC'),('SUT-CBSC-212','Silver','SUT-CBSC'),('SUT-CBSC-213','Silver','SUT-CBSC'),('SUT-CBSC-214','Silver','SUT-CBSC'),('SUT-CBSC-215','Silver','SUT-CBSC'),('SUT-CBSC-216','Silver','SUT-CBSC'),('SUT-CBSC-217','Silver','SUT-CBSC'),('SUT-CBSC-218','Silver','SUT-CBSC'),('SUT-CBSC-219','Silver','SUT-CBSC'),('SUT-CBSC-22','Platinum','SUT-CBSC'),('SUT-CBSC-220','Silver','SUT-CBSC'),('SUT-CBSC-221','Silver','SUT-CBSC'),('SUT-CBSC-222','Silver','SUT-CBSC'),('SUT-CBSC-223','Silver','SUT-CBSC'),('SUT-CBSC-224','Silver','SUT-CBSC'),('SUT-CBSC-225','Silver','SUT-CBSC'),('SUT-CBSC-226','Silver','SUT-CBSC'),('SUT-CBSC-227','Silver','SUT-CBSC'),('SUT-CBSC-228','Silver','SUT-CBSC'),('SUT-CBSC-229','Silver','SUT-CBSC'),('SUT-CBSC-23','Platinum','SUT-CBSC'),('SUT-CBSC-230','Silver','SUT-CBSC'),('SUT-CBSC-231','Silver','SUT-CBSC'),('SUT-CBSC-232','Silver','SUT-CBSC'),('SUT-CBSC-233','Silver','SUT-CBSC'),('SUT-CBSC-234','Silver','SUT-CBSC'),('SUT-CBSC-235','Silver','SUT-CBSC'),('SUT-CBSC-236','Silver','SUT-CBSC'),('SUT-CBSC-237','Silver','SUT-CBSC'),('SUT-CBSC-238','Silver','SUT-CBSC'),('SUT-CBSC-239','Silver','SUT-CBSC'),('SUT-CBSC-24','Platinum','SUT-CBSC'),('SUT-CBSC-240','Silver','SUT-CBSC'),('SUT-CBSC-241','Silver','SUT-CBSC'),('SUT-CBSC-242','Silver','SUT-CBSC'),('SUT-CBSC-243','Silver','SUT-CBSC'),('SUT-CBSC-244','Silver','SUT-CBSC'),('SUT-CBSC-245','Silver','SUT-CBSC'),('SUT-CBSC-246','Silver','SUT-CBSC'),('SUT-CBSC-247','Silver','SUT-CBSC'),('SUT-CBSC-248','Silver','SUT-CBSC'),('SUT-CBSC-249','Silver','SUT-CBSC'),('SUT-CBSC-25','Platinum','SUT-CBSC'),('SUT-CBSC-250','Silver','SUT-CBSC'),('SUT-CBSC-251','Silver','SUT-CBSC'),('SUT-CBSC-252','Silver','SUT-CBSC'),('SUT-CBSC-253','Silver','SUT-CBSC'),('SUT-CBSC-254','Silver','SUT-CBSC'),('SUT-CBSC-255','Silver','SUT-CBSC'),('SUT-CBSC-256','Silver','SUT-CBSC'),('SUT-CBSC-257','Silver','SUT-CBSC'),('SUT-CBSC-258','Silver','SUT-CBSC'),('SUT-CBSC-259','Silver','SUT-CBSC'),('SUT-CBSC-26','Platinum','SUT-CBSC'),('SUT-CBSC-260','Silver','SUT-CBSC'),('SUT-CBSC-261','Silver','SUT-CBSC'),('SUT-CBSC-262','Silver','SUT-CBSC'),('SUT-CBSC-263','Silver','SUT-CBSC'),('SUT-CBSC-264','Silver','SUT-CBSC'),('SUT-CBSC-265','Silver','SUT-CBSC'),('SUT-CBSC-266','Silver','SUT-CBSC'),('SUT-CBSC-267','Silver','SUT-CBSC'),('SUT-CBSC-268','Silver','SUT-CBSC'),('SUT-CBSC-269','Silver','SUT-CBSC'),('SUT-CBSC-27','Platinum','SUT-CBSC'),('SUT-CBSC-270','Silver','SUT-CBSC'),('SUT-CBSC-271','Silver','SUT-CBSC'),('SUT-CBSC-272','Silver','SUT-CBSC'),('SUT-CBSC-273','Silver','SUT-CBSC'),('SUT-CBSC-274','Silver','SUT-CBSC'),('SUT-CBSC-275','Silver','SUT-CBSC'),('SUT-CBSC-276','Silver','SUT-CBSC'),('SUT-CBSC-277','Silver','SUT-CBSC'),('SUT-CBSC-278','Silver','SUT-CBSC'),('SUT-CBSC-279','Silver','SUT-CBSC'),('SUT-CBSC-28','Platinum','SUT-CBSC'),('SUT-CBSC-280','Silver','SUT-CBSC'),('SUT-CBSC-281','Silver','SUT-CBSC'),('SUT-CBSC-282','Silver','SUT-CBSC'),('SUT-CBSC-283','Silver','SUT-CBSC'),('SUT-CBSC-284','Silver','SUT-CBSC'),('SUT-CBSC-285','Silver','SUT-CBSC'),('SUT-CBSC-286','Silver','SUT-CBSC'),('SUT-CBSC-287','Silver','SUT-CBSC'),('SUT-CBSC-288','Silver','SUT-CBSC'),('SUT-CBSC-289','Silver','SUT-CBSC'),('SUT-CBSC-29','Platinum','SUT-CBSC'),('SUT-CBSC-290','Silver','SUT-CBSC'),('SUT-CBSC-291','Silver','SUT-CBSC'),('SUT-CBSC-292','Silver','SUT-CBSC'),('SUT-CBSC-293','Silver','SUT-CBSC'),('SUT-CBSC-294','Silver','SUT-CBSC'),('SUT-CBSC-295','Silver','SUT-CBSC'),('SUT-CBSC-296','Silver','SUT-CBSC'),('SUT-CBSC-297','Silver','SUT-CBSC'),('SUT-CBSC-298','Silver','SUT-CBSC'),('SUT-CBSC-299','Silver','SUT-CBSC'),('SUT-CBSC-30','Platinum','SUT-CBSC'),('SUT-CBSC-300','Silver','SUT-CBSC'),('SUT-CBSC-31','Platinum','SUT-CBSC'),('SUT-CBSC-32','Platinum','SUT-CBSC'),('SUT-CBSC-33','Platinum','SUT-CBSC'),('SUT-CBSC-34','Platinum','SUT-CBSC'),('SUT-CBSC-35','Platinum','SUT-CBSC'),('SUT-CBSC-36','Platinum','SUT-CBSC'),('SUT-CBSC-37','Platinum','SUT-CBSC'),('SUT-CBSC-38','Platinum','SUT-CBSC'),('SUT-CBSC-39','Platinum','SUT-CBSC'),('SUT-CBSC-40','Platinum','SUT-CBSC'),('SUT-CBSC-41','Platinum','SUT-CBSC'),('SUT-CBSC-42','Platinum','SUT-CBSC'),('SUT-CBSC-43','Platinum','SUT-CBSC'),('SUT-CBSC-44','Platinum','SUT-CBSC'),('SUT-CBSC-45','Platinum','SUT-CBSC'),('SUT-CBSC-46','Platinum','SUT-CBSC'),('SUT-CBSC-47','Platinum','SUT-CBSC'),('SUT-CBSC-48','Platinum','SUT-CBSC'),('SUT-CBSC-49','Platinum','SUT-CBSC'),('SUT-CBSC-50','Platinum','SUT-CBSC'),('SUT-CBSC-51','Platinum','SUT-CBSC'),('SUT-CBSC-52','Platinum','SUT-CBSC'),('SUT-CBSC-53','Platinum','SUT-CBSC'),('SUT-CBSC-54','Platinum','SUT-CBSC'),('SUT-CBSC-55','Platinum','SUT-CBSC'),('SUT-CBSC-56','Platinum','SUT-CBSC'),('SUT-CBSC-57','Platinum','SUT-CBSC'),('SUT-CBSC-58','Platinum','SUT-CBSC'),('SUT-CBSC-59','Platinum','SUT-CBSC'),('SUT-CBSC-60','Platinum','SUT-CBSC'),('SUT-CBSC-61','Platinum','SUT-CBSC'),('SUT-CBSC-62','Platinum','SUT-CBSC'),('SUT-CBSC-63','Platinum','SUT-CBSC'),('SUT-CBSC-64','Platinum','SUT-CBSC'),('SUT-CBSC-65','Platinum','SUT-CBSC'),('SUT-CBSC-66','Platinum','SUT-CBSC'),('SUT-CBSC-67','Platinum','SUT-CBSC'),('SUT-CBSC-68','Platinum','SUT-CBSC'),('SUT-CBSC-69','Platinum','SUT-CBSC'),('SUT-CBSC-70','Platinum','SUT-CBSC'),('SUT-CBSC-71','Platinum','SUT-CBSC'),('SUT-CBSC-72','Platinum','SUT-CBSC'),('SUT-CBSC-73','Platinum','SUT-CBSC'),('SUT-CBSC-74','Platinum','SUT-CBSC'),('SUT-CBSC-75','Platinum','SUT-CBSC'),('SUT-CBSC-76','Platinum','SUT-CBSC'),('SUT-CBSC-77','Platinum','SUT-CBSC'),('SUT-CBSC-78','Platinum','SUT-CBSC'),('SUT-CBSC-79','Platinum','SUT-CBSC'),('SUT-CBSC-80','Platinum','SUT-CBSC'),('SUT-CBSC-81','Platinum','SUT-CBSC'),('SUT-CBSC-82','Platinum','SUT-CBSC'),('SUT-CBSC-83','Platinum','SUT-CBSC'),('SUT-CBSC-84','Platinum','SUT-CBSC'),('SUT-CBSC-85','Platinum','SUT-CBSC'),('SUT-CBSC-86','Platinum','SUT-CBSC'),('SUT-CBSC-87','Platinum','SUT-CBSC'),('SUT-CBSC-88','Platinum','SUT-CBSC'),('SUT-CBSC-89','Platinum','SUT-CBSC'),('SUT-CBSC-90','Platinum','SUT-CBSC'),('SUT-CBSC-91','Platinum','SUT-CBSC'),('SUT-CBSC-92','Platinum','SUT-CBSC'),('SUT-CBSC-93','Platinum','SUT-CBSC'),('SUT-CBSC-94','Platinum','SUT-CBSC'),('SUT-CBSC-95','Platinum','SUT-CBSC'),('SUT-CBSC-96','Platinum','SUT-CBSC'),('SUT-CBSC-97','Platinum','SUT-CBSC'),('SUT-CBSC-98','Platinum','SUT-CBSC'),('SUT-CBSC-99','Platinum','SUT-CBSC'),('SUT-JAHT-1-01','Platinum','SUT-JAHT-1'),('SUT-JAHT-1-02','Platinum','SUT-JAHT-1'),('SUT-JAHT-1-03','Platinum','SUT-JAHT-1'),('SUT-JAHT-1-04','Platinum','SUT-JAHT-1'),('SUT-JAHT-1-05','Platinum','SUT-JAHT-1'),('SUT-JAHT-1-06','Platinum','SUT-JAHT-1'),('SUT-JAHT-1-07','Platinum','SUT-JAHT-1'),('SUT-JAHT-1-08','Platinum','SUT-JAHT-1'),('SUT-JAHT-1-09','Platinum','SUT-JAHT-1'),('SUT-JAHT-1-10','Platinum','SUT-JAHT-1'),('SUT-JAHT-1-11','Gold','SUT-JAHT-1'),('SUT-JAHT-1-12','Gold','SUT-JAHT-1'),('SUT-JAHT-1-13','Gold','SUT-JAHT-1'),('SUT-JAHT-1-14','Gold','SUT-JAHT-1'),('SUT-JAHT-1-15','Gold','SUT-JAHT-1'),('SUT-JAHT-1-16','Gold','SUT-JAHT-1'),('SUT-JAHT-1-17','Gold','SUT-JAHT-1'),('SUT-JAHT-1-18','Gold','SUT-JAHT-1'),('SUT-JAHT-1-19','Gold','SUT-JAHT-1'),('SUT-JAHT-1-20','Gold','SUT-JAHT-1'),('SUT-JAHT-1-21','Silver','SUT-JAHT-1'),('SUT-JAHT-1-22','Silver','SUT-JAHT-1'),('SUT-JAHT-1-23','Silver','SUT-JAHT-1'),('SUT-JAHT-1-24','Silver','SUT-JAHT-1'),('SUT-JAHT-1-25','Silver','SUT-JAHT-1'),('SUT-JAHT-1-26','Silver','SUT-JAHT-1'),('SUT-JAHT-1-27','Silver','SUT-JAHT-1'),('SUT-JAHT-1-28','Silver','SUT-JAHT-1'),('SUT-JAHT-1-29','Silver','SUT-JAHT-1'),('SUT-JAHT-1-30','Silver','SUT-JAHT-1'),('SUT-JAHT-1-31','Silver','SUT-JAHT-1'),('SUT-JAHT-1-32','Silver','SUT-JAHT-1'),('SUT-JAHT-1-33','Silver','SUT-JAHT-1'),('SUT-JAHT-1-34','Silver','SUT-JAHT-1'),('SUT-JAHT-1-35','Silver','SUT-JAHT-1'),('SUT-JAHT-1-36','Silver','SUT-JAHT-1'),('SUT-JAHT-1-37','Silver','SUT-JAHT-1'),('SUT-JAHT-1-38','Silver','SUT-JAHT-1'),('SUT-JAHT-1-39','Silver','SUT-JAHT-1'),('SUT-JAHT-1-40','Silver','SUT-JAHT-1'),('SUT-JAHT-1-41','Silver','SUT-JAHT-1'),('SUT-JAHT-1-42','Silver','SUT-JAHT-1'),('SUT-JAHT-1-43','Silver','SUT-JAHT-1'),('SUT-JAHT-1-44','Silver','SUT-JAHT-1'),('SUT-JAHT-1-45','Silver','SUT-JAHT-1'),('SUT-JAHT-1-46','Silver','SUT-JAHT-1'),('SUT-JAHT-1-47','Silver','SUT-JAHT-1'),('SUT-JAHT-1-48','Silver','SUT-JAHT-1'),('SUT-JAHT-1-49','Silver','SUT-JAHT-1'),('SUT-JAHT-1-50','Silver','SUT-JAHT-1'),('SUT-JAHT-2-01','Platinum','SUT-JAHT-2'),('SUT-JAHT-2-02','Platinum','SUT-JAHT-2'),('SUT-JAHT-2-03','Platinum','SUT-JAHT-2'),('SUT-JAHT-2-04','Platinum','SUT-JAHT-2'),('SUT-JAHT-2-05','Platinum','SUT-JAHT-2'),('SUT-JAHT-2-06','Platinum','SUT-JAHT-2'),('SUT-JAHT-2-07','Platinum','SUT-JAHT-2'),('SUT-JAHT-2-08','Platinum','SUT-JAHT-2'),('SUT-JAHT-2-09','Platinum','SUT-JAHT-2'),('SUT-JAHT-2-10','Platinum','SUT-JAHT-2'),('SUT-JAHT-2-11','Gold','SUT-JAHT-2'),('SUT-JAHT-2-12','Gold','SUT-JAHT-2'),('SUT-JAHT-2-13','Gold','SUT-JAHT-2'),('SUT-JAHT-2-14','Gold','SUT-JAHT-2'),('SUT-JAHT-2-15','Gold','SUT-JAHT-2'),('SUT-JAHT-2-16','Gold','SUT-JAHT-2'),('SUT-JAHT-2-17','Gold','SUT-JAHT-2'),('SUT-JAHT-2-18','Gold','SUT-JAHT-2'),('SUT-JAHT-2-19','Gold','SUT-JAHT-2'),('SUT-JAHT-2-20','Gold','SUT-JAHT-2'),('SUT-JAHT-2-21','Silver','SUT-JAHT-2'),('SUT-JAHT-2-22','Silver','SUT-JAHT-2'),('SUT-JAHT-2-23','Silver','SUT-JAHT-2'),('SUT-JAHT-2-24','Silver','SUT-JAHT-2'),('SUT-JAHT-2-25','Silver','SUT-JAHT-2'),('SUT-JAHT-2-26','Silver','SUT-JAHT-2'),('SUT-JAHT-2-27','Silver','SUT-JAHT-2'),('SUT-JAHT-2-28','Silver','SUT-JAHT-2'),('SUT-JAHT-2-29','Silver','SUT-JAHT-2'),('SUT-JAHT-2-30','Silver','SUT-JAHT-2'),('SUT-JAHT-2-31','Silver','SUT-JAHT-2'),('SUT-JAHT-2-32','Silver','SUT-JAHT-2'),('SUT-JAHT-2-33','Silver','SUT-JAHT-2'),('SUT-JAHT-2-34','Silver','SUT-JAHT-2'),('SUT-JAHT-2-35','Silver','SUT-JAHT-2'),('SUT-JAHT-2-36','Silver','SUT-JAHT-2'),('SUT-JAHT-2-37','Silver','SUT-JAHT-2'),('SUT-JAHT-2-38','Silver','SUT-JAHT-2'),('SUT-JAHT-2-39','Silver','SUT-JAHT-2'),('SUT-JAHT-2-40','Silver','SUT-JAHT-2'),('SUT-JAHT-2-41','Silver','SUT-JAHT-2'),('SUT-JAHT-2-42','Silver','SUT-JAHT-2'),('SUT-JAHT-2-43','Silver','SUT-JAHT-2'),('SUT-JAHT-2-44','Silver','SUT-JAHT-2'),('SUT-JAHT-2-45','Silver','SUT-JAHT-2'),('SUT-JAHT-2-46','Silver','SUT-JAHT-2'),('SUT-JAHT-2-47','Silver','SUT-JAHT-2'),('SUT-JAHT-2-48','Silver','SUT-JAHT-2'),('SUT-JAHT-2-49','Silver','SUT-JAHT-2'),('SUT-JAHT-2-50','Silver','SUT-JAHT-2'),('SUT-LPP-01','Platinum','SUT-LPP'),('SUT-LPP-02','Platinum','SUT-LPP'),('SUT-LPP-03','Platinum','SUT-LPP'),('SUT-LPP-04','Platinum','SUT-LPP'),('SUT-LPP-05','Platinum','SUT-LPP'),('SUT-LPP-06','Platinum','SUT-LPP'),('SUT-LPP-07','Platinum','SUT-LPP'),('SUT-LPP-08','Platinum','SUT-LPP'),('SUT-LPP-09','Platinum','SUT-LPP'),('SUT-LPP-10','Platinum','SUT-LPP'),('SUT-LPP-100','Platinum','SUT-LPP'),('SUT-LPP-101','Gold','SUT-LPP'),('SUT-LPP-102','Gold','SUT-LPP'),('SUT-LPP-103','Gold','SUT-LPP'),('SUT-LPP-104','Gold','SUT-LPP'),('SUT-LPP-105','Gold','SUT-LPP'),('SUT-LPP-106','Gold','SUT-LPP'),('SUT-LPP-107','Gold','SUT-LPP'),('SUT-LPP-108','Gold','SUT-LPP'),('SUT-LPP-109','Gold','SUT-LPP'),('SUT-LPP-11','Platinum','SUT-LPP'),('SUT-LPP-110','Gold','SUT-LPP'),('SUT-LPP-111','Gold','SUT-LPP'),('SUT-LPP-112','Gold','SUT-LPP'),('SUT-LPP-113','Gold','SUT-LPP'),('SUT-LPP-114','Gold','SUT-LPP'),('SUT-LPP-115','Gold','SUT-LPP'),('SUT-LPP-116','Gold','SUT-LPP'),('SUT-LPP-117','Gold','SUT-LPP'),('SUT-LPP-118','Gold','SUT-LPP'),('SUT-LPP-119','Gold','SUT-LPP'),('SUT-LPP-12','Platinum','SUT-LPP'),('SUT-LPP-120','Gold','SUT-LPP'),('SUT-LPP-121','Gold','SUT-LPP'),('SUT-LPP-122','Gold','SUT-LPP'),('SUT-LPP-123','Gold','SUT-LPP'),('SUT-LPP-124','Gold','SUT-LPP'),('SUT-LPP-125','Gold','SUT-LPP'),('SUT-LPP-126','Gold','SUT-LPP'),('SUT-LPP-127','Gold','SUT-LPP'),('SUT-LPP-128','Gold','SUT-LPP'),('SUT-LPP-129','Gold','SUT-LPP'),('SUT-LPP-13','Platinum','SUT-LPP'),('SUT-LPP-130','Gold','SUT-LPP'),('SUT-LPP-131','Gold','SUT-LPP'),('SUT-LPP-132','Gold','SUT-LPP'),('SUT-LPP-133','Gold','SUT-LPP'),('SUT-LPP-134','Gold','SUT-LPP'),('SUT-LPP-135','Gold','SUT-LPP'),('SUT-LPP-136','Gold','SUT-LPP'),('SUT-LPP-137','Gold','SUT-LPP'),('SUT-LPP-138','Gold','SUT-LPP'),('SUT-LPP-139','Gold','SUT-LPP'),('SUT-LPP-14','Platinum','SUT-LPP'),('SUT-LPP-140','Gold','SUT-LPP'),('SUT-LPP-141','Gold','SUT-LPP'),('SUT-LPP-142','Gold','SUT-LPP'),('SUT-LPP-143','Gold','SUT-LPP'),('SUT-LPP-144','Gold','SUT-LPP'),('SUT-LPP-145','Gold','SUT-LPP'),('SUT-LPP-146','Gold','SUT-LPP'),('SUT-LPP-147','Gold','SUT-LPP'),('SUT-LPP-148','Gold','SUT-LPP'),('SUT-LPP-149','Gold','SUT-LPP'),('SUT-LPP-15','Platinum','SUT-LPP'),('SUT-LPP-150','Gold','SUT-LPP'),('SUT-LPP-151','Gold','SUT-LPP'),('SUT-LPP-152','Gold','SUT-LPP'),('SUT-LPP-153','Gold','SUT-LPP'),('SUT-LPP-154','Gold','SUT-LPP'),('SUT-LPP-155','Gold','SUT-LPP'),('SUT-LPP-156','Gold','SUT-LPP'),('SUT-LPP-157','Gold','SUT-LPP'),('SUT-LPP-158','Gold','SUT-LPP'),('SUT-LPP-159','Gold','SUT-LPP'),('SUT-LPP-16','Platinum','SUT-LPP'),('SUT-LPP-160','Gold','SUT-LPP'),('SUT-LPP-161','Gold','SUT-LPP'),('SUT-LPP-162','Gold','SUT-LPP'),('SUT-LPP-163','Gold','SUT-LPP'),('SUT-LPP-164','Gold','SUT-LPP'),('SUT-LPP-165','Gold','SUT-LPP'),('SUT-LPP-166','Gold','SUT-LPP'),('SUT-LPP-167','Gold','SUT-LPP'),('SUT-LPP-168','Gold','SUT-LPP'),('SUT-LPP-169','Gold','SUT-LPP'),('SUT-LPP-17','Platinum','SUT-LPP'),('SUT-LPP-170','Gold','SUT-LPP'),('SUT-LPP-171','Gold','SUT-LPP'),('SUT-LPP-172','Gold','SUT-LPP'),('SUT-LPP-173','Gold','SUT-LPP'),('SUT-LPP-174','Gold','SUT-LPP'),('SUT-LPP-175','Gold','SUT-LPP'),('SUT-LPP-176','Gold','SUT-LPP'),('SUT-LPP-177','Gold','SUT-LPP'),('SUT-LPP-178','Gold','SUT-LPP'),('SUT-LPP-179','Gold','SUT-LPP'),('SUT-LPP-18','Platinum','SUT-LPP'),('SUT-LPP-180','Gold','SUT-LPP'),('SUT-LPP-181','Gold','SUT-LPP'),('SUT-LPP-182','Gold','SUT-LPP'),('SUT-LPP-183','Gold','SUT-LPP'),('SUT-LPP-184','Gold','SUT-LPP'),('SUT-LPP-185','Gold','SUT-LPP'),('SUT-LPP-186','Gold','SUT-LPP'),('SUT-LPP-187','Gold','SUT-LPP'),('SUT-LPP-188','Gold','SUT-LPP'),('SUT-LPP-189','Gold','SUT-LPP'),('SUT-LPP-19','Platinum','SUT-LPP'),('SUT-LPP-190','Gold','SUT-LPP'),('SUT-LPP-191','Gold','SUT-LPP'),('SUT-LPP-192','Gold','SUT-LPP'),('SUT-LPP-193','Gold','SUT-LPP'),('SUT-LPP-194','Gold','SUT-LPP'),('SUT-LPP-195','Gold','SUT-LPP'),('SUT-LPP-196','Gold','SUT-LPP'),('SUT-LPP-197','Gold','SUT-LPP'),('SUT-LPP-198','Gold','SUT-LPP'),('SUT-LPP-199','Gold','SUT-LPP'),('SUT-LPP-20','Platinum','SUT-LPP'),('SUT-LPP-200','Gold','SUT-LPP'),('SUT-LPP-201','Silver','SUT-LPP'),('SUT-LPP-202','Silver','SUT-LPP'),('SUT-LPP-203','Silver','SUT-LPP'),('SUT-LPP-204','Silver','SUT-LPP'),('SUT-LPP-205','Silver','SUT-LPP'),('SUT-LPP-206','Silver','SUT-LPP'),('SUT-LPP-207','Silver','SUT-LPP'),('SUT-LPP-208','Silver','SUT-LPP'),('SUT-LPP-209','Silver','SUT-LPP'),('SUT-LPP-21','Platinum','SUT-LPP'),('SUT-LPP-210','Silver','SUT-LPP'),('SUT-LPP-211','Silver','SUT-LPP'),('SUT-LPP-212','Silver','SUT-LPP'),('SUT-LPP-213','Silver','SUT-LPP'),('SUT-LPP-214','Silver','SUT-LPP'),('SUT-LPP-215','Silver','SUT-LPP'),('SUT-LPP-216','Silver','SUT-LPP'),('SUT-LPP-217','Silver','SUT-LPP'),('SUT-LPP-218','Silver','SUT-LPP'),('SUT-LPP-219','Silver','SUT-LPP'),('SUT-LPP-22','Platinum','SUT-LPP'),('SUT-LPP-220','Silver','SUT-LPP'),('SUT-LPP-221','Silver','SUT-LPP'),('SUT-LPP-222','Silver','SUT-LPP'),('SUT-LPP-223','Silver','SUT-LPP'),('SUT-LPP-224','Silver','SUT-LPP'),('SUT-LPP-225','Silver','SUT-LPP'),('SUT-LPP-226','Silver','SUT-LPP'),('SUT-LPP-227','Silver','SUT-LPP'),('SUT-LPP-228','Silver','SUT-LPP'),('SUT-LPP-229','Silver','SUT-LPP'),('SUT-LPP-23','Platinum','SUT-LPP'),('SUT-LPP-230','Silver','SUT-LPP'),('SUT-LPP-231','Silver','SUT-LPP'),('SUT-LPP-232','Silver','SUT-LPP'),('SUT-LPP-233','Silver','SUT-LPP'),('SUT-LPP-234','Silver','SUT-LPP'),('SUT-LPP-235','Silver','SUT-LPP'),('SUT-LPP-236','Silver','SUT-LPP'),('SUT-LPP-237','Silver','SUT-LPP'),('SUT-LPP-238','Silver','SUT-LPP'),('SUT-LPP-239','Silver','SUT-LPP'),('SUT-LPP-24','Platinum','SUT-LPP'),('SUT-LPP-240','Silver','SUT-LPP'),('SUT-LPP-241','Silver','SUT-LPP'),('SUT-LPP-242','Silver','SUT-LPP'),('SUT-LPP-243','Silver','SUT-LPP'),('SUT-LPP-244','Silver','SUT-LPP'),('SUT-LPP-245','Silver','SUT-LPP'),('SUT-LPP-246','Silver','SUT-LPP'),('SUT-LPP-247','Silver','SUT-LPP'),('SUT-LPP-248','Silver','SUT-LPP'),('SUT-LPP-249','Silver','SUT-LPP'),('SUT-LPP-25','Platinum','SUT-LPP'),('SUT-LPP-250','Silver','SUT-LPP'),('SUT-LPP-251','Silver','SUT-LPP'),('SUT-LPP-252','Silver','SUT-LPP'),('SUT-LPP-253','Silver','SUT-LPP'),('SUT-LPP-254','Silver','SUT-LPP'),('SUT-LPP-255','Silver','SUT-LPP'),('SUT-LPP-256','Silver','SUT-LPP'),('SUT-LPP-257','Silver','SUT-LPP'),('SUT-LPP-258','Silver','SUT-LPP'),('SUT-LPP-259','Silver','SUT-LPP'),('SUT-LPP-26','Platinum','SUT-LPP'),('SUT-LPP-260','Silver','SUT-LPP'),('SUT-LPP-261','Silver','SUT-LPP'),('SUT-LPP-262','Silver','SUT-LPP'),('SUT-LPP-263','Silver','SUT-LPP'),('SUT-LPP-264','Silver','SUT-LPP'),('SUT-LPP-265','Silver','SUT-LPP'),('SUT-LPP-266','Silver','SUT-LPP'),('SUT-LPP-267','Silver','SUT-LPP'),('SUT-LPP-268','Silver','SUT-LPP'),('SUT-LPP-269','Silver','SUT-LPP'),('SUT-LPP-27','Platinum','SUT-LPP'),('SUT-LPP-270','Silver','SUT-LPP'),('SUT-LPP-271','Silver','SUT-LPP'),('SUT-LPP-272','Silver','SUT-LPP'),('SUT-LPP-273','Silver','SUT-LPP'),('SUT-LPP-274','Silver','SUT-LPP'),('SUT-LPP-275','Silver','SUT-LPP'),('SUT-LPP-276','Silver','SUT-LPP'),('SUT-LPP-277','Silver','SUT-LPP'),('SUT-LPP-278','Silver','SUT-LPP'),('SUT-LPP-279','Silver','SUT-LPP'),('SUT-LPP-28','Platinum','SUT-LPP'),('SUT-LPP-280','Silver','SUT-LPP'),('SUT-LPP-281','Silver','SUT-LPP'),('SUT-LPP-282','Silver','SUT-LPP'),('SUT-LPP-283','Silver','SUT-LPP'),('SUT-LPP-284','Silver','SUT-LPP'),('SUT-LPP-285','Silver','SUT-LPP'),('SUT-LPP-286','Silver','SUT-LPP'),('SUT-LPP-287','Silver','SUT-LPP'),('SUT-LPP-288','Silver','SUT-LPP'),('SUT-LPP-289','Silver','SUT-LPP'),('SUT-LPP-29','Platinum','SUT-LPP'),('SUT-LPP-290','Silver','SUT-LPP'),('SUT-LPP-291','Silver','SUT-LPP'),('SUT-LPP-292','Silver','SUT-LPP'),('SUT-LPP-293','Silver','SUT-LPP'),('SUT-LPP-294','Silver','SUT-LPP'),('SUT-LPP-295','Silver','SUT-LPP'),('SUT-LPP-296','Silver','SUT-LPP'),('SUT-LPP-297','Silver','SUT-LPP'),('SUT-LPP-298','Silver','SUT-LPP'),('SUT-LPP-299','Silver','SUT-LPP'),('SUT-LPP-30','Platinum','SUT-LPP'),('SUT-LPP-300','Silver','SUT-LPP'),('SUT-LPP-31','Platinum','SUT-LPP'),('SUT-LPP-32','Platinum','SUT-LPP'),('SUT-LPP-33','Platinum','SUT-LPP'),('SUT-LPP-34','Platinum','SUT-LPP'),('SUT-LPP-35','Platinum','SUT-LPP'),('SUT-LPP-36','Platinum','SUT-LPP'),('SUT-LPP-37','Platinum','SUT-LPP'),('SUT-LPP-38','Platinum','SUT-LPP'),('SUT-LPP-39','Platinum','SUT-LPP'),('SUT-LPP-40','Platinum','SUT-LPP'),('SUT-LPP-41','Platinum','SUT-LPP'),('SUT-LPP-42','Platinum','SUT-LPP'),('SUT-LPP-43','Platinum','SUT-LPP'),('SUT-LPP-44','Platinum','SUT-LPP'),('SUT-LPP-45','Platinum','SUT-LPP'),('SUT-LPP-46','Platinum','SUT-LPP'),('SUT-LPP-47','Platinum','SUT-LPP'),('SUT-LPP-48','Platinum','SUT-LPP'),('SUT-LPP-49','Platinum','SUT-LPP'),('SUT-LPP-50','Platinum','SUT-LPP'),('SUT-LPP-51','Platinum','SUT-LPP'),('SUT-LPP-52','Platinum','SUT-LPP'),('SUT-LPP-53','Platinum','SUT-LPP'),('SUT-LPP-54','Platinum','SUT-LPP'),('SUT-LPP-55','Platinum','SUT-LPP'),('SUT-LPP-56','Platinum','SUT-LPP'),('SUT-LPP-57','Platinum','SUT-LPP'),('SUT-LPP-58','Platinum','SUT-LPP'),('SUT-LPP-59','Platinum','SUT-LPP'),('SUT-LPP-60','Platinum','SUT-LPP'),('SUT-LPP-61','Platinum','SUT-LPP'),('SUT-LPP-62','Platinum','SUT-LPP'),('SUT-LPP-63','Platinum','SUT-LPP'),('SUT-LPP-64','Platinum','SUT-LPP'),('SUT-LPP-65','Platinum','SUT-LPP'),('SUT-LPP-66','Platinum','SUT-LPP'),('SUT-LPP-67','Platinum','SUT-LPP'),('SUT-LPP-68','Platinum','SUT-LPP'),('SUT-LPP-69','Platinum','SUT-LPP'),('SUT-LPP-70','Platinum','SUT-LPP'),('SUT-LPP-71','Platinum','SUT-LPP'),('SUT-LPP-72','Platinum','SUT-LPP'),('SUT-LPP-73','Platinum','SUT-LPP'),('SUT-LPP-74','Platinum','SUT-LPP'),('SUT-LPP-75','Platinum','SUT-LPP'),('SUT-LPP-76','Platinum','SUT-LPP'),('SUT-LPP-77','Platinum','SUT-LPP'),('SUT-LPP-78','Platinum','SUT-LPP'),('SUT-LPP-79','Platinum','SUT-LPP'),('SUT-LPP-80','Platinum','SUT-LPP'),('SUT-LPP-81','Platinum','SUT-LPP'),('SUT-LPP-82','Platinum','SUT-LPP'),('SUT-LPP-83','Platinum','SUT-LPP'),('SUT-LPP-84','Platinum','SUT-LPP'),('SUT-LPP-85','Platinum','SUT-LPP'),('SUT-LPP-86','Platinum','SUT-LPP'),('SUT-LPP-87','Platinum','SUT-LPP'),('SUT-LPP-88','Platinum','SUT-LPP'),('SUT-LPP-89','Platinum','SUT-LPP'),('SUT-LPP-90','Platinum','SUT-LPP'),('SUT-LPP-91','Platinum','SUT-LPP'),('SUT-LPP-92','Platinum','SUT-LPP'),('SUT-LPP-93','Platinum','SUT-LPP'),('SUT-LPP-94','Platinum','SUT-LPP'),('SUT-LPP-95','Platinum','SUT-LPP'),('SUT-LPP-96','Platinum','SUT-LPP'),('SUT-LPP-97','Platinum','SUT-LPP'),('SUT-LPP-98','Platinum','SUT-LPP'),('SUT-LPP-99','Platinum','SUT-LPP');
INSERT INTO `show_ids_type` VALUES ('2016102NO','Drama'),('2016AMT','Concert'),('2016ARJ','Concert'),('2016ARR','Concert'),('2016AT','Concert'),('2016ATKD','Movie'),('2016AVGR','Movie'),('2016BB','Movie'),('2016BBS','Drama'),('2016BDP','Movie'),('2016BY','Movie'),('2016CIND','Movie'),('2016CS','Drama'),('2016EI','Concert'),('2016GA','Drama'),('2016HAAI','Drama'),('2016INST','Movie'),('2016KM','Movie'),('2016LRG','Drama'),('2016OD','Concert'),('2016ROY','Movie'),('2016SB','Drama'),('2016SCN','Concert'),('2016TAY','Concert'),('2016VVN','Movie');
INSERT INTO `showplayrecord` VALUES ('2016102NO-1','2016102NO','102 Not Out','2016-06-10','17:00:00','19:00:00','SUT-LPP'),('2016AMT-1','2016AMT','Amit Trivedi','2016-06-16','17:00:00','19:00:00','SUT-LPP'),('2016ARJ-1','2016ARJ','Arijit Singh','2016-05-25','17:00:00','22:00:00','AHM-KAR'),('2016ARJ-2','2016ARJ','Arijit Singh','2016-06-02','17:00:00','22:00:00','AHM-GMDC'),('2016ARJ-3','2016ARJ','Arijit Singh','2016-06-03','17:00:00','22:00:00','BVN-KAR'),('2016ARJ-4','2016ARJ','Arijit Singh','2016-05-13','17:00:00','22:00:00','BVN-RAJP'),('2016ARJ-5','2016ARJ','Arijit Singh','2016-05-12','17:00:00','22:00:00','RJT-GDC'),('2016ARJ-6','2016ARJ','Arijit Singh','2016-05-20','17:00:00','22:00:00','RJT-IMP'),('2016ARJ-7','2016ARJ','Arijit Singh','2016-05-11','17:00:00','22:00:00','SUT-LPP'),('2016ARJ-8','2016ARJ','Arijit Singh','2016-05-10','17:00:00','22:00:00','SUT-CBSC'),('2016ARR-1','2016ARR','AR Rehmaan','2016-06-15','17:00:00','19:00:00','SUT-LPP'),('2016AT-1','2016AT','Ankit Tiwari','2016-06-11','17:00:00','19:00:00','SUT-LPP'),('2016ATKD-1','2016ATKD','Aa te kevi duniya','2016-05-20','17:00:00','20:00:00','AHM-ABC-4'),('2016ATKD-2','2016ATKD','Aa te kevi duniya','2016-05-20','17:00:00','20:00:00','BVN-VC-1'),('2016AVGR-1','2016AVGR','Avengers','2016-05-20','17:00:00','20:00:00','AHM-ABC-3'),('2016BB-1','2016BB','Baby','2016-05-20','09:00:00','12:00:00','AHM-ABC-1'),('2016BB-2','2016BB','Baby','2016-05-20','09:00:00','12:00:00','AHM-CG-1'),('2016BBS-1','2016BBS','Back Benchers','2016-06-09','17:00:00','19:00:00','SUT-LPP'),('2016BDP-1','2016BDP','Badlapur','2016-05-20','09:00:00','12:00:00','AHM-ABC-2'),('2016BDP-2','2016BDP','Badlapur','2016-05-20','09:00:00','12:00:00','AHM-CG-2'),('2016BDP-3','2016BDP','Badlapur','2016-05-07','01:00:00','04:00:00','SUT-ACR-1'),('2016BY-1','2016BY','Bey yaar','2016-05-20','09:00:00','12:00:00','AHM-ABC-4'),('2016BY-2','2016BY','Bey yaar','2016-05-20','09:00:00','12:00:00','BVN-VC-1'),('2016CIND-1','2016CIND','Cinderalla','2016-05-20','09:00:00','12:00:00','AHM-ABC-3'),('2016CIND-2','2016CIND','Cinderalla','2016-05-20','09:00:00','12:00:00','AHM-CIN-1'),('2016CS-1','2016CS','Comment Section','2016-06-06','17:00:00','19:00:00','SUT-LPP'),('2016EI-1','2016EI','Enrique Iglesias','2016-06-14','17:00:00','19:00:00','SUT-LPP'),('2016GA-1','2016GA','The Ganta Awards','2016-06-07','17:00:00','19:00:00','SUT-LPP'),('2016HAAI-1','2016HAAI','Hedwig And Angry Inch','2016-06-05','17:00:00','19:00:00','SUT-LPP'),('2016INST-1','2016INST','Insurgent','2016-05-20','17:00:00','20:00:00','AHM-ABC-2'),('2016INST-2','2016INST','Insurgent','2016-05-20','17:00:00','20:00:00','AHM-CG-2'),('2016KM-1','2016KM','Komban','2016-05-20','09:00:00','12:00:00','AHM-ABC-5'),('2016KM-2','2016KM','Komban','2016-05-30','13:00:00','16:00:00','AHM-ABC-5'),('2016KM-3','2016KM','Komban','2016-05-20','09:00:00','12:00:00','SUT-ACR-1'),('2016KM-4','2016KM','Komban','2016-05-20','13:00:00','16:00:00','RJT-RUP-1'),('2016OD-1','2016OD','One Direction','2016-06-12','17:00:00','19:00:00','SUT-LPP'),('2016ROY-1','2016ROY','Roy','2016-05-20','17:00:00','20:00:00','AHM-ABC-1'),('2016ROY-2','2016ROY','Roy','2016-05-20','17:00:00','20:00:00','AHM-CG-1'),('2016SB-1','2016SB','Sketchy Behaviour','2016-06-08','17:00:00','19:00:00','SUT-LPP'),('2016SCN-1','2016SCN','Sundhi Chahaun','2016-06-17','17:00:00','19:00:00','SUT-LPP'),('2016TAY-1','2016TAY','Taylor Swift','2016-06-13','17:00:00','19:00:00','SUT-LPP'),('2016VVN-1','2016VVN','Valiyavan','2016-05-20','17:00:00','20:00:00','AHM-ABC-5'),('2016VVN-2','2016VVN','Valiyavan','2016-05-20','17:00:00','20:00:00','SUT-ACR-2');
INSERT INTO `showseatrecord` VALUES ('2016BB-1','AHM-ABC-1-01','NA',500),('2016BB-1','AHM-ABC-1-02','NA',500),('2016BB-1','AHM-ABC-1-03','NA',500),('2016BB-1','AHM-ABC-1-04','NA',500),('2016BB-1','AHM-ABC-1-05','A',500),('2016BB-1','AHM-ABC-1-06','A',500),('2016BB-1','AHM-ABC-1-07','A',500),('2016BB-1','AHM-ABC-1-08','A',500),('2016BB-1','AHM-ABC-1-09','A',500),('2016BB-1','AHM-ABC-1-10','A',500),('2016BB-1','AHM-ABC-1-11','A',400),('2016BB-1','AHM-ABC-1-12','A',400),('2016BB-1','AHM-ABC-1-13','A',400),('2016BB-1','AHM-ABC-1-14','A',400),('2016BB-1','AHM-ABC-1-15','A',400),('2016BB-1','AHM-ABC-1-16','A',400),('2016BB-1','AHM-ABC-1-17','A',400),('2016BB-1','AHM-ABC-1-18','A',400),('2016BB-1','AHM-ABC-1-19','A',400),('2016BB-1','AHM-ABC-1-20','A',400),('2016BB-1','AHM-ABC-1-21','A',300),('2016BB-1','AHM-ABC-1-22','A',300),('2016BB-1','AHM-ABC-1-23','A',300),('2016BB-1','AHM-ABC-1-24','A',300),('2016BB-1','AHM-ABC-1-25','A',300),('2016BB-1','AHM-ABC-1-26','A',300),('2016BB-1','AHM-ABC-1-27','A',300),('2016BB-1','AHM-ABC-1-28','A',300),('2016BB-1','AHM-ABC-1-29','A',300),('2016BB-1','AHM-ABC-1-30','A',300),('2016BB-1','AHM-ABC-1-31','A',300),('2016BB-1','AHM-ABC-1-32','A',300),('2016BB-1','AHM-ABC-1-33','A',300),('2016BB-1','AHM-ABC-1-34','A',300),('2016BB-1','AHM-ABC-1-35','A',300),('2016BB-1','AHM-ABC-1-36','A',300),('2016BB-1','AHM-ABC-1-37','A',300),('2016BB-1','AHM-ABC-1-38','A',300),('2016BB-1','AHM-ABC-1-39','A',300),('2016BB-1','AHM-ABC-1-40','A',300),('2016ROY-1','AHM-ABC-1-01','NA',400),('2016ROY-1','AHM-ABC-1-02','NA',400),('2016ROY-1','AHM-ABC-1-03','NA',400),('2016ROY-1','AHM-ABC-1-04','NA',400),('2016ROY-1','AHM-ABC-1-05','A',400),('2016ROY-1','AHM-ABC-1-06','A',400),('2016ROY-1','AHM-ABC-1-07','A',400),('2016ROY-1','AHM-ABC-1-08','A',400),('2016ROY-1','AHM-ABC-1-09','A',400),('2016ROY-1','AHM-ABC-1-10','A',400),('2016ROY-1','AHM-ABC-1-11','A',300),('2016ROY-1','AHM-ABC-1-12','A',300),('2016ROY-1','AHM-ABC-1-13','A',300),('2016ROY-1','AHM-ABC-1-14','A',300),('2016ROY-1','AHM-ABC-1-15','A',300),('2016ROY-1','AHM-ABC-1-16','A',300),('2016ROY-1','AHM-ABC-1-17','A',300),('2016ROY-1','AHM-ABC-1-18','A',300),('2016ROY-1','AHM-ABC-1-19','A',300),('2016ROY-1','AHM-ABC-1-20','A',300),('2016ROY-1','AHM-ABC-1-21','A',200),('2016ROY-1','AHM-ABC-1-22','A',200),('2016ROY-1','AHM-ABC-1-23','A',200),('2016ROY-1','AHM-ABC-1-24','A',200),('2016ROY-1','AHM-ABC-1-25','A',200),('2016ROY-1','AHM-ABC-1-26','A',200),('2016ROY-1','AHM-ABC-1-27','A',200),('2016ROY-1','AHM-ABC-1-28','A',200),('2016ROY-1','AHM-ABC-1-29','A',200),('2016ROY-1','AHM-ABC-1-30','A',200),('2016ROY-1','AHM-ABC-1-31','A',200),('2016ROY-1','AHM-ABC-1-32','A',200),('2016ROY-1','AHM-ABC-1-33','A',200),('2016ROY-1','AHM-ABC-1-34','A',200),('2016ROY-1','AHM-ABC-1-35','A',200),('2016ROY-1','AHM-ABC-1-36','A',200),('2016ROY-1','AHM-ABC-1-37','A',200),('2016ROY-1','AHM-ABC-1-38','A',200),('2016ROY-1','AHM-ABC-1-39','A',200),('2016ROY-1','AHM-ABC-1-40','A',200),('2016BDP-1','AHM-ABC-2-01','NA',500),('2016BDP-1','AHM-ABC-2-02','NA',500),('2016BDP-1','AHM-ABC-2-03','NA',500),('2016BDP-1','AHM-ABC-2-04','NA',500),('2016BDP-1','AHM-ABC-2-05','A',500),('2016BDP-1','AHM-ABC-2-06','A',500),('2016BDP-1','AHM-ABC-2-07','A',500),('2016BDP-1','AHM-ABC-2-08','A',500),('2016BDP-1','AHM-ABC-2-09','A',500),('2016BDP-1','AHM-ABC-2-10','A',500),('2016BDP-1','AHM-ABC-2-11','A',400),('2016BDP-1','AHM-ABC-2-12','A',400),('2016BDP-1','AHM-ABC-2-13','A',400),('2016BDP-1','AHM-ABC-2-14','A',400),('2016BDP-1','AHM-ABC-2-15','A',400),('2016BDP-1','AHM-ABC-2-16','A',400),('2016BDP-1','AHM-ABC-2-17','A',400),('2016BDP-1','AHM-ABC-2-18','A',400),('2016BDP-1','AHM-ABC-2-19','A',400),('2016BDP-1','AHM-ABC-2-20','A',400),('2016BDP-1','AHM-ABC-2-21','A',300),('2016BDP-1','AHM-ABC-2-22','A',300),('2016BDP-1','AHM-ABC-2-23','A',300),('2016BDP-1','AHM-ABC-2-24','A',300),('2016BDP-1','AHM-ABC-2-25','A',300),('2016BDP-1','AHM-ABC-2-26','A',300),('2016BDP-1','AHM-ABC-2-27','A',300),('2016BDP-1','AHM-ABC-2-28','A',300),('2016BDP-1','AHM-ABC-2-29','A',300),('2016BDP-1','AHM-ABC-2-30','A',300),('2016BDP-1','AHM-ABC-2-31','A',300),('2016BDP-1','AHM-ABC-2-32','A',300),('2016BDP-1','AHM-ABC-2-33','A',300),('2016BDP-1','AHM-ABC-2-34','A',300),('2016BDP-1','AHM-ABC-2-35','A',300),('2016BDP-1','AHM-ABC-2-36','A',300),('2016BDP-1','AHM-ABC-2-37','A',300),('2016BDP-1','AHM-ABC-2-38','A',300),('2016BDP-1','AHM-ABC-2-39','A',300),('2016BDP-1','AHM-ABC-2-40','A',300),('2016INST-1','AHM-ABC-2-01','NA',500),('2016INST-1','AHM-ABC-2-02','NA',500),('2016INST-1','AHM-ABC-2-03','NA',500),('2016INST-1','AHM-ABC-2-04','NA',500),('2016INST-1','AHM-ABC-2-05','NA',500),('2016INST-1','AHM-ABC-2-06','NA',500),('2016INST-1','AHM-ABC-2-07','NA',500),('2016INST-1','AHM-ABC-2-08','NA',500),('2016INST-1','AHM-ABC-2-09','A',500),('2016INST-1','AHM-ABC-2-10','A',500),('2016INST-1','AHM-ABC-2-11','A',400),('2016INST-1','AHM-ABC-2-12','A',400),('2016INST-1','AHM-ABC-2-13','A',400),('2016INST-1','AHM-ABC-2-14','A',400),('2016INST-1','AHM-ABC-2-15','A',400),('2016INST-1','AHM-ABC-2-16','A',400),('2016INST-1','AHM-ABC-2-17','A',400),('2016INST-1','AHM-ABC-2-18','A',400),('2016INST-1','AHM-ABC-2-19','A',400),('2016INST-1','AHM-ABC-2-20','A',400),('2016INST-1','AHM-ABC-2-21','A',300),('2016INST-1','AHM-ABC-2-22','A',300),('2016INST-1','AHM-ABC-2-23','A',300),('2016INST-1','AHM-ABC-2-24','A',300),('2016INST-1','AHM-ABC-2-25','A',300),('2016INST-1','AHM-ABC-2-26','A',300),('2016INST-1','AHM-ABC-2-27','A',300),('2016INST-1','AHM-ABC-2-28','A',300),('2016INST-1','AHM-ABC-2-29','A',300),('2016INST-1','AHM-ABC-2-30','A',300),('2016INST-1','AHM-ABC-2-31','A',300),('2016INST-1','AHM-ABC-2-32','A',300),('2016INST-1','AHM-ABC-2-33','A',300),('2016INST-1','AHM-ABC-2-34','A',300),('2016INST-1','AHM-ABC-2-35','A',300),('2016INST-1','AHM-ABC-2-36','A',300),('2016INST-1','AHM-ABC-2-37','A',300),('2016INST-1','AHM-ABC-2-38','A',300),('2016INST-1','AHM-ABC-2-39','A',300),('2016INST-1','AHM-ABC-2-40','A',300),('2016CIND-1','AHM-ABC-3-01','NA',500),('2016CIND-1','AHM-ABC-3-02','NA',500),('2016CIND-1','AHM-ABC-3-03','NA',500),('2016CIND-1','AHM-ABC-3-04','NA',500),('2016CIND-1','AHM-ABC-3-05','NA',500),('2016CIND-1','AHM-ABC-3-06','NA',500),('2016CIND-1','AHM-ABC-3-07','NA',500),('2016CIND-1','AHM-ABC-3-08','NA',500),('2016CIND-1','AHM-ABC-3-09','A',500),('2016CIND-1','AHM-ABC-3-10','A',500),('2016CIND-1','AHM-ABC-3-11','A',400),('2016CIND-1','AHM-ABC-3-12','A',400),('2016CIND-1','AHM-ABC-3-13','A',400),('2016CIND-1','AHM-ABC-3-14','A',400),('2016CIND-1','AHM-ABC-3-15','A',400),('2016CIND-1','AHM-ABC-3-16','A',400),('2016CIND-1','AHM-ABC-3-17','A',400),('2016CIND-1','AHM-ABC-3-18','A',400),('2016CIND-1','AHM-ABC-3-19','A',400),('2016CIND-1','AHM-ABC-3-20','A',400),('2016CIND-1','AHM-ABC-3-21','A',300),('2016CIND-1','AHM-ABC-3-22','A',300),('2016CIND-1','AHM-ABC-3-23','A',300),('2016CIND-1','AHM-ABC-3-24','A',300),('2016CIND-1','AHM-ABC-3-25','A',300),('2016CIND-1','AHM-ABC-3-26','A',300),('2016CIND-1','AHM-ABC-3-27','A',300),('2016CIND-1','AHM-ABC-3-28','A',300),('2016CIND-1','AHM-ABC-3-29','A',300),('2016CIND-1','AHM-ABC-3-30','A',300),('2016CIND-1','AHM-ABC-3-31','A',300),('2016CIND-1','AHM-ABC-3-32','A',300),('2016CIND-1','AHM-ABC-3-33','A',300),('2016CIND-1','AHM-ABC-3-34','A',300),('2016CIND-1','AHM-ABC-3-35','A',300),('2016CIND-1','AHM-ABC-3-36','A',300),('2016CIND-1','AHM-ABC-3-37','A',300),('2016CIND-1','AHM-ABC-3-38','A',300),('2016CIND-1','AHM-ABC-3-39','A',300),('2016CIND-1','AHM-ABC-3-40','A',300),('2016AVGR-1','AHM-ABC-3-01','NA',500),('2016AVGR-1','AHM-ABC-3-02','NA',500),('2016AVGR-1','AHM-ABC-3-03','NA',500),('2016AVGR-1','AHM-ABC-3-04','NA',500),('2016AVGR-1','AHM-ABC-3-05','NA',500),('2016AVGR-1','AHM-ABC-3-06','NA',500),('2016AVGR-1','AHM-ABC-3-07','NA',500),('2016AVGR-1','AHM-ABC-3-08','NA',500),('2016AVGR-1','AHM-ABC-3-09','A',500),('2016AVGR-1','AHM-ABC-3-10','A',500),('2016AVGR-1','AHM-ABC-3-11','NA',400),('2016AVGR-1','AHM-ABC-3-12','NA',400),('2016AVGR-1','AHM-ABC-3-13','NA',400),('2016AVGR-1','AHM-ABC-3-14','NA',400),('2016AVGR-1','AHM-ABC-3-15','A',400),('2016AVGR-1','AHM-ABC-3-16','A',400),('2016AVGR-1','AHM-ABC-3-17','A',400),('2016AVGR-1','AHM-ABC-3-18','A',400),('2016AVGR-1','AHM-ABC-3-19','A',400),('2016AVGR-1','AHM-ABC-3-20','A',400),('2016AVGR-1','AHM-ABC-3-21','A',300),('2016AVGR-1','AHM-ABC-3-22','A',300),('2016AVGR-1','AHM-ABC-3-23','A',300),('2016AVGR-1','AHM-ABC-3-24','A',300),('2016AVGR-1','AHM-ABC-3-25','A',300),('2016AVGR-1','AHM-ABC-3-26','A',300),('2016AVGR-1','AHM-ABC-3-27','A',300),('2016AVGR-1','AHM-ABC-3-28','A',300),('2016AVGR-1','AHM-ABC-3-29','A',300),('2016AVGR-1','AHM-ABC-3-30','A',300),('2016AVGR-1','AHM-ABC-3-31','A',300),('2016AVGR-1','AHM-ABC-3-32','A',300),('2016AVGR-1','AHM-ABC-3-33','A',300),('2016AVGR-1','AHM-ABC-3-34','A',300),('2016AVGR-1','AHM-ABC-3-35','A',300),('2016AVGR-1','AHM-ABC-3-36','A',300),('2016AVGR-1','AHM-ABC-3-37','A',300),('2016AVGR-1','AHM-ABC-3-38','A',300),('2016AVGR-1','AHM-ABC-3-39','A',300),('2016AVGR-1','AHM-ABC-3-40','A',300),('2016BY-1','AHM-ABC-4-01','NA',500),('2016BY-1','AHM-ABC-4-02','NA',500),('2016BY-1','AHM-ABC-4-03','NA',500),('2016BY-1','AHM-ABC-4-04','NA',500),('2016BY-1','AHM-ABC-4-05','NA',500),('2016BY-1','AHM-ABC-4-06','NA',500),('2016BY-1','AHM-ABC-4-07','NA',500),('2016BY-1','AHM-ABC-4-08','NA',500),('2016BY-1','AHM-ABC-4-09','A',500),('2016BY-1','AHM-ABC-4-10','A',500),('2016BY-1','AHM-ABC-4-11','A',400),('2016BY-1','AHM-ABC-4-12','A',400),('2016BY-1','AHM-ABC-4-13','A',400),('2016BY-1','AHM-ABC-4-14','A',400),('2016BY-1','AHM-ABC-4-15','A',400),('2016BY-1','AHM-ABC-4-16','A',400),('2016BY-1','AHM-ABC-4-17','A',400),('2016BY-1','AHM-ABC-4-18','A',400),('2016BY-1','AHM-ABC-4-19','A',400),('2016BY-1','AHM-ABC-4-20','A',400),('2016BY-1','AHM-ABC-4-21','A',300),('2016BY-1','AHM-ABC-4-22','A',300),('2016BY-1','AHM-ABC-4-23','A',300),('2016BY-1','AHM-ABC-4-24','A',300),('2016BY-1','AHM-ABC-4-25','A',300),('2016BY-1','AHM-ABC-4-26','A',300),('2016BY-1','AHM-ABC-4-27','A',300),('2016BY-1','AHM-ABC-4-28','A',300),('2016BY-1','AHM-ABC-4-29','A',300),('2016BY-1','AHM-ABC-4-30','A',300),('2016BY-1','AHM-ABC-4-31','A',300),('2016BY-1','AHM-ABC-4-32','A',300),('2016BY-1','AHM-ABC-4-33','A',300),('2016BY-1','AHM-ABC-4-34','A',300),('2016BY-1','AHM-ABC-4-35','A',300),('2016BY-1','AHM-ABC-4-36','A',300),('2016BY-1','AHM-ABC-4-37','A',300),('2016BY-1','AHM-ABC-4-38','A',300),('2016BY-1','AHM-ABC-4-39','A',300),('2016BY-1','AHM-ABC-4-40','A',300),('2016ATKD-1','AHM-ABC-4-01','NA',500),('2016ATKD-1','AHM-ABC-4-02','NA',500),('2016ATKD-1','AHM-ABC-4-03','NA',500),('2016ATKD-1','AHM-ABC-4-04','NA',500),('2016ATKD-1','AHM-ABC-4-05','NA',500),('2016ATKD-1','AHM-ABC-4-06','NA',500),('2016ATKD-1','AHM-ABC-4-07','NA',500),('2016ATKD-1','AHM-ABC-4-08','NA',500),('2016ATKD-1','AHM-ABC-4-09','A',500),('2016ATKD-1','AHM-ABC-4-10','A',500),('2016ATKD-1','AHM-ABC-4-11','NA',400),('2016ATKD-1','AHM-ABC-4-12','NA',400),('2016ATKD-1','AHM-ABC-4-13','NA',400),('2016ATKD-1','AHM-ABC-4-14','NA',400),('2016ATKD-1','AHM-ABC-4-15','A',400),('2016ATKD-1','AHM-ABC-4-16','A',400),('2016ATKD-1','AHM-ABC-4-17','A',400),('2016ATKD-1','AHM-ABC-4-18','A',400),('2016ATKD-1','AHM-ABC-4-19','A',400),('2016ATKD-1','AHM-ABC-4-20','A',400),('2016ATKD-1','AHM-ABC-4-21','A',300),('2016ATKD-1','AHM-ABC-4-22','A',300),('2016ATKD-1','AHM-ABC-4-23','A',300),('2016ATKD-1','AHM-ABC-4-24','A',300),('2016ATKD-1','AHM-ABC-4-25','A',300),('2016ATKD-1','AHM-ABC-4-26','A',300),('2016ATKD-1','AHM-ABC-4-27','A',300),('2016ATKD-1','AHM-ABC-4-28','A',300),('2016ATKD-1','AHM-ABC-4-29','A',300),('2016ATKD-1','AHM-ABC-4-30','A',300),('2016ATKD-1','AHM-ABC-4-31','A',300),('2016ATKD-1','AHM-ABC-4-32','A',300),('2016ATKD-1','AHM-ABC-4-33','A',300),('2016ATKD-1','AHM-ABC-4-34','A',300),('2016ATKD-1','AHM-ABC-4-35','A',300),('2016ATKD-1','AHM-ABC-4-36','A',300),('2016ATKD-1','AHM-ABC-4-37','A',300),('2016ATKD-1','AHM-ABC-4-38','A',300),('2016ATKD-1','AHM-ABC-4-39','A',300),('2016ATKD-1','AHM-ABC-4-40','A',300),('2016KM-1','AHM-ABC-5-01','NA',500),('2016KM-1','AHM-ABC-5-02','NA',500),('2016KM-1','AHM-ABC-5-03','NA',500),('2016KM-1','AHM-ABC-5-04','NA',500),('2016KM-1','AHM-ABC-5-05','NA',500),('2016KM-1','AHM-ABC-5-06','NA',500),('2016KM-1','AHM-ABC-5-07','NA',500),('2016KM-1','AHM-ABC-5-08','NA',500),('2016KM-1','AHM-ABC-5-09','A',500),('2016KM-1','AHM-ABC-5-10','A',500),('2016KM-1','AHM-ABC-5-11','A',400),('2016KM-1','AHM-ABC-5-12','A',400),('2016KM-1','AHM-ABC-5-13','A',400),('2016KM-1','AHM-ABC-5-14','A',400),('2016KM-1','AHM-ABC-5-15','A',400),('2016KM-1','AHM-ABC-5-16','A',400),('2016KM-1','AHM-ABC-5-17','A',400),('2016KM-1','AHM-ABC-5-18','A',400),('2016KM-1','AHM-ABC-5-19','A',400),('2016KM-1','AHM-ABC-5-20','A',400),('2016KM-1','AHM-ABC-5-21','A',300),('2016KM-1','AHM-ABC-5-22','A',300),('2016KM-1','AHM-ABC-5-23','A',300),('2016KM-1','AHM-ABC-5-24','A',300),('2016KM-1','AHM-ABC-5-25','A',300),('2016KM-1','AHM-ABC-5-26','A',300),('2016KM-1','AHM-ABC-5-27','A',300),('2016KM-1','AHM-ABC-5-28','A',300),('2016KM-1','AHM-ABC-5-29','A',300),('2016KM-1','AHM-ABC-5-30','A',300),('2016KM-1','AHM-ABC-5-31','A',300),('2016KM-1','AHM-ABC-5-32','A',300),('2016KM-1','AHM-ABC-5-33','A',300),('2016KM-1','AHM-ABC-5-34','A',300),('2016KM-1','AHM-ABC-5-35','A',300),('2016KM-1','AHM-ABC-5-36','A',300),('2016KM-1','AHM-ABC-5-37','A',300),('2016KM-1','AHM-ABC-5-38','A',300),('2016KM-1','AHM-ABC-5-39','A',300),('2016KM-1','AHM-ABC-5-40','A',300),('2016VVN-1','AHM-ABC-5-01','NA',500),('2016VVN-1','AHM-ABC-5-02','NA',500),('2016VVN-1','AHM-ABC-5-03','NA',500),('2016VVN-1','AHM-ABC-5-04','NA',500),('2016VVN-1','AHM-ABC-5-05','NA',500),('2016VVN-1','AHM-ABC-5-06','NA',500),('2016VVN-1','AHM-ABC-5-07','NA',500),('2016VVN-1','AHM-ABC-5-08','NA',500),('2016VVN-1','AHM-ABC-5-09','A',500),('2016VVN-1','AHM-ABC-5-10','A',500),('2016VVN-1','AHM-ABC-5-11','NA',400),('2016VVN-1','AHM-ABC-5-12','NA',400),('2016VVN-1','AHM-ABC-5-13','NA',400),('2016VVN-1','AHM-ABC-5-14','NA',400),('2016VVN-1','AHM-ABC-5-15','A',400),('2016VVN-1','AHM-ABC-5-16','A',400),('2016VVN-1','AHM-ABC-5-17','A',400),('2016VVN-1','AHM-ABC-5-18','A',400),('2016VVN-1','AHM-ABC-5-19','A',400),('2016VVN-1','AHM-ABC-5-20','A',400),('2016VVN-1','AHM-ABC-5-21','A',300),('2016VVN-1','AHM-ABC-5-22','A',300),('2016VVN-1','AHM-ABC-5-23','A',300),('2016VVN-1','AHM-ABC-5-24','A',300),('2016VVN-1','AHM-ABC-5-25','A',300),('2016VVN-1','AHM-ABC-5-26','A',300),('2016VVN-1','AHM-ABC-5-27','A',300),('2016VVN-1','AHM-ABC-5-28','A',300),('2016VVN-1','AHM-ABC-5-29','A',300),('2016VVN-1','AHM-ABC-5-30','A',300),('2016VVN-1','AHM-ABC-5-31','A',300),('2016VVN-1','AHM-ABC-5-32','A',300),('2016VVN-1','AHM-ABC-5-33','A',300),('2016VVN-1','AHM-ABC-5-34','A',300),('2016VVN-1','AHM-ABC-5-35','A',300),('2016VVN-1','AHM-ABC-5-36','A',300),('2016VVN-1','AHM-ABC-5-37','A',300),('2016VVN-1','AHM-ABC-5-38','A',300),('2016VVN-1','AHM-ABC-5-39','A',300),('2016VVN-1','AHM-ABC-5-40','A',300),('2016KM-2','AHM-ABC-5-01','A',500),('2016KM-2','AHM-ABC-5-02','A',500),('2016KM-2','AHM-ABC-5-03','A',500),('2016KM-2','AHM-ABC-5-04','A',500),('2016KM-2','AHM-ABC-5-05','A',500),('2016KM-2','AHM-ABC-5-06','A',500),('2016KM-2','AHM-ABC-5-07','A',500),('2016KM-2','AHM-ABC-5-08','A',500),('2016KM-2','AHM-ABC-5-09','A',500),('2016KM-2','AHM-ABC-5-10','A',500),('2016KM-2','AHM-ABC-5-11','A',400),('2016KM-2','AHM-ABC-5-12','A',400),('2016KM-2','AHM-ABC-5-13','A',400),('2016KM-2','AHM-ABC-5-14','A',400),('2016KM-2','AHM-ABC-5-15','A',400),('2016KM-2','AHM-ABC-5-16','A',400),('2016KM-2','AHM-ABC-5-17','A',400),('2016KM-2','AHM-ABC-5-18','A',400),('2016KM-2','AHM-ABC-5-19','A',400),('2016KM-2','AHM-ABC-5-20','A',400),('2016KM-2','AHM-ABC-5-21','A',300),('2016KM-2','AHM-ABC-5-22','A',300),('2016KM-2','AHM-ABC-5-23','A',300),('2016KM-2','AHM-ABC-5-24','A',300),('2016KM-2','AHM-ABC-5-25','A',300),('2016KM-2','AHM-ABC-5-26','A',300),('2016KM-2','AHM-ABC-5-27','A',300),('2016KM-2','AHM-ABC-5-28','A',300),('2016KM-2','AHM-ABC-5-29','A',300),('2016KM-2','AHM-ABC-5-30','A',300),('2016KM-2','AHM-ABC-5-31','A',300),('2016KM-2','AHM-ABC-5-32','A',300),('2016KM-2','AHM-ABC-5-33','A',300),('2016KM-2','AHM-ABC-5-34','A',300),('2016KM-2','AHM-ABC-5-35','A',300),('2016KM-2','AHM-ABC-5-36','A',300),('2016KM-2','AHM-ABC-5-37','A',300),('2016KM-2','AHM-ABC-5-38','A',300),('2016KM-2','AHM-ABC-5-39','A',300),('2016KM-2','AHM-ABC-5-40','A',300),('2016BB-2','AHM-CG-1-01','NA',200),('2016BB-2','AHM-CG-1-02','NA',200),('2016BB-2','AHM-CG-1-03','NA',200),('2016BB-2','AHM-CG-1-04','NA',200),('2016BB-2','AHM-CG-1-05','A',200),('2016BB-2','AHM-CG-1-06','A',200),('2016BB-2','AHM-CG-1-07','A',200),('2016BB-2','AHM-CG-1-08','A',200),('2016BB-2','AHM-CG-1-09','A',200),('2016BB-2','AHM-CG-1-10','A',200),('2016BB-2','AHM-CG-1-11','A',150),('2016BB-2','AHM-CG-1-12','A',150),('2016BB-2','AHM-CG-1-13','A',150),('2016BB-2','AHM-CG-1-14','A',150),('2016BB-2','AHM-CG-1-15','A',150),('2016BB-2','AHM-CG-1-16','A',150),('2016BB-2','AHM-CG-1-17','A',150),('2016BB-2','AHM-CG-1-18','A',150),('2016BB-2','AHM-CG-1-19','A',150),('2016BB-2','AHM-CG-1-20','A',150),('2016BB-2','AHM-CG-1-21','A',150),('2016BB-2','AHM-CG-1-22','A',150),('2016BB-2','AHM-CG-1-23','A',150),('2016BB-2','AHM-CG-1-24','A',150),('2016BB-2','AHM-CG-1-25','A',150),('2016BB-2','AHM-CG-1-26','A',150),('2016BB-2','AHM-CG-1-27','A',150),('2016BB-2','AHM-CG-1-28','A',150),('2016BB-2','AHM-CG-1-29','A',150),('2016BB-2','AHM-CG-1-30','A',150),('2016BB-2','AHM-CG-1-31','A',100),('2016BB-2','AHM-CG-1-32','A',100),('2016BB-2','AHM-CG-1-33','A',100),('2016BB-2','AHM-CG-1-34','A',100),('2016BB-2','AHM-CG-1-35','A',100),('2016BB-2','AHM-CG-1-36','A',100),('2016BB-2','AHM-CG-1-37','A',100),('2016BB-2','AHM-CG-1-38','A',100),('2016BB-2','AHM-CG-1-39','A',100),('2016BB-2','AHM-CG-1-40','A',100),('2016BB-2','AHM-CG-1-41','A',100),('2016BB-2','AHM-CG-1-42','A',100),('2016BB-2','AHM-CG-1-43','A',100),('2016BB-2','AHM-CG-1-44','A',100),('2016BB-2','AHM-CG-1-45','A',100),('2016BB-2','AHM-CG-1-46','A',100),('2016BB-2','AHM-CG-1-47','A',100),('2016BB-2','AHM-CG-1-48','A',100),('2016BB-2','AHM-CG-1-49','A',100),('2016BB-2','AHM-CG-1-50','A',100),('2016ROY-2','AHM-CG-1-01','NA',200),('2016ROY-2','AHM-CG-1-02','NA',200),('2016ROY-2','AHM-CG-1-03','NA',200),('2016ROY-2','AHM-CG-1-04','NA',200),('2016ROY-2','AHM-CG-1-05','NA',200),('2016ROY-2','AHM-CG-1-06','NA',200),('2016ROY-2','AHM-CG-1-07','NA',200),('2016ROY-2','AHM-CG-1-08','NA',200),('2016ROY-2','AHM-CG-1-09','A',200),('2016ROY-2','AHM-CG-1-10','A',200),('2016ROY-2','AHM-CG-1-11','NA',150),('2016ROY-2','AHM-CG-1-12','NA',150),('2016ROY-2','AHM-CG-1-13','NA',150),('2016ROY-2','AHM-CG-1-14','NA',150),('2016ROY-2','AHM-CG-1-15','A',150),('2016ROY-2','AHM-CG-1-16','A',150),('2016ROY-2','AHM-CG-1-17','A',150),('2016ROY-2','AHM-CG-1-18','A',150),('2016ROY-2','AHM-CG-1-19','A',150),('2016ROY-2','AHM-CG-1-20','A',150),('2016ROY-2','AHM-CG-1-21','A',150),('2016ROY-2','AHM-CG-1-22','A',150),('2016ROY-2','AHM-CG-1-23','A',150),('2016ROY-2','AHM-CG-1-24','A',150),('2016ROY-2','AHM-CG-1-25','A',150),('2016ROY-2','AHM-CG-1-26','A',150),('2016ROY-2','AHM-CG-1-27','A',150),('2016ROY-2','AHM-CG-1-28','A',150),('2016ROY-2','AHM-CG-1-29','A',150),('2016ROY-2','AHM-CG-1-30','A',150),('2016ROY-2','AHM-CG-1-31','A',100),('2016ROY-2','AHM-CG-1-32','A',100),('2016ROY-2','AHM-CG-1-33','A',100),('2016ROY-2','AHM-CG-1-34','A',100),('2016ROY-2','AHM-CG-1-35','A',100),('2016ROY-2','AHM-CG-1-36','A',100),('2016ROY-2','AHM-CG-1-37','A',100),('2016ROY-2','AHM-CG-1-38','A',100),('2016ROY-2','AHM-CG-1-39','A',100),('2016ROY-2','AHM-CG-1-40','A',100),('2016ROY-2','AHM-CG-1-41','A',100),('2016ROY-2','AHM-CG-1-42','A',100),('2016ROY-2','AHM-CG-1-43','A',100),('2016ROY-2','AHM-CG-1-44','A',100),('2016ROY-2','AHM-CG-1-45','A',100),('2016ROY-2','AHM-CG-1-46','A',100),('2016ROY-2','AHM-CG-1-47','A',100),('2016ROY-2','AHM-CG-1-48','A',100),('2016ROY-2','AHM-CG-1-49','A',100),('2016ROY-2','AHM-CG-1-50','A',100),('2016BDP-2','AHM-CG-2-01','NA',50),('2016BDP-2','AHM-CG-2-02','NA',50),('2016BDP-2','AHM-CG-2-03','NA',50),('2016BDP-2','AHM-CG-2-04','NA',50),('2016BDP-2','AHM-CG-2-05','A',50),('2016BDP-2','AHM-CG-2-06','A',50),('2016BDP-2','AHM-CG-2-07','A',50),('2016BDP-2','AHM-CG-2-08','A',50),('2016BDP-2','AHM-CG-2-09','A',50),('2016BDP-2','AHM-CG-2-10','A',50),('2016BDP-2','AHM-CG-2-11','A',40),('2016BDP-2','AHM-CG-2-12','A',40),('2016BDP-2','AHM-CG-2-13','A',40),('2016BDP-2','AHM-CG-2-14','A',40),('2016BDP-2','AHM-CG-2-15','A',40),('2016BDP-2','AHM-CG-2-16','A',40),('2016BDP-2','AHM-CG-2-17','A',40),('2016BDP-2','AHM-CG-2-18','A',40),('2016BDP-2','AHM-CG-2-19','A',40),('2016BDP-2','AHM-CG-2-20','A',40),('2016BDP-2','AHM-CG-2-21','A',40),('2016BDP-2','AHM-CG-2-22','A',40),('2016BDP-2','AHM-CG-2-23','A',40),('2016BDP-2','AHM-CG-2-24','A',40),('2016BDP-2','AHM-CG-2-25','A',40),('2016BDP-2','AHM-CG-2-26','A',40),('2016BDP-2','AHM-CG-2-27','A',40),('2016BDP-2','AHM-CG-2-28','A',40),('2016BDP-2','AHM-CG-2-29','A',40),('2016BDP-2','AHM-CG-2-30','A',40),('2016BDP-2','AHM-CG-2-31','A',30),('2016BDP-2','AHM-CG-2-32','A',30),('2016BDP-2','AHM-CG-2-33','A',30),('2016BDP-2','AHM-CG-2-34','A',30),('2016BDP-2','AHM-CG-2-35','A',30),('2016BDP-2','AHM-CG-2-36','A',30),('2016BDP-2','AHM-CG-2-37','A',30),('2016BDP-2','AHM-CG-2-38','A',30),('2016BDP-2','AHM-CG-2-39','A',30),('2016BDP-2','AHM-CG-2-40','A',30),('2016BDP-2','AHM-CG-2-41','A',30),('2016BDP-2','AHM-CG-2-42','A',30),('2016BDP-2','AHM-CG-2-43','A',30),('2016BDP-2','AHM-CG-2-44','A',30),('2016BDP-2','AHM-CG-2-45','A',30),('2016BDP-2','AHM-CG-2-46','A',30),('2016BDP-2','AHM-CG-2-47','A',30),('2016BDP-2','AHM-CG-2-48','A',30),('2016BDP-2','AHM-CG-2-49','A',30),('2016BDP-2','AHM-CG-2-50','A',30),('2016INST-2','AHM-CG-2-01','NA',50),('2016INST-2','AHM-CG-2-02','NA',50),('2016INST-2','AHM-CG-2-03','NA',50),('2016INST-2','AHM-CG-2-04','NA',50),('2016INST-2','AHM-CG-2-05','NA',50),('2016INST-2','AHM-CG-2-06','NA',50),('2016INST-2','AHM-CG-2-07','NA',50),('2016INST-2','AHM-CG-2-08','NA',50),('2016INST-2','AHM-CG-2-09','A',50),('2016INST-2','AHM-CG-2-10','A',50),('2016INST-2','AHM-CG-2-11','NA',40),('2016INST-2','AHM-CG-2-12','NA',40),('2016INST-2','AHM-CG-2-13','NA',40),('2016INST-2','AHM-CG-2-14','NA',40),('2016INST-2','AHM-CG-2-15','A',40),('2016INST-2','AHM-CG-2-16','A',40),('2016INST-2','AHM-CG-2-17','A',40),('2016INST-2','AHM-CG-2-18','A',40),('2016INST-2','AHM-CG-2-19','A',40),('2016INST-2','AHM-CG-2-20','A',40),('2016INST-2','AHM-CG-2-21','A',40),('2016INST-2','AHM-CG-2-22','A',40),('2016INST-2','AHM-CG-2-23','A',40),('2016INST-2','AHM-CG-2-24','A',40),('2016INST-2','AHM-CG-2-25','A',40),('2016INST-2','AHM-CG-2-26','A',40),('2016INST-2','AHM-CG-2-27','A',40),('2016INST-2','AHM-CG-2-28','A',40),('2016INST-2','AHM-CG-2-29','A',40),('2016INST-2','AHM-CG-2-30','A',40),('2016INST-2','AHM-CG-2-31','A',30),('2016INST-2','AHM-CG-2-32','A',30),('2016INST-2','AHM-CG-2-33','A',30),('2016INST-2','AHM-CG-2-34','A',30),('2016INST-2','AHM-CG-2-35','A',30),('2016INST-2','AHM-CG-2-36','A',30),('2016INST-2','AHM-CG-2-37','A',30),('2016INST-2','AHM-CG-2-38','A',30),('2016INST-2','AHM-CG-2-39','A',30),('2016INST-2','AHM-CG-2-40','A',30),('2016INST-2','AHM-CG-2-41','A',30),('2016INST-2','AHM-CG-2-42','A',30),('2016INST-2','AHM-CG-2-43','A',30),('2016INST-2','AHM-CG-2-44','A',30),('2016INST-2','AHM-CG-2-45','A',30),('2016INST-2','AHM-CG-2-46','A',30),('2016INST-2','AHM-CG-2-47','A',30),('2016INST-2','AHM-CG-2-48','A',30),('2016INST-2','AHM-CG-2-49','A',30),('2016INST-2','AHM-CG-2-50','A',30),('2016CIND-2','AHM-CIN-1-01','A',150),('2016CIND-2','AHM-CIN-1-02','A',150),('2016CIND-2','AHM-CIN-1-03','A',150),('2016CIND-2','AHM-CIN-1-04','A',150),('2016CIND-2','AHM-CIN-1-05','A',150),('2016CIND-2','AHM-CIN-1-06','A',150),('2016CIND-2','AHM-CIN-1-07','A',150),('2016CIND-2','AHM-CIN-1-08','A',150),('2016CIND-2','AHM-CIN-1-09','A',150),('2016CIND-2','AHM-CIN-1-10','A',150),('2016CIND-2','AHM-CIN-1-11','A',140),('2016CIND-2','AHM-CIN-1-12','A',140),('2016CIND-2','AHM-CIN-1-13','A',140),('2016CIND-2','AHM-CIN-1-14','A',140),('2016CIND-2','AHM-CIN-1-15','A',140),('2016CIND-2','AHM-CIN-1-16','A',140),('2016CIND-2','AHM-CIN-1-17','A',140),('2016CIND-2','AHM-CIN-1-18','A',140),('2016CIND-2','AHM-CIN-1-19','A',140),('2016CIND-2','AHM-CIN-1-20','A',140),('2016CIND-2','AHM-CIN-1-21','A',140),('2016CIND-2','AHM-CIN-1-22','A',140),('2016CIND-2','AHM-CIN-1-23','A',140),('2016CIND-2','AHM-CIN-1-24','A',140),('2016CIND-2','AHM-CIN-1-25','A',140),('2016CIND-2','AHM-CIN-1-26','A',140),('2016CIND-2','AHM-CIN-1-27','A',140),('2016CIND-2','AHM-CIN-1-28','A',140),('2016CIND-2','AHM-CIN-1-29','A',140),('2016CIND-2','AHM-CIN-1-30','A',140),('2016CIND-2','AHM-CIN-1-31','A',130),('2016CIND-2','AHM-CIN-1-32','A',130),('2016CIND-2','AHM-CIN-1-33','A',130),('2016CIND-2','AHM-CIN-1-34','A',130),('2016CIND-2','AHM-CIN-1-35','A',130),('2016CIND-2','AHM-CIN-1-36','A',130),('2016CIND-2','AHM-CIN-1-37','A',130),('2016CIND-2','AHM-CIN-1-38','A',130),('2016CIND-2','AHM-CIN-1-39','A',130),('2016CIND-2','AHM-CIN-1-40','A',130),('2016CIND-2','AHM-CIN-1-41','A',130),('2016CIND-2','AHM-CIN-1-42','A',130),('2016CIND-2','AHM-CIN-1-43','A',130),('2016CIND-2','AHM-CIN-1-44','A',130),('2016CIND-2','AHM-CIN-1-45','A',130),('2016CIND-2','AHM-CIN-1-46','A',130),('2016CIND-2','AHM-CIN-1-47','A',130),('2016CIND-2','AHM-CIN-1-48','A',130),('2016CIND-2','AHM-CIN-1-49','A',130),('2016CIND-2','AHM-CIN-1-50','A',130),('2016BY-2','BVN-VC-1-01','NA',300),('2016BY-2','BVN-VC-1-02','NA',300),('2016BY-2','BVN-VC-1-03','NA',300),('2016BY-2','BVN-VC-1-04','NA',300),('2016BY-2','BVN-VC-1-05','A',300),('2016BY-2','BVN-VC-1-06','A',300),('2016BY-2','BVN-VC-1-07','A',300),('2016BY-2','BVN-VC-1-08','A',300),('2016BY-2','BVN-VC-1-09','A',300),('2016BY-2','BVN-VC-1-10','A',300),('2016BY-2','BVN-VC-1-11','A',200),('2016BY-2','BVN-VC-1-12','A',200),('2016BY-2','BVN-VC-1-13','A',200),('2016BY-2','BVN-VC-1-14','A',200),('2016BY-2','BVN-VC-1-15','A',200),('2016BY-2','BVN-VC-1-16','A',200),('2016BY-2','BVN-VC-1-17','A',200),('2016BY-2','BVN-VC-1-18','A',200),('2016BY-2','BVN-VC-1-19','A',200),('2016BY-2','BVN-VC-1-20','A',200),('2016BY-2','BVN-VC-1-21','A',100),('2016BY-2','BVN-VC-1-22','A',100),('2016BY-2','BVN-VC-1-23','A',100),('2016BY-2','BVN-VC-1-24','A',100),('2016BY-2','BVN-VC-1-25','A',100),('2016BY-2','BVN-VC-1-26','A',100),('2016BY-2','BVN-VC-1-27','A',100),('2016BY-2','BVN-VC-1-28','A',100),('2016BY-2','BVN-VC-1-29','A',100),('2016BY-2','BVN-VC-1-30','A',100),('2016ATKD-2','BVN-VC-1-01','A',300),('2016ATKD-2','BVN-VC-1-02','A',300),('2016ATKD-2','BVN-VC-1-03','A',300),('2016ATKD-2','BVN-VC-1-04','A',300),('2016ATKD-2','BVN-VC-1-05','A',300),('2016ATKD-2','BVN-VC-1-06','A',300),('2016ATKD-2','BVN-VC-1-07','A',300),('2016ATKD-2','BVN-VC-1-08','A',300),('2016ATKD-2','BVN-VC-1-09','A',300),('2016ATKD-2','BVN-VC-1-10','A',300),('2016ATKD-2','BVN-VC-1-11','A',200),('2016ATKD-2','BVN-VC-1-12','A',200),('2016ATKD-2','BVN-VC-1-13','A',200),('2016ATKD-2','BVN-VC-1-14','A',200),('2016ATKD-2','BVN-VC-1-15','A',200),('2016ATKD-2','BVN-VC-1-16','A',200),('2016ATKD-2','BVN-VC-1-17','A',200),('2016ATKD-2','BVN-VC-1-18','A',200),('2016ATKD-2','BVN-VC-1-19','A',200),('2016ATKD-2','BVN-VC-1-20','A',200),('2016ATKD-2','BVN-VC-1-21','A',100),('2016ATKD-2','BVN-VC-1-22','A',100),('2016ATKD-2','BVN-VC-1-23','A',100),('2016ATKD-2','BVN-VC-1-24','A',100),('2016ATKD-2','BVN-VC-1-25','A',100),('2016ATKD-2','BVN-VC-1-26','A',100),('2016ATKD-2','BVN-VC-1-27','A',100),('2016ATKD-2','BVN-VC-1-28','A',100),('2016ATKD-2','BVN-VC-1-29','A',100),('2016ATKD-2','BVN-VC-1-30','A',100),('2016KM-3','SUT-ACR-1-01','NA',200),('2016KM-3','SUT-ACR-1-02','NA',200),('2016KM-3','SUT-ACR-1-03','NA',200),('2016KM-3','SUT-ACR-1-04','NA',200),('2016KM-3','SUT-ACR-1-05','A',200),('2016KM-3','SUT-ACR-1-06','A',200),('2016KM-3','SUT-ACR-1-07','A',200),('2016KM-3','SUT-ACR-1-08','A',200),('2016KM-3','SUT-ACR-1-09','A',200),('2016KM-3','SUT-ACR-1-10','A',200),('2016KM-3','SUT-ACR-1-11','A',150),('2016KM-3','SUT-ACR-1-12','A',150),('2016KM-3','SUT-ACR-1-13','A',150),('2016KM-3','SUT-ACR-1-14','A',150),('2016KM-3','SUT-ACR-1-15','A',150),('2016KM-3','SUT-ACR-1-16','A',150),('2016KM-3','SUT-ACR-1-17','A',150),('2016KM-3','SUT-ACR-1-18','A',150),('2016KM-3','SUT-ACR-1-19','A',150),('2016KM-3','SUT-ACR-1-20','A',150),('2016KM-3','SUT-ACR-1-21','A',100),('2016KM-3','SUT-ACR-1-22','A',100),('2016KM-3','SUT-ACR-1-23','A',100),('2016KM-3','SUT-ACR-1-24','A',100),('2016KM-3','SUT-ACR-1-25','A',100),('2016KM-3','SUT-ACR-1-26','A',100),('2016KM-3','SUT-ACR-1-27','A',100),('2016KM-3','SUT-ACR-1-28','A',100),('2016KM-3','SUT-ACR-1-29','A',100),('2016KM-3','SUT-ACR-1-30','A',100),('2016VVN-2','SUT-ACR-2-01','NA',200),('2016VVN-2','SUT-ACR-2-02','NA',200),('2016VVN-2','SUT-ACR-2-03','NA',200),('2016VVN-2','SUT-ACR-2-04','NA',200),('2016VVN-2','SUT-ACR-2-05','NA',200),('2016VVN-2','SUT-ACR-2-06','NA',200),('2016VVN-2','SUT-ACR-2-07','NA',200),('2016VVN-2','SUT-ACR-2-08','NA',200),('2016VVN-2','SUT-ACR-2-09','A',200),('2016VVN-2','SUT-ACR-2-10','A',200),('2016VVN-2','SUT-ACR-2-11','NA',150),('2016VVN-2','SUT-ACR-2-12','NA',150),('2016VVN-2','SUT-ACR-2-13','NA',150),('2016VVN-2','SUT-ACR-2-14','NA',150),('2016VVN-2','SUT-ACR-2-15','A',150),('2016VVN-2','SUT-ACR-2-16','A',150),('2016VVN-2','SUT-ACR-2-17','A',150),('2016VVN-2','SUT-ACR-2-18','A',150),('2016VVN-2','SUT-ACR-2-19','A',150),('2016VVN-2','SUT-ACR-2-20','A',150),('2016VVN-2','SUT-ACR-2-21','A',100),('2016VVN-2','SUT-ACR-2-22','A',100),('2016VVN-2','SUT-ACR-2-23','A',100),('2016VVN-2','SUT-ACR-2-24','A',100),('2016VVN-2','SUT-ACR-2-25','A',100),('2016VVN-2','SUT-ACR-2-26','A',100),('2016VVN-2','SUT-ACR-2-27','A',100),('2016VVN-2','SUT-ACR-2-28','A',100),('2016VVN-2','SUT-ACR-2-29','A',100),('2016VVN-2','SUT-ACR-2-30','A',100),('2016KM-4','RJT-RUP-1-01','NA',500),('2016KM-4','RJT-RUP-1-02','NA',500),('2016KM-4','RJT-RUP-1-03','NA',500),('2016KM-4','RJT-RUP-1-04','NA',500),('2016KM-4','RJT-RUP-1-05','NA',500),('2016KM-4','RJT-RUP-1-06','NA',500),('2016KM-4','RJT-RUP-1-07','NA',500),('2016KM-4','RJT-RUP-1-08','NA',500),('2016KM-4','RJT-RUP-1-09','A',500),('2016KM-4','RJT-RUP-1-10','A',500),('2016KM-4','RJT-RUP-1-11','A',500),('2016KM-4','RJT-RUP-1-12','A',500),('2016KM-4','RJT-RUP-1-13','A',500),('2016KM-4','RJT-RUP-1-14','A',500),('2016KM-4','RJT-RUP-1-15','A',500),('2016KM-4','RJT-RUP-1-16','A',500),('2016KM-4','RJT-RUP-1-17','A',500),('2016KM-4','RJT-RUP-1-18','A',500),('2016KM-4','RJT-RUP-1-19','A',500),('2016KM-4','RJT-RUP-1-20','A',500),('2016KM-4','RJT-RUP-1-21','NA',400),('2016KM-4','RJT-RUP-1-22','NA',400),('2016KM-4','RJT-RUP-1-23','NA',400),('2016KM-4','RJT-RUP-1-24','NA',400),('2016KM-4','RJT-RUP-1-25','A',400),('2016KM-4','RJT-RUP-1-26','A',400),('2016KM-4','RJT-RUP-1-27','A',400),('2016KM-4','RJT-RUP-1-28','A',400),('2016KM-4','RJT-RUP-1-29','A',400),('2016KM-4','RJT-RUP-1-30','A',400),('2016KM-4','RJT-RUP-1-31','A',400),('2016KM-4','RJT-RUP-1-32','A',400),('2016KM-4','RJT-RUP-1-33','A',400),('2016KM-4','RJT-RUP-1-34','A',400),('2016KM-4','RJT-RUP-1-35','A',400),('2016KM-4','RJT-RUP-1-36','A',400),('2016KM-4','RJT-RUP-1-37','A',400),('2016KM-4','RJT-RUP-1-38','A',400),('2016KM-4','RJT-RUP-1-39','A',400),('2016KM-4','RJT-RUP-1-40','A',400),('2016KM-4','RJT-RUP-1-41','A',400),('2016KM-4','RJT-RUP-1-42','A',400),('2016KM-4','RJT-RUP-1-43','A',400),('2016KM-4','RJT-RUP-1-44','A',400),('2016KM-4','RJT-RUP-1-45','A',400),('2016KM-4','RJT-RUP-1-46','A',400),('2016KM-4','RJT-RUP-1-47','A',400),('2016KM-4','RJT-RUP-1-48','A',400),('2016KM-4','RJT-RUP-1-49','A',400),('2016KM-4','RJT-RUP-1-50','A',400),('2016KM-4','RJT-RUP-1-51','A',300),('2016KM-4','RJT-RUP-1-52','A',300),('2016KM-4','RJT-RUP-1-53','A',300),('2016KM-4','RJT-RUP-1-54','A',300),('2016KM-4','RJT-RUP-1-55','A',300),('2016KM-4','RJT-RUP-1-56','A',300),('2016KM-4','RJT-RUP-1-57','A',300),('2016KM-4','RJT-RUP-1-58','A',300),('2016KM-4','RJT-RUP-1-59','A',300),('2016KM-4','RJT-RUP-1-60','A',300),('2016KM-4','RJT-RUP-1-61','A',300),('2016KM-4','RJT-RUP-1-62','A',300),('2016KM-4','RJT-RUP-1-63','A',300),('2016KM-4','RJT-RUP-1-64','A',300),('2016KM-4','RJT-RUP-1-65','A',300),('2016KM-4','RJT-RUP-1-66','A',300),('2016KM-4','RJT-RUP-1-67','A',300),('2016KM-4','RJT-RUP-1-68','A',300),('2016KM-4','RJT-RUP-1-69','A',300),('2016KM-4','RJT-RUP-1-70','A',300),('2016KM-4','RJT-RUP-1-71','A',300),('2016KM-4','RJT-RUP-1-72','A',300),('2016KM-4','RJT-RUP-1-73','A',300),('2016KM-4','RJT-RUP-1-74','A',300),('2016KM-4','RJT-RUP-1-75','A',300),('2016KM-4','RJT-RUP-1-76','A',300),('2016KM-4','RJT-RUP-1-77','A',300),('2016KM-4','RJT-RUP-1-78','A',300),('2016KM-4','RJT-RUP-1-79','A',300),('2016KM-4','RJT-RUP-1-80','A',300),('2016KM-4','RJT-RUP-1-81','A',300),('2016KM-4','RJT-RUP-1-82','A',300),('2016KM-4','RJT-RUP-1-83','A',300),('2016KM-4','RJT-RUP-1-84','A',300),('2016KM-4','RJT-RUP-1-85','A',300),('2016KM-4','RJT-RUP-1-86','A',300),('2016KM-4','RJT-RUP-1-87','A',300),('2016KM-4','RJT-RUP-1-88','A',300),('2016KM-4','RJT-RUP-1-89','A',300),('2016KM-4','RJT-RUP-1-90','A',300),('2016KM-4','RJT-RUP-1-91','A',300),('2016KM-4','RJT-RUP-1-92','A',300),('2016KM-4','RJT-RUP-1-93','A',300),('2016KM-4','RJT-RUP-1-94','A',300),('2016KM-4','RJT-RUP-1-95','A',300),('2016KM-4','RJT-RUP-1-96','A',300),('2016KM-4','RJT-RUP-1-97','A',300),('2016KM-4','RJT-RUP-1-98','A',300),('2016KM-4','RJT-RUP-1-99','A',300),('2016KM-4','RJT-RUP-1-100','A',300),('2016ARJ-1','AHM-KAR-01','NA',500),('2016ARJ-1','AHM-KAR-02','NA',500),('2016ARJ-1','AHM-KAR-03','NA',500),('2016ARJ-1','AHM-KAR-04','NA',500),('2016ARJ-1','AHM-KAR-05','NA',500),('2016ARJ-1','AHM-KAR-06','NA',500),('2016ARJ-1','AHM-KAR-07','NA',500),('2016ARJ-1','AHM-KAR-08','NA',500),('2016ARJ-1','AHM-KAR-09','A',500),('2016ARJ-1','AHM-KAR-10','A',500),('2016ARJ-1','AHM-KAR-11','A',500),('2016ARJ-1','AHM-KAR-12','A',500),('2016ARJ-1','AHM-KAR-13','A',500),('2016ARJ-1','AHM-KAR-14','A',500),('2016ARJ-1','AHM-KAR-15','A',500),('2016ARJ-1','AHM-KAR-16','A',500),('2016ARJ-1','AHM-KAR-17','A',500),('2016ARJ-1','AHM-KAR-18','A',500),('2016ARJ-1','AHM-KAR-19','A',500),('2016ARJ-1','AHM-KAR-20','A',500),('2016ARJ-1','AHM-KAR-21','A',500),('2016ARJ-1','AHM-KAR-22','A',500),('2016ARJ-1','AHM-KAR-23','A',500),('2016ARJ-1','AHM-KAR-24','A',500),('2016ARJ-1','AHM-KAR-25','A',500),('2016ARJ-1','AHM-KAR-26','A',500),('2016ARJ-1','AHM-KAR-27','A',500),('2016ARJ-1','AHM-KAR-28','A',500),('2016ARJ-1','AHM-KAR-29','A',500),('2016ARJ-1','AHM-KAR-30','A',500),('2016ARJ-1','AHM-KAR-31','A',500),('2016ARJ-1','AHM-KAR-32','A',500),('2016ARJ-1','AHM-KAR-33','A',500),('2016ARJ-1','AHM-KAR-34','A',500),('2016ARJ-1','AHM-KAR-35','A',500),('2016ARJ-1','AHM-KAR-36','A',500),('2016ARJ-1','AHM-KAR-37','A',500),('2016ARJ-1','AHM-KAR-38','A',500),('2016ARJ-1','AHM-KAR-39','A',500),('2016ARJ-1','AHM-KAR-40','A',500),('2016ARJ-1','AHM-KAR-41','A',500),('2016ARJ-1','AHM-KAR-42','A',500),('2016ARJ-1','AHM-KAR-43','A',500),('2016ARJ-1','AHM-KAR-44','A',500),('2016ARJ-1','AHM-KAR-45','A',500),('2016ARJ-1','AHM-KAR-46','A',500),('2016ARJ-1','AHM-KAR-47','A',500),('2016ARJ-1','AHM-KAR-48','A',500),('2016ARJ-1','AHM-KAR-49','A',500),('2016ARJ-1','AHM-KAR-50','A',500),('2016ARJ-1','AHM-KAR-51','A',500),('2016ARJ-1','AHM-KAR-52','A',500),('2016ARJ-1','AHM-KAR-53','A',500),('2016ARJ-1','AHM-KAR-54','A',500),('2016ARJ-1','AHM-KAR-55','A',500),('2016ARJ-1','AHM-KAR-56','A',500),('2016ARJ-1','AHM-KAR-57','A',500),('2016ARJ-1','AHM-KAR-58','A',500),('2016ARJ-1','AHM-KAR-59','A',500),('2016ARJ-1','AHM-KAR-60','A',500),('2016ARJ-1','AHM-KAR-61','A',500),('2016ARJ-1','AHM-KAR-62','A',500),('2016ARJ-1','AHM-KAR-63','A',500),('2016ARJ-1','AHM-KAR-64','A',500),('2016ARJ-1','AHM-KAR-65','A',500),('2016ARJ-1','AHM-KAR-66','A',500),('2016ARJ-1','AHM-KAR-67','A',500),('2016ARJ-1','AHM-KAR-68','A',500),('2016ARJ-1','AHM-KAR-69','A',500),('2016ARJ-1','AHM-KAR-70','A',500),('2016ARJ-1','AHM-KAR-71','A',500),('2016ARJ-1','AHM-KAR-72','A',500),('2016ARJ-1','AHM-KAR-73','A',500),('2016ARJ-1','AHM-KAR-74','A',500),('2016ARJ-1','AHM-KAR-75','A',500),('2016ARJ-1','AHM-KAR-76','A',500),('2016ARJ-1','AHM-KAR-77','A',500),('2016ARJ-1','AHM-KAR-78','A',500),('2016ARJ-1','AHM-KAR-79','A',500),('2016ARJ-1','AHM-KAR-80','A',500),('2016ARJ-1','AHM-KAR-81','A',500),('2016ARJ-1','AHM-KAR-82','A',500),('2016ARJ-1','AHM-KAR-83','A',500),('2016ARJ-1','AHM-KAR-84','A',500),('2016ARJ-1','AHM-KAR-85','A',500),('2016ARJ-1','AHM-KAR-86','A',500),('2016ARJ-1','AHM-KAR-87','A',500),('2016ARJ-1','AHM-KAR-88','A',500),('2016ARJ-1','AHM-KAR-89','A',500),('2016ARJ-1','AHM-KAR-90','A',500),('2016ARJ-1','AHM-KAR-91','A',500),('2016ARJ-1','AHM-KAR-92','A',500),('2016ARJ-1','AHM-KAR-93','A',500),('2016ARJ-1','AHM-KAR-94','A',500),('2016ARJ-1','AHM-KAR-95','A',500),('2016ARJ-1','AHM-KAR-96','A',500),('2016ARJ-1','AHM-KAR-97','A',500),('2016ARJ-1','AHM-KAR-98','A',500),('2016ARJ-1','AHM-KAR-99','A',500),('2016ARJ-1','AHM-KAR-100','A',500),('2016ARJ-1','AHM-KAR-101','NA',400),('2016ARJ-1','AHM-KAR-102','NA',400),('2016ARJ-1','AHM-KAR-103','NA',400),('2016ARJ-1','AHM-KAR-104','NA',400),('2016ARJ-1','AHM-KAR-105','A',400),('2016ARJ-1','AHM-KAR-106','A',400),('2016ARJ-1','AHM-KAR-107','A',400),('2016ARJ-1','AHM-KAR-108','A',400),('2016ARJ-1','AHM-KAR-109','A',400),('2016ARJ-1','AHM-KAR-110','A',400),('2016ARJ-1','AHM-KAR-111','A',400),('2016ARJ-1','AHM-KAR-112','A',400),('2016ARJ-1','AHM-KAR-113','A',400),('2016ARJ-1','AHM-KAR-114','A',400),('2016ARJ-1','AHM-KAR-115','A',400),('2016ARJ-1','AHM-KAR-116','A',400),('2016ARJ-1','AHM-KAR-117','A',400),('2016ARJ-1','AHM-KAR-118','A',400),('2016ARJ-1','AHM-KAR-119','A',400),('2016ARJ-1','AHM-KAR-120','A',400),('2016ARJ-1','AHM-KAR-121','A',400),('2016ARJ-1','AHM-KAR-122','A',400),('2016ARJ-1','AHM-KAR-123','A',400),('2016ARJ-1','AHM-KAR-124','A',400),('2016ARJ-1','AHM-KAR-125','A',400),('2016ARJ-1','AHM-KAR-126','A',400),('2016ARJ-1','AHM-KAR-127','A',400),('2016ARJ-1','AHM-KAR-128','A',400),('2016ARJ-1','AHM-KAR-129','A',400),('2016ARJ-1','AHM-KAR-130','A',400),('2016ARJ-1','AHM-KAR-131','A',400),('2016ARJ-1','AHM-KAR-132','A',400),('2016ARJ-1','AHM-KAR-133','A',400),('2016ARJ-1','AHM-KAR-134','A',400),('2016ARJ-1','AHM-KAR-135','A',400),('2016ARJ-1','AHM-KAR-136','A',400),('2016ARJ-1','AHM-KAR-137','A',400),('2016ARJ-1','AHM-KAR-138','A',400),('2016ARJ-1','AHM-KAR-139','A',400),('2016ARJ-1','AHM-KAR-140','A',400),('2016ARJ-1','AHM-KAR-141','A',400),('2016ARJ-1','AHM-KAR-142','A',400),('2016ARJ-1','AHM-KAR-143','A',400),('2016ARJ-1','AHM-KAR-144','A',400),('2016ARJ-1','AHM-KAR-145','A',400),('2016ARJ-1','AHM-KAR-146','A',400),('2016ARJ-1','AHM-KAR-147','A',400),('2016ARJ-1','AHM-KAR-148','A',400),('2016ARJ-1','AHM-KAR-149','A',400),('2016ARJ-1','AHM-KAR-150','A',400),('2016ARJ-1','AHM-KAR-151','A',400),('2016ARJ-1','AHM-KAR-152','A',400),('2016ARJ-1','AHM-KAR-153','A',400),('2016ARJ-1','AHM-KAR-154','A',400),('2016ARJ-1','AHM-KAR-155','A',400),('2016ARJ-1','AHM-KAR-156','A',400),('2016ARJ-1','AHM-KAR-157','A',400),('2016ARJ-1','AHM-KAR-158','A',400),('2016ARJ-1','AHM-KAR-159','A',400),('2016ARJ-1','AHM-KAR-160','A',400),('2016ARJ-1','AHM-KAR-161','A',400),('2016ARJ-1','AHM-KAR-162','A',400),('2016ARJ-1','AHM-KAR-163','A',400),('2016ARJ-1','AHM-KAR-164','A',400),('2016ARJ-1','AHM-KAR-165','A',400),('2016ARJ-1','AHM-KAR-166','A',400),('2016ARJ-1','AHM-KAR-167','A',400),('2016ARJ-1','AHM-KAR-168','A',400),('2016ARJ-1','AHM-KAR-169','A',400),('2016ARJ-1','AHM-KAR-170','A',400),('2016ARJ-1','AHM-KAR-171','A',400),('2016ARJ-1','AHM-KAR-172','A',400),('2016ARJ-1','AHM-KAR-173','A',400),('2016ARJ-1','AHM-KAR-174','A',400),('2016ARJ-1','AHM-KAR-175','A',400),('2016ARJ-1','AHM-KAR-176','A',400),('2016ARJ-1','AHM-KAR-177','A',400),('2016ARJ-1','AHM-KAR-178','A',400),('2016ARJ-1','AHM-KAR-179','A',400),('2016ARJ-1','AHM-KAR-180','A',400),('2016ARJ-1','AHM-KAR-181','A',400),('2016ARJ-1','AHM-KAR-182','A',400),('2016ARJ-1','AHM-KAR-183','A',400),('2016ARJ-1','AHM-KAR-184','A',400),('2016ARJ-1','AHM-KAR-185','A',400),('2016ARJ-1','AHM-KAR-186','A',400),('2016ARJ-1','AHM-KAR-187','A',400),('2016ARJ-1','AHM-KAR-188','A',400),('2016ARJ-1','AHM-KAR-189','A',400),('2016ARJ-1','AHM-KAR-190','A',400),('2016ARJ-1','AHM-KAR-191','A',400),('2016ARJ-1','AHM-KAR-192','A',400),('2016ARJ-1','AHM-KAR-193','A',400),('2016ARJ-1','AHM-KAR-194','A',400),('2016ARJ-1','AHM-KAR-195','A',400),('2016ARJ-1','AHM-KAR-196','A',400),('2016ARJ-1','AHM-KAR-197','A',400),('2016ARJ-1','AHM-KAR-198','A',400),('2016ARJ-1','AHM-KAR-199','A',400),('2016ARJ-1','AHM-KAR-200','A',400),('2016ARJ-1','AHM-KAR-201','A',300),('2016ARJ-1','AHM-KAR-202','A',300),('2016ARJ-1','AHM-KAR-203','A',300),('2016ARJ-1','AHM-KAR-204','A',300),('2016ARJ-1','AHM-KAR-205','A',300),('2016ARJ-1','AHM-KAR-206','A',300),('2016ARJ-1','AHM-KAR-207','A',300),('2016ARJ-1','AHM-KAR-208','A',300),('2016ARJ-1','AHM-KAR-209','A',300),('2016ARJ-1','AHM-KAR-210','A',300),('2016ARJ-1','AHM-KAR-211','A',300),('2016ARJ-1','AHM-KAR-212','A',300),('2016ARJ-1','AHM-KAR-213','A',300),('2016ARJ-1','AHM-KAR-214','A',300),('2016ARJ-1','AHM-KAR-215','A',300),('2016ARJ-1','AHM-KAR-216','A',300),('2016ARJ-1','AHM-KAR-217','A',300),('2016ARJ-1','AHM-KAR-218','A',300),('2016ARJ-1','AHM-KAR-219','A',300),('2016ARJ-1','AHM-KAR-220','A',300),('2016ARJ-1','AHM-KAR-221','A',300),('2016ARJ-1','AHM-KAR-222','A',300),('2016ARJ-1','AHM-KAR-223','A',300),('2016ARJ-1','AHM-KAR-224','A',300),('2016ARJ-1','AHM-KAR-225','A',300),('2016ARJ-1','AHM-KAR-226','A',300),('2016ARJ-1','AHM-KAR-227','A',300),('2016ARJ-1','AHM-KAR-228','A',300),('2016ARJ-1','AHM-KAR-229','A',300),('2016ARJ-1','AHM-KAR-230','A',300),('2016ARJ-1','AHM-KAR-231','A',300),('2016ARJ-1','AHM-KAR-232','A',300),('2016ARJ-1','AHM-KAR-233','A',300),('2016ARJ-1','AHM-KAR-234','A',300),('2016ARJ-1','AHM-KAR-235','A',300),('2016ARJ-1','AHM-KAR-236','A',300),('2016ARJ-1','AHM-KAR-237','A',300),('2016ARJ-1','AHM-KAR-238','A',300),('2016ARJ-1','AHM-KAR-239','A',300),('2016ARJ-1','AHM-KAR-240','A',300),('2016ARJ-1','AHM-KAR-241','A',300),('2016ARJ-1','AHM-KAR-242','A',300),('2016ARJ-1','AHM-KAR-243','A',300),('2016ARJ-1','AHM-KAR-244','A',300),('2016ARJ-1','AHM-KAR-245','A',300),('2016ARJ-1','AHM-KAR-246','A',300),('2016ARJ-1','AHM-KAR-247','A',300),('2016ARJ-1','AHM-KAR-248','A',300),('2016ARJ-1','AHM-KAR-249','A',300),('2016ARJ-1','AHM-KAR-250','A',300),('2016ARJ-1','AHM-KAR-251','A',300),('2016ARJ-1','AHM-KAR-252','A',300),('2016ARJ-1','AHM-KAR-253','A',300),('2016ARJ-1','AHM-KAR-254','A',300),('2016ARJ-1','AHM-KAR-255','A',300),('2016ARJ-1','AHM-KAR-256','A',300),('2016ARJ-1','AHM-KAR-257','A',300),('2016ARJ-1','AHM-KAR-258','A',300),('2016ARJ-1','AHM-KAR-259','A',300),('2016ARJ-1','AHM-KAR-260','A',300),('2016ARJ-1','AHM-KAR-261','A',300),('2016ARJ-1','AHM-KAR-262','A',300),('2016ARJ-1','AHM-KAR-263','A',300),('2016ARJ-1','AHM-KAR-264','A',300),('2016ARJ-1','AHM-KAR-265','A',300),('2016ARJ-1','AHM-KAR-266','A',300),('2016ARJ-1','AHM-KAR-267','A',300),('2016ARJ-1','AHM-KAR-268','A',300),('2016ARJ-1','AHM-KAR-269','A',300),('2016ARJ-1','AHM-KAR-270','A',300),('2016ARJ-1','AHM-KAR-271','A',300),('2016ARJ-1','AHM-KAR-272','A',300),('2016ARJ-1','AHM-KAR-273','A',300),('2016ARJ-1','AHM-KAR-274','A',300),('2016ARJ-1','AHM-KAR-275','A',300),('2016ARJ-1','AHM-KAR-276','A',300),('2016ARJ-1','AHM-KAR-277','A',300),('2016ARJ-1','AHM-KAR-278','A',300),('2016ARJ-1','AHM-KAR-279','A',300),('2016ARJ-1','AHM-KAR-280','A',300),('2016ARJ-1','AHM-KAR-281','A',300),('2016ARJ-1','AHM-KAR-282','A',300),('2016ARJ-1','AHM-KAR-283','A',300),('2016ARJ-1','AHM-KAR-284','A',300),('2016ARJ-1','AHM-KAR-285','A',300),('2016ARJ-1','AHM-KAR-286','A',300),('2016ARJ-1','AHM-KAR-287','A',300),('2016ARJ-1','AHM-KAR-288','A',300),('2016ARJ-1','AHM-KAR-289','A',300),('2016ARJ-1','AHM-KAR-290','A',300),('2016ARJ-1','AHM-KAR-291','A',300),('2016ARJ-1','AHM-KAR-292','A',300),('2016ARJ-1','AHM-KAR-293','A',300),('2016ARJ-1','AHM-KAR-294','A',300),('2016ARJ-1','AHM-KAR-295','A',300),('2016ARJ-1','AHM-KAR-296','A',300),('2016ARJ-1','AHM-KAR-297','A',300),('2016ARJ-1','AHM-KAR-298','A',300),('2016ARJ-1','AHM-KAR-299','A',300),('2016ARJ-1','AHM-KAR-300','A',300),('2016ARJ-2','AHM-GMDC-01','NA',500),('2016ARJ-2','AHM-GMDC-02','NA',500),('2016ARJ-2','AHM-GMDC-03','NA',500),('2016ARJ-2','AHM-GMDC-04','NA',500),('2016ARJ-2','AHM-GMDC-05','NA',500),('2016ARJ-2','AHM-GMDC-06','NA',500),('2016ARJ-2','AHM-GMDC-07','NA',500),('2016ARJ-2','AHM-GMDC-08','NA',500),('2016ARJ-2','AHM-GMDC-09','A',500),('2016ARJ-2','AHM-GMDC-10','A',500),('2016ARJ-2','AHM-GMDC-11','A',500),('2016ARJ-2','AHM-GMDC-12','A',500),('2016ARJ-2','AHM-GMDC-13','A',500),('2016ARJ-2','AHM-GMDC-14','A',500),('2016ARJ-2','AHM-GMDC-15','A',500),('2016ARJ-2','AHM-GMDC-16','A',500),('2016ARJ-2','AHM-GMDC-17','A',500),('2016ARJ-2','AHM-GMDC-18','A',500),('2016ARJ-2','AHM-GMDC-19','A',500),('2016ARJ-2','AHM-GMDC-20','A',500),('2016ARJ-2','AHM-GMDC-21','A',500),('2016ARJ-2','AHM-GMDC-22','A',500),('2016ARJ-2','AHM-GMDC-23','A',500),('2016ARJ-2','AHM-GMDC-24','A',500),('2016ARJ-2','AHM-GMDC-25','A',500),('2016ARJ-2','AHM-GMDC-26','A',500),('2016ARJ-2','AHM-GMDC-27','A',500),('2016ARJ-2','AHM-GMDC-28','A',500),('2016ARJ-2','AHM-GMDC-29','A',500),('2016ARJ-2','AHM-GMDC-30','A',500),('2016ARJ-2','AHM-GMDC-31','A',500),('2016ARJ-2','AHM-GMDC-32','A',500),('2016ARJ-2','AHM-GMDC-33','A',500),('2016ARJ-2','AHM-GMDC-34','A',500),('2016ARJ-2','AHM-GMDC-35','A',500),('2016ARJ-2','AHM-GMDC-36','A',500),('2016ARJ-2','AHM-GMDC-37','A',500),('2016ARJ-2','AHM-GMDC-38','A',500),('2016ARJ-2','AHM-GMDC-39','A',500),('2016ARJ-2','AHM-GMDC-40','A',500),('2016ARJ-2','AHM-GMDC-41','A',500),('2016ARJ-2','AHM-GMDC-42','A',500),('2016ARJ-2','AHM-GMDC-43','A',500),('2016ARJ-2','AHM-GMDC-44','A',500),('2016ARJ-2','AHM-GMDC-45','A',500),('2016ARJ-2','AHM-GMDC-46','A',500),('2016ARJ-2','AHM-GMDC-47','A',500),('2016ARJ-2','AHM-GMDC-48','A',500),('2016ARJ-2','AHM-GMDC-49','A',500),('2016ARJ-2','AHM-GMDC-50','A',500),('2016ARJ-2','AHM-GMDC-51','A',500),('2016ARJ-2','AHM-GMDC-52','A',500),('2016ARJ-2','AHM-GMDC-53','A',500),('2016ARJ-2','AHM-GMDC-54','A',500),('2016ARJ-2','AHM-GMDC-55','A',500),('2016ARJ-2','AHM-GMDC-56','A',500),('2016ARJ-2','AHM-GMDC-57','A',500),('2016ARJ-2','AHM-GMDC-58','A',500),('2016ARJ-2','AHM-GMDC-59','A',500),('2016ARJ-2','AHM-GMDC-60','A',500),('2016ARJ-2','AHM-GMDC-61','A',500),('2016ARJ-2','AHM-GMDC-62','A',500),('2016ARJ-2','AHM-GMDC-63','A',500),('2016ARJ-2','AHM-GMDC-64','A',500),('2016ARJ-2','AHM-GMDC-65','A',500),('2016ARJ-2','AHM-GMDC-66','A',500),('2016ARJ-2','AHM-GMDC-67','A',500),('2016ARJ-2','AHM-GMDC-68','A',500),('2016ARJ-2','AHM-GMDC-69','A',500),('2016ARJ-2','AHM-GMDC-70','A',500),('2016ARJ-2','AHM-GMDC-71','A',500),('2016ARJ-2','AHM-GMDC-72','A',500),('2016ARJ-2','AHM-GMDC-73','A',500),('2016ARJ-2','AHM-GMDC-74','A',500),('2016ARJ-2','AHM-GMDC-75','A',500),('2016ARJ-2','AHM-GMDC-76','A',500),('2016ARJ-2','AHM-GMDC-77','A',500),('2016ARJ-2','AHM-GMDC-78','A',500),('2016ARJ-2','AHM-GMDC-79','A',500),('2016ARJ-2','AHM-GMDC-80','A',500),('2016ARJ-2','AHM-GMDC-81','A',500),('2016ARJ-2','AHM-GMDC-82','A',500),('2016ARJ-2','AHM-GMDC-83','A',500),('2016ARJ-2','AHM-GMDC-84','A',500),('2016ARJ-2','AHM-GMDC-85','A',500),('2016ARJ-2','AHM-GMDC-86','A',500),('2016ARJ-2','AHM-GMDC-87','A',500),('2016ARJ-2','AHM-GMDC-88','A',500),('2016ARJ-2','AHM-GMDC-89','A',500),('2016ARJ-2','AHM-GMDC-90','A',500),('2016ARJ-2','AHM-GMDC-91','A',500),('2016ARJ-2','AHM-GMDC-92','A',500),('2016ARJ-2','AHM-GMDC-93','A',500),('2016ARJ-2','AHM-GMDC-94','A',500),('2016ARJ-2','AHM-GMDC-95','A',500),('2016ARJ-2','AHM-GMDC-96','A',500),('2016ARJ-2','AHM-GMDC-97','A',500),('2016ARJ-2','AHM-GMDC-98','A',500),('2016ARJ-2','AHM-GMDC-99','A',500),('2016ARJ-2','AHM-GMDC-100','A',500),('2016ARJ-2','AHM-GMDC-101','NA',400),('2016ARJ-2','AHM-GMDC-102','NA',400),('2016ARJ-2','AHM-GMDC-103','NA',400),('2016ARJ-2','AHM-GMDC-104','NA',400),('2016ARJ-2','AHM-GMDC-105','A',400),('2016ARJ-2','AHM-GMDC-106','A',400),('2016ARJ-2','AHM-GMDC-107','A',400),('2016ARJ-2','AHM-GMDC-108','A',400),('2016ARJ-2','AHM-GMDC-109','A',400),('2016ARJ-2','AHM-GMDC-110','A',400),('2016ARJ-2','AHM-GMDC-111','A',400),('2016ARJ-2','AHM-GMDC-112','A',400),('2016ARJ-2','AHM-GMDC-113','A',400),('2016ARJ-2','AHM-GMDC-114','A',400),('2016ARJ-2','AHM-GMDC-115','A',400),('2016ARJ-2','AHM-GMDC-116','A',400),('2016ARJ-2','AHM-GMDC-117','A',400),('2016ARJ-2','AHM-GMDC-118','A',400),('2016ARJ-2','AHM-GMDC-119','A',400),('2016ARJ-2','AHM-GMDC-120','A',400),('2016ARJ-2','AHM-GMDC-121','A',400),('2016ARJ-2','AHM-GMDC-122','A',400),('2016ARJ-2','AHM-GMDC-123','A',400),('2016ARJ-2','AHM-GMDC-124','A',400),('2016ARJ-2','AHM-GMDC-125','A',400),('2016ARJ-2','AHM-GMDC-126','A',400),('2016ARJ-2','AHM-GMDC-127','A',400),('2016ARJ-2','AHM-GMDC-128','A',400),('2016ARJ-2','AHM-GMDC-129','A',400),('2016ARJ-2','AHM-GMDC-130','A',400),('2016ARJ-2','AHM-GMDC-131','A',400),('2016ARJ-2','AHM-GMDC-132','A',400),('2016ARJ-2','AHM-GMDC-133','A',400),('2016ARJ-2','AHM-GMDC-134','A',400),('2016ARJ-2','AHM-GMDC-135','A',400),('2016ARJ-2','AHM-GMDC-136','A',400),('2016ARJ-2','AHM-GMDC-137','A',400),('2016ARJ-2','AHM-GMDC-138','A',400),('2016ARJ-2','AHM-GMDC-139','A',400),('2016ARJ-2','AHM-GMDC-140','A',400),('2016ARJ-2','AHM-GMDC-141','A',400),('2016ARJ-2','AHM-GMDC-142','A',400),('2016ARJ-2','AHM-GMDC-143','A',400),('2016ARJ-2','AHM-GMDC-144','A',400),('2016ARJ-2','AHM-GMDC-145','A',400),('2016ARJ-2','AHM-GMDC-146','A',400),('2016ARJ-2','AHM-GMDC-147','A',400),('2016ARJ-2','AHM-GMDC-148','A',400),('2016ARJ-2','AHM-GMDC-149','A',400),('2016ARJ-2','AHM-GMDC-150','A',400),('2016ARJ-2','AHM-GMDC-151','A',400),('2016ARJ-2','AHM-GMDC-152','A',400),('2016ARJ-2','AHM-GMDC-153','A',400),('2016ARJ-2','AHM-GMDC-154','A',400),('2016ARJ-2','AHM-GMDC-155','A',400),('2016ARJ-2','AHM-GMDC-156','A',400),('2016ARJ-2','AHM-GMDC-157','A',400),('2016ARJ-2','AHM-GMDC-158','A',400),('2016ARJ-2','AHM-GMDC-159','A',400),('2016ARJ-2','AHM-GMDC-160','A',400),('2016ARJ-2','AHM-GMDC-161','A',400),('2016ARJ-2','AHM-GMDC-162','A',400),('2016ARJ-2','AHM-GMDC-163','A',400),('2016ARJ-2','AHM-GMDC-164','A',400),('2016ARJ-2','AHM-GMDC-165','A',400),('2016ARJ-2','AHM-GMDC-166','A',400),('2016ARJ-2','AHM-GMDC-167','A',400),('2016ARJ-2','AHM-GMDC-168','A',400),('2016ARJ-2','AHM-GMDC-169','A',400),('2016ARJ-2','AHM-GMDC-170','A',400),('2016ARJ-2','AHM-GMDC-171','A',400),('2016ARJ-2','AHM-GMDC-172','A',400),('2016ARJ-2','AHM-GMDC-173','A',400),('2016ARJ-2','AHM-GMDC-174','A',400),('2016ARJ-2','AHM-GMDC-175','A',400),('2016ARJ-2','AHM-GMDC-176','A',400),('2016ARJ-2','AHM-GMDC-177','A',400),('2016ARJ-2','AHM-GMDC-178','A',400),('2016ARJ-2','AHM-GMDC-179','A',400),('2016ARJ-2','AHM-GMDC-180','A',400),('2016ARJ-2','AHM-GMDC-181','A',400),('2016ARJ-2','AHM-GMDC-182','A',400),('2016ARJ-2','AHM-GMDC-183','A',400),('2016ARJ-2','AHM-GMDC-184','A',400),('2016ARJ-2','AHM-GMDC-185','A',400),('2016ARJ-2','AHM-GMDC-186','A',400),('2016ARJ-2','AHM-GMDC-187','A',400),('2016ARJ-2','AHM-GMDC-188','A',400),('2016ARJ-2','AHM-GMDC-189','A',400),('2016ARJ-2','AHM-GMDC-190','A',400),('2016ARJ-2','AHM-GMDC-191','A',400),('2016ARJ-2','AHM-GMDC-192','A',400),('2016ARJ-2','AHM-GMDC-193','A',400),('2016ARJ-2','AHM-GMDC-194','A',400),('2016ARJ-2','AHM-GMDC-195','A',400),('2016ARJ-2','AHM-GMDC-196','A',400),('2016ARJ-2','AHM-GMDC-197','A',400),('2016ARJ-2','AHM-GMDC-198','A',400),('2016ARJ-2','AHM-GMDC-199','A',400),('2016ARJ-2','AHM-GMDC-200','A',400),('2016ARJ-2','AHM-GMDC-201','A',400),('2016ARJ-2','AHM-GMDC-202','A',400),('2016ARJ-2','AHM-GMDC-203','A',400),('2016ARJ-2','AHM-GMDC-204','A',400),('2016ARJ-2','AHM-GMDC-205','A',400),('2016ARJ-2','AHM-GMDC-206','A',400),('2016ARJ-2','AHM-GMDC-207','A',400),('2016ARJ-2','AHM-GMDC-208','A',400),('2016ARJ-2','AHM-GMDC-209','A',400),('2016ARJ-2','AHM-GMDC-210','A',400),('2016ARJ-2','AHM-GMDC-211','A',400),('2016ARJ-2','AHM-GMDC-212','A',400),('2016ARJ-2','AHM-GMDC-213','A',400),('2016ARJ-2','AHM-GMDC-214','A',400),('2016ARJ-2','AHM-GMDC-215','A',400),('2016ARJ-2','AHM-GMDC-216','A',400),('2016ARJ-2','AHM-GMDC-217','A',400),('2016ARJ-2','AHM-GMDC-218','A',400),('2016ARJ-2','AHM-GMDC-219','A',400),('2016ARJ-2','AHM-GMDC-220','A',400),('2016ARJ-2','AHM-GMDC-221','A',400),('2016ARJ-2','AHM-GMDC-222','A',400),('2016ARJ-2','AHM-GMDC-223','A',400),('2016ARJ-2','AHM-GMDC-224','A',400),('2016ARJ-2','AHM-GMDC-225','A',400),('2016ARJ-2','AHM-GMDC-226','A',400),('2016ARJ-2','AHM-GMDC-227','A',400),('2016ARJ-2','AHM-GMDC-228','A',400),('2016ARJ-2','AHM-GMDC-229','A',400),('2016ARJ-2','AHM-GMDC-230','A',400),('2016ARJ-2','AHM-GMDC-231','A',400),('2016ARJ-2','AHM-GMDC-232','A',400),('2016ARJ-2','AHM-GMDC-233','A',400),('2016ARJ-2','AHM-GMDC-234','A',400),('2016ARJ-2','AHM-GMDC-235','A',400),('2016ARJ-2','AHM-GMDC-236','A',400),('2016ARJ-2','AHM-GMDC-237','A',400),('2016ARJ-2','AHM-GMDC-238','A',400),('2016ARJ-2','AHM-GMDC-239','A',400),('2016ARJ-2','AHM-GMDC-240','A',400),('2016ARJ-2','AHM-GMDC-241','A',400),('2016ARJ-2','AHM-GMDC-242','A',400),('2016ARJ-2','AHM-GMDC-243','A',400),('2016ARJ-2','AHM-GMDC-244','A',400),('2016ARJ-2','AHM-GMDC-245','A',400),('2016ARJ-2','AHM-GMDC-246','A',400),('2016ARJ-2','AHM-GMDC-247','A',400),('2016ARJ-2','AHM-GMDC-248','A',400),('2016ARJ-2','AHM-GMDC-249','A',400),('2016ARJ-2','AHM-GMDC-250','A',400),('2016ARJ-2','AHM-GMDC-251','A',400),('2016ARJ-2','AHM-GMDC-252','A',400),('2016ARJ-2','AHM-GMDC-253','A',400),('2016ARJ-2','AHM-GMDC-254','A',400),('2016ARJ-2','AHM-GMDC-255','A',400),('2016ARJ-2','AHM-GMDC-256','A',400),('2016ARJ-2','AHM-GMDC-257','A',400),('2016ARJ-2','AHM-GMDC-258','A',400),('2016ARJ-2','AHM-GMDC-259','A',400),('2016ARJ-2','AHM-GMDC-260','A',400),('2016ARJ-2','AHM-GMDC-261','A',400),('2016ARJ-2','AHM-GMDC-262','A',400),('2016ARJ-2','AHM-GMDC-263','A',400),('2016ARJ-2','AHM-GMDC-264','A',400),('2016ARJ-2','AHM-GMDC-265','A',400),('2016ARJ-2','AHM-GMDC-266','A',400),('2016ARJ-2','AHM-GMDC-267','A',400),('2016ARJ-2','AHM-GMDC-268','A',400),('2016ARJ-2','AHM-GMDC-269','A',400),('2016ARJ-2','AHM-GMDC-270','A',400),('2016ARJ-2','AHM-GMDC-271','A',400),('2016ARJ-2','AHM-GMDC-272','A',400),('2016ARJ-2','AHM-GMDC-273','A',400),('2016ARJ-2','AHM-GMDC-274','A',400),('2016ARJ-2','AHM-GMDC-275','A',400),('2016ARJ-2','AHM-GMDC-276','A',400),('2016ARJ-2','AHM-GMDC-277','A',400),('2016ARJ-2','AHM-GMDC-278','A',400),('2016ARJ-2','AHM-GMDC-279','A',400),('2016ARJ-2','AHM-GMDC-280','A',400),('2016ARJ-2','AHM-GMDC-281','A',400),('2016ARJ-2','AHM-GMDC-282','A',400),('2016ARJ-2','AHM-GMDC-283','A',400),('2016ARJ-2','AHM-GMDC-284','A',400),('2016ARJ-2','AHM-GMDC-285','A',400),('2016ARJ-2','AHM-GMDC-286','A',400),('2016ARJ-2','AHM-GMDC-287','A',400),('2016ARJ-2','AHM-GMDC-288','A',400),('2016ARJ-2','AHM-GMDC-289','A',400),('2016ARJ-2','AHM-GMDC-290','A',400),('2016ARJ-2','AHM-GMDC-291','A',400),('2016ARJ-2','AHM-GMDC-292','A',400),('2016ARJ-2','AHM-GMDC-293','A',400),('2016ARJ-2','AHM-GMDC-294','A',400),('2016ARJ-2','AHM-GMDC-295','A',400),('2016ARJ-2','AHM-GMDC-296','A',400),('2016ARJ-2','AHM-GMDC-297','A',400),('2016ARJ-2','AHM-GMDC-298','A',400),('2016ARJ-2','AHM-GMDC-299','A',400),('2016ARJ-2','AHM-GMDC-300','A',400),('2016ARJ-2','AHM-GMDC-301','A',300),('2016ARJ-2','AHM-GMDC-302','A',300),('2016ARJ-2','AHM-GMDC-303','A',300),('2016ARJ-2','AHM-GMDC-304','A',300),('2016ARJ-2','AHM-GMDC-305','A',300),('2016ARJ-2','AHM-GMDC-306','A',300),('2016ARJ-2','AHM-GMDC-307','A',300),('2016ARJ-2','AHM-GMDC-308','A',300),('2016ARJ-2','AHM-GMDC-309','A',300),('2016ARJ-2','AHM-GMDC-310','A',300),('2016ARJ-2','AHM-GMDC-311','A',300),('2016ARJ-2','AHM-GMDC-312','A',300),('2016ARJ-2','AHM-GMDC-313','A',300),('2016ARJ-2','AHM-GMDC-314','A',300),('2016ARJ-2','AHM-GMDC-315','A',300),('2016ARJ-2','AHM-GMDC-316','A',300),('2016ARJ-2','AHM-GMDC-317','A',300),('2016ARJ-2','AHM-GMDC-318','A',300),('2016ARJ-2','AHM-GMDC-319','A',300),('2016ARJ-2','AHM-GMDC-320','A',300),('2016ARJ-2','AHM-GMDC-321','A',300),('2016ARJ-2','AHM-GMDC-322','A',300),('2016ARJ-2','AHM-GMDC-323','A',300),('2016ARJ-2','AHM-GMDC-324','A',300),('2016ARJ-2','AHM-GMDC-325','A',300),('2016ARJ-2','AHM-GMDC-326','A',300),('2016ARJ-2','AHM-GMDC-327','A',300),('2016ARJ-2','AHM-GMDC-328','A',300),('2016ARJ-2','AHM-GMDC-329','A',300),('2016ARJ-2','AHM-GMDC-330','A',300),('2016ARJ-2','AHM-GMDC-331','A',300),('2016ARJ-2','AHM-GMDC-332','A',300),('2016ARJ-2','AHM-GMDC-333','A',300),('2016ARJ-2','AHM-GMDC-334','A',300),('2016ARJ-2','AHM-GMDC-335','A',300),('2016ARJ-2','AHM-GMDC-336','A',300),('2016ARJ-2','AHM-GMDC-337','A',300),('2016ARJ-2','AHM-GMDC-338','A',300),('2016ARJ-2','AHM-GMDC-339','A',300),('2016ARJ-2','AHM-GMDC-340','A',300),('2016ARJ-2','AHM-GMDC-341','A',300),('2016ARJ-2','AHM-GMDC-342','A',300),('2016ARJ-2','AHM-GMDC-343','A',300),('2016ARJ-2','AHM-GMDC-344','A',300),('2016ARJ-2','AHM-GMDC-345','A',300),('2016ARJ-2','AHM-GMDC-346','A',300),('2016ARJ-2','AHM-GMDC-347','A',300),('2016ARJ-2','AHM-GMDC-348','A',300),('2016ARJ-2','AHM-GMDC-349','A',300),('2016ARJ-2','AHM-GMDC-350','A',300),('2016ARJ-2','AHM-GMDC-351','A',300),('2016ARJ-2','AHM-GMDC-352','A',300),('2016ARJ-2','AHM-GMDC-353','A',300),('2016ARJ-2','AHM-GMDC-354','A',300),('2016ARJ-2','AHM-GMDC-355','A',300),('2016ARJ-2','AHM-GMDC-356','A',300),('2016ARJ-2','AHM-GMDC-357','A',300),('2016ARJ-2','AHM-GMDC-358','A',300),('2016ARJ-2','AHM-GMDC-359','A',300),('2016ARJ-2','AHM-GMDC-360','A',300),('2016ARJ-2','AHM-GMDC-361','A',300),('2016ARJ-2','AHM-GMDC-362','A',300),('2016ARJ-2','AHM-GMDC-363','A',300),('2016ARJ-2','AHM-GMDC-364','A',300),('2016ARJ-2','AHM-GMDC-365','A',300),('2016ARJ-2','AHM-GMDC-366','A',300),('2016ARJ-2','AHM-GMDC-367','A',300),('2016ARJ-2','AHM-GMDC-368','A',300),('2016ARJ-2','AHM-GMDC-369','A',300),('2016ARJ-2','AHM-GMDC-370','A',300),('2016ARJ-2','AHM-GMDC-371','A',300),('2016ARJ-2','AHM-GMDC-372','A',300),('2016ARJ-2','AHM-GMDC-373','A',300),('2016ARJ-2','AHM-GMDC-374','A',300),('2016ARJ-2','AHM-GMDC-375','A',300),('2016ARJ-2','AHM-GMDC-376','A',300),('2016ARJ-2','AHM-GMDC-377','A',300),('2016ARJ-2','AHM-GMDC-378','A',300),('2016ARJ-2','AHM-GMDC-379','A',300),('2016ARJ-2','AHM-GMDC-380','A',300),('2016ARJ-2','AHM-GMDC-381','A',300),('2016ARJ-2','AHM-GMDC-382','A',300),('2016ARJ-2','AHM-GMDC-383','A',300),('2016ARJ-2','AHM-GMDC-384','A',300),('2016ARJ-2','AHM-GMDC-385','A',300),('2016ARJ-2','AHM-GMDC-386','A',300),('2016ARJ-2','AHM-GMDC-387','A',300),('2016ARJ-2','AHM-GMDC-388','A',300),('2016ARJ-2','AHM-GMDC-389','A',300),('2016ARJ-2','AHM-GMDC-390','A',300),('2016ARJ-2','AHM-GMDC-391','A',300),('2016ARJ-2','AHM-GMDC-392','A',300),('2016ARJ-2','AHM-GMDC-393','A',300),('2016ARJ-2','AHM-GMDC-394','A',300),('2016ARJ-2','AHM-GMDC-395','A',300),('2016ARJ-2','AHM-GMDC-396','A',300),('2016ARJ-2','AHM-GMDC-397','A',300),('2016ARJ-2','AHM-GMDC-398','A',300),('2016ARJ-2','AHM-GMDC-399','A',300),('2016ARJ-2','AHM-GMDC-400','A',300),('2016ARJ-2','AHM-GMDC-401','A',300),('2016ARJ-2','AHM-GMDC-402','A',300),('2016ARJ-2','AHM-GMDC-403','A',300),('2016ARJ-2','AHM-GMDC-404','A',300),('2016ARJ-2','AHM-GMDC-405','A',300),('2016ARJ-2','AHM-GMDC-406','A',300),('2016ARJ-2','AHM-GMDC-407','A',300),('2016ARJ-2','AHM-GMDC-408','A',300),('2016ARJ-2','AHM-GMDC-409','A',300),('2016ARJ-2','AHM-GMDC-410','A',300),('2016ARJ-2','AHM-GMDC-411','A',300),('2016ARJ-2','AHM-GMDC-412','A',300),('2016ARJ-2','AHM-GMDC-413','A',300),('2016ARJ-2','AHM-GMDC-414','A',300),('2016ARJ-2','AHM-GMDC-415','A',300),('2016ARJ-2','AHM-GMDC-416','A',300),('2016ARJ-2','AHM-GMDC-417','A',300),('2016ARJ-2','AHM-GMDC-418','A',300),('2016ARJ-2','AHM-GMDC-419','A',300),('2016ARJ-2','AHM-GMDC-420','A',300),('2016ARJ-2','AHM-GMDC-421','A',300),('2016ARJ-2','AHM-GMDC-422','A',300),('2016ARJ-2','AHM-GMDC-423','A',300),('2016ARJ-2','AHM-GMDC-424','A',300),('2016ARJ-2','AHM-GMDC-425','A',300),('2016ARJ-2','AHM-GMDC-426','A',300),('2016ARJ-2','AHM-GMDC-427','A',300),('2016ARJ-2','AHM-GMDC-428','A',300),('2016ARJ-2','AHM-GMDC-429','A',300),('2016ARJ-2','AHM-GMDC-430','A',300),('2016ARJ-2','AHM-GMDC-431','A',300),('2016ARJ-2','AHM-GMDC-432','A',300),('2016ARJ-2','AHM-GMDC-433','A',300),('2016ARJ-2','AHM-GMDC-434','A',300),('2016ARJ-2','AHM-GMDC-435','A',300),('2016ARJ-2','AHM-GMDC-436','A',300),('2016ARJ-2','AHM-GMDC-437','A',300),('2016ARJ-2','AHM-GMDC-438','A',300),('2016ARJ-2','AHM-GMDC-439','A',300),('2016ARJ-2','AHM-GMDC-440','A',300),('2016ARJ-2','AHM-GMDC-441','A',300),('2016ARJ-2','AHM-GMDC-442','A',300),('2016ARJ-2','AHM-GMDC-443','A',300),('2016ARJ-2','AHM-GMDC-444','A',300),('2016ARJ-2','AHM-GMDC-445','A',300),('2016ARJ-2','AHM-GMDC-446','A',300),('2016ARJ-2','AHM-GMDC-447','A',300),('2016ARJ-2','AHM-GMDC-448','A',300),('2016ARJ-2','AHM-GMDC-449','A',300),('2016ARJ-2','AHM-GMDC-450','A',300),('2016ARJ-2','AHM-GMDC-451','A',300),('2016ARJ-2','AHM-GMDC-452','A',300),('2016ARJ-2','AHM-GMDC-453','A',300),('2016ARJ-2','AHM-GMDC-454','A',300),('2016ARJ-2','AHM-GMDC-455','A',300),('2016ARJ-2','AHM-GMDC-456','A',300),('2016ARJ-2','AHM-GMDC-457','A',300),('2016ARJ-2','AHM-GMDC-458','A',300),('2016ARJ-2','AHM-GMDC-459','A',300),('2016ARJ-2','AHM-GMDC-460','A',300),('2016ARJ-2','AHM-GMDC-461','A',300),('2016ARJ-2','AHM-GMDC-462','A',300),('2016ARJ-2','AHM-GMDC-463','A',300),('2016ARJ-2','AHM-GMDC-464','A',300),('2016ARJ-2','AHM-GMDC-465','A',300),('2016ARJ-2','AHM-GMDC-466','A',300),('2016ARJ-2','AHM-GMDC-467','A',300),('2016ARJ-2','AHM-GMDC-468','A',300),('2016ARJ-2','AHM-GMDC-469','A',300),('2016ARJ-2','AHM-GMDC-470','A',300),('2016ARJ-2','AHM-GMDC-471','A',300),('2016ARJ-2','AHM-GMDC-472','A',300),('2016ARJ-2','AHM-GMDC-473','A',300),('2016ARJ-2','AHM-GMDC-474','A',300),('2016ARJ-2','AHM-GMDC-475','A',300),('2016ARJ-2','AHM-GMDC-476','A',300),('2016ARJ-2','AHM-GMDC-477','A',300),('2016ARJ-2','AHM-GMDC-478','A',300),('2016ARJ-2','AHM-GMDC-479','A',300),('2016ARJ-2','AHM-GMDC-480','A',300),('2016ARJ-2','AHM-GMDC-481','A',300),('2016ARJ-2','AHM-GMDC-482','A',300),('2016ARJ-2','AHM-GMDC-483','A',300),('2016ARJ-2','AHM-GMDC-484','A',300),('2016ARJ-2','AHM-GMDC-485','A',300),('2016ARJ-2','AHM-GMDC-486','A',300),('2016ARJ-2','AHM-GMDC-487','A',300),('2016ARJ-2','AHM-GMDC-488','A',300),('2016ARJ-2','AHM-GMDC-489','A',300),('2016ARJ-2','AHM-GMDC-490','A',300),('2016ARJ-2','AHM-GMDC-491','A',300),('2016ARJ-2','AHM-GMDC-492','A',300),('2016ARJ-2','AHM-GMDC-493','A',300),('2016ARJ-2','AHM-GMDC-494','A',300),('2016ARJ-2','AHM-GMDC-495','A',300),('2016ARJ-2','AHM-GMDC-496','A',300),('2016ARJ-2','AHM-GMDC-497','A',300),('2016ARJ-2','AHM-GMDC-498','A',300),('2016ARJ-2','AHM-GMDC-499','A',300),('2016ARJ-2','AHM-GMDC-500','A',300),('2016ARJ-3','BVN-KAR-01','NA',500),('2016ARJ-3','BVN-KAR-02','NA',500),('2016ARJ-3','BVN-KAR-03','NA',500),('2016ARJ-3','BVN-KAR-04','NA',500),('2016ARJ-3','BVN-KAR-05','NA',500),('2016ARJ-3','BVN-KAR-06','NA',500),('2016ARJ-3','BVN-KAR-07','NA',500),('2016ARJ-3','BVN-KAR-08','NA',500),('2016ARJ-3','BVN-KAR-09','A',500),('2016ARJ-3','BVN-KAR-10','A',500),('2016ARJ-3','BVN-KAR-11','A',500),('2016ARJ-3','BVN-KAR-12','A',500),('2016ARJ-3','BVN-KAR-13','A',500),('2016ARJ-3','BVN-KAR-14','A',500),('2016ARJ-3','BVN-KAR-15','A',500),('2016ARJ-3','BVN-KAR-16','A',500),('2016ARJ-3','BVN-KAR-17','A',500),('2016ARJ-3','BVN-KAR-18','A',500),('2016ARJ-3','BVN-KAR-19','A',500),('2016ARJ-3','BVN-KAR-20','A',500),('2016ARJ-3','BVN-KAR-21','A',500),('2016ARJ-3','BVN-KAR-22','A',500),('2016ARJ-3','BVN-KAR-23','A',500),('2016ARJ-3','BVN-KAR-24','A',500),('2016ARJ-3','BVN-KAR-25','A',500),('2016ARJ-3','BVN-KAR-26','A',500),('2016ARJ-3','BVN-KAR-27','A',500),('2016ARJ-3','BVN-KAR-28','A',500),('2016ARJ-3','BVN-KAR-29','A',500),('2016ARJ-3','BVN-KAR-30','A',500),('2016ARJ-3','BVN-KAR-31','A',500),('2016ARJ-3','BVN-KAR-32','A',500),('2016ARJ-3','BVN-KAR-33','A',500),('2016ARJ-3','BVN-KAR-34','A',500),('2016ARJ-3','BVN-KAR-35','A',500),('2016ARJ-3','BVN-KAR-36','A',500),('2016ARJ-3','BVN-KAR-37','A',500),('2016ARJ-3','BVN-KAR-38','A',500),('2016ARJ-3','BVN-KAR-39','A',500),('2016ARJ-3','BVN-KAR-40','A',500),('2016ARJ-3','BVN-KAR-41','A',500),('2016ARJ-3','BVN-KAR-42','A',500),('2016ARJ-3','BVN-KAR-43','A',500),('2016ARJ-3','BVN-KAR-44','A',500),('2016ARJ-3','BVN-KAR-45','A',500),('2016ARJ-3','BVN-KAR-46','A',500),('2016ARJ-3','BVN-KAR-47','A',500),('2016ARJ-3','BVN-KAR-48','A',500),('2016ARJ-3','BVN-KAR-49','A',500),('2016ARJ-3','BVN-KAR-50','A',500),('2016ARJ-3','BVN-KAR-51','NA',400),('2016ARJ-3','BVN-KAR-52','NA',400),('2016ARJ-3','BVN-KAR-53','NA',400),('2016ARJ-3','BVN-KAR-54','A',400),('2016ARJ-3','BVN-KAR-55','A',400),('2016ARJ-3','BVN-KAR-56','A',400),('2016ARJ-3','BVN-KAR-57','A',400),('2016ARJ-3','BVN-KAR-58','A',400),('2016ARJ-3','BVN-KAR-59','A',400),('2016ARJ-3','BVN-KAR-60','A',400),('2016ARJ-3','BVN-KAR-61','A',400),('2016ARJ-3','BVN-KAR-62','A',400),('2016ARJ-3','BVN-KAR-63','A',400),('2016ARJ-3','BVN-KAR-64','A',400),('2016ARJ-3','BVN-KAR-65','A',400),('2016ARJ-3','BVN-KAR-66','A',400),('2016ARJ-3','BVN-KAR-67','A',400),('2016ARJ-3','BVN-KAR-68','A',400),('2016ARJ-3','BVN-KAR-69','A',400),('2016ARJ-3','BVN-KAR-70','A',400),('2016ARJ-3','BVN-KAR-71','A',400),('2016ARJ-3','BVN-KAR-72','A',400),('2016ARJ-3','BVN-KAR-73','A',400),('2016ARJ-3','BVN-KAR-74','A',400),('2016ARJ-3','BVN-KAR-75','A',400),('2016ARJ-3','BVN-KAR-76','A',400),('2016ARJ-3','BVN-KAR-77','A',400),('2016ARJ-3','BVN-KAR-78','A',400),('2016ARJ-3','BVN-KAR-79','A',400),('2016ARJ-3','BVN-KAR-80','A',400),('2016ARJ-3','BVN-KAR-81','A',400),('2016ARJ-3','BVN-KAR-82','A',400),('2016ARJ-3','BVN-KAR-83','A',400),('2016ARJ-3','BVN-KAR-84','A',400),('2016ARJ-3','BVN-KAR-85','A',400),('2016ARJ-3','BVN-KAR-86','A',400),('2016ARJ-3','BVN-KAR-87','A',400),('2016ARJ-3','BVN-KAR-88','A',400),('2016ARJ-3','BVN-KAR-89','A',400),('2016ARJ-3','BVN-KAR-90','A',400),('2016ARJ-3','BVN-KAR-91','A',400),('2016ARJ-3','BVN-KAR-92','A',400),('2016ARJ-3','BVN-KAR-93','A',400),('2016ARJ-3','BVN-KAR-94','A',400),('2016ARJ-3','BVN-KAR-95','A',400),('2016ARJ-3','BVN-KAR-96','A',400),('2016ARJ-3','BVN-KAR-97','A',400),('2016ARJ-3','BVN-KAR-98','A',400),('2016ARJ-3','BVN-KAR-99','A',400),('2016ARJ-3','BVN-KAR-100','NA',400),('2016ARJ-3','BVN-KAR-101','A',300),('2016ARJ-3','BVN-KAR-102','A',300),('2016ARJ-3','BVN-KAR-103','A',300),('2016ARJ-3','BVN-KAR-104','A',300),('2016ARJ-3','BVN-KAR-105','A',300),('2016ARJ-3','BVN-KAR-106','A',300),('2016ARJ-3','BVN-KAR-107','A',300),('2016ARJ-3','BVN-KAR-108','A',300),('2016ARJ-3','BVN-KAR-109','A',300),('2016ARJ-3','BVN-KAR-110','A',300),('2016ARJ-3','BVN-KAR-111','A',300),('2016ARJ-3','BVN-KAR-112','A',300),('2016ARJ-3','BVN-KAR-113','A',300),('2016ARJ-3','BVN-KAR-114','A',300),('2016ARJ-3','BVN-KAR-115','A',300),('2016ARJ-3','BVN-KAR-116','A',300),('2016ARJ-3','BVN-KAR-117','A',300),('2016ARJ-3','BVN-KAR-118','A',300),('2016ARJ-3','BVN-KAR-119','A',300),('2016ARJ-3','BVN-KAR-120','A',300),('2016ARJ-3','BVN-KAR-121','A',300),('2016ARJ-3','BVN-KAR-122','A',300),('2016ARJ-3','BVN-KAR-123','A',300),('2016ARJ-3','BVN-KAR-124','A',300),('2016ARJ-3','BVN-KAR-125','A',300),('2016ARJ-3','BVN-KAR-126','A',300),('2016ARJ-3','BVN-KAR-127','A',300),('2016ARJ-3','BVN-KAR-128','A',300),('2016ARJ-3','BVN-KAR-129','A',300),('2016ARJ-3','BVN-KAR-130','A',300),('2016ARJ-3','BVN-KAR-131','A',300),('2016ARJ-3','BVN-KAR-132','A',300),('2016ARJ-3','BVN-KAR-133','A',300),('2016ARJ-3','BVN-KAR-134','A',300),('2016ARJ-3','BVN-KAR-135','A',300),('2016ARJ-3','BVN-KAR-136','A',300),('2016ARJ-3','BVN-KAR-137','A',300),('2016ARJ-3','BVN-KAR-138','A',300),('2016ARJ-3','BVN-KAR-139','A',300),('2016ARJ-3','BVN-KAR-140','A',300),('2016ARJ-3','BVN-KAR-141','A',300),('2016ARJ-3','BVN-KAR-142','A',300),('2016ARJ-3','BVN-KAR-143','A',300),('2016ARJ-3','BVN-KAR-144','A',300),('2016ARJ-3','BVN-KAR-145','A',300),('2016ARJ-3','BVN-KAR-146','A',300),('2016ARJ-3','BVN-KAR-147','A',300),('2016ARJ-3','BVN-KAR-148','A',300),('2016ARJ-3','BVN-KAR-149','A',300),('2016ARJ-3','BVN-KAR-150','A',300),('2016ARJ-3','BVN-KAR-151','A',300),('2016ARJ-3','BVN-KAR-152','A',300),('2016ARJ-3','BVN-KAR-153','A',300),('2016ARJ-3','BVN-KAR-154','A',300),('2016ARJ-3','BVN-KAR-155','A',300),('2016ARJ-3','BVN-KAR-156','A',300),('2016ARJ-3','BVN-KAR-157','A',300),('2016ARJ-3','BVN-KAR-158','A',300),('2016ARJ-3','BVN-KAR-159','A',300),('2016ARJ-3','BVN-KAR-160','A',300),('2016ARJ-3','BVN-KAR-161','A',300),('2016ARJ-3','BVN-KAR-162','A',300),('2016ARJ-3','BVN-KAR-163','A',300),('2016ARJ-3','BVN-KAR-164','A',300),('2016ARJ-3','BVN-KAR-165','A',300),('2016ARJ-3','BVN-KAR-166','A',300),('2016ARJ-3','BVN-KAR-167','A',300),('2016ARJ-3','BVN-KAR-168','A',300),('2016ARJ-3','BVN-KAR-169','A',300),('2016ARJ-3','BVN-KAR-170','A',300),('2016ARJ-3','BVN-KAR-171','A',300),('2016ARJ-3','BVN-KAR-172','A',300),('2016ARJ-3','BVN-KAR-173','A',300),('2016ARJ-3','BVN-KAR-174','A',300),('2016ARJ-3','BVN-KAR-175','A',300),('2016ARJ-3','BVN-KAR-176','A',300),('2016ARJ-3','BVN-KAR-177','A',300),('2016ARJ-3','BVN-KAR-178','A',300),('2016ARJ-3','BVN-KAR-179','A',300),('2016ARJ-3','BVN-KAR-180','A',300),('2016ARJ-3','BVN-KAR-181','A',300),('2016ARJ-3','BVN-KAR-182','A',300),('2016ARJ-3','BVN-KAR-183','A',300),('2016ARJ-3','BVN-KAR-184','A',300),('2016ARJ-3','BVN-KAR-185','A',300),('2016ARJ-3','BVN-KAR-186','A',300),('2016ARJ-3','BVN-KAR-187','A',300),('2016ARJ-3','BVN-KAR-188','A',300),('2016ARJ-3','BVN-KAR-189','A',300),('2016ARJ-3','BVN-KAR-190','A',300),('2016ARJ-3','BVN-KAR-191','A',300),('2016ARJ-3','BVN-KAR-192','A',300),('2016ARJ-3','BVN-KAR-193','A',300),('2016ARJ-3','BVN-KAR-194','A',300),('2016ARJ-3','BVN-KAR-195','A',300),('2016ARJ-3','BVN-KAR-196','A',300),('2016ARJ-3','BVN-KAR-197','A',300),('2016ARJ-3','BVN-KAR-198','A',300),('2016ARJ-3','BVN-KAR-199','A',300),('2016ARJ-3','BVN-KAR-200','A',300),('2016ARJ-4','BVN-RAJP-01','NA',500),('2016ARJ-4','BVN-RAJP-02','NA',500),('2016ARJ-4','BVN-RAJP-03','NA',500),('2016ARJ-4','BVN-RAJP-04','NA',500),('2016ARJ-4','BVN-RAJP-05','NA',500),('2016ARJ-4','BVN-RAJP-06','NA',500),('2016ARJ-4','BVN-RAJP-07','NA',500),('2016ARJ-4','BVN-RAJP-08','NA',500),('2016ARJ-4','BVN-RAJP-09','A',500),('2016ARJ-4','BVN-RAJP-10','A',500),('2016ARJ-4','BVN-RAJP-11','A',500),('2016ARJ-4','BVN-RAJP-12','A',500),('2016ARJ-4','BVN-RAJP-13','A',500),('2016ARJ-4','BVN-RAJP-14','A',500),('2016ARJ-4','BVN-RAJP-15','A',500),('2016ARJ-4','BVN-RAJP-16','A',500),('2016ARJ-4','BVN-RAJP-17','A',500),('2016ARJ-4','BVN-RAJP-18','A',500),('2016ARJ-4','BVN-RAJP-19','A',500),('2016ARJ-4','BVN-RAJP-20','A',500),('2016ARJ-4','BVN-RAJP-21','A',500),('2016ARJ-4','BVN-RAJP-22','A',500),('2016ARJ-4','BVN-RAJP-23','A',500),('2016ARJ-4','BVN-RAJP-24','A',500),('2016ARJ-4','BVN-RAJP-25','A',500),('2016ARJ-4','BVN-RAJP-26','A',500),('2016ARJ-4','BVN-RAJP-27','A',500),('2016ARJ-4','BVN-RAJP-28','A',500),('2016ARJ-4','BVN-RAJP-29','A',500),('2016ARJ-4','BVN-RAJP-30','A',500),('2016ARJ-4','BVN-RAJP-31','A',500),('2016ARJ-4','BVN-RAJP-32','A',500),('2016ARJ-4','BVN-RAJP-33','A',500),('2016ARJ-4','BVN-RAJP-34','A',500),('2016ARJ-4','BVN-RAJP-35','A',500),('2016ARJ-4','BVN-RAJP-36','A',500),('2016ARJ-4','BVN-RAJP-37','A',500),('2016ARJ-4','BVN-RAJP-38','A',500),('2016ARJ-4','BVN-RAJP-39','A',500),('2016ARJ-4','BVN-RAJP-40','A',500),('2016ARJ-4','BVN-RAJP-41','A',500),('2016ARJ-4','BVN-RAJP-42','A',500),('2016ARJ-4','BVN-RAJP-43','A',500),('2016ARJ-4','BVN-RAJP-44','A',500),('2016ARJ-4','BVN-RAJP-45','A',500),('2016ARJ-4','BVN-RAJP-46','A',500),('2016ARJ-4','BVN-RAJP-47','A',500),('2016ARJ-4','BVN-RAJP-48','A',500),('2016ARJ-4','BVN-RAJP-49','A',500),('2016ARJ-4','BVN-RAJP-50','A',500),('2016ARJ-4','BVN-RAJP-51','NA',400),('2016ARJ-4','BVN-RAJP-52','NA',400),('2016ARJ-4','BVN-RAJP-53','NA',400),('2016ARJ-4','BVN-RAJP-54','A',400),('2016ARJ-4','BVN-RAJP-55','A',400),('2016ARJ-4','BVN-RAJP-56','A',400),('2016ARJ-4','BVN-RAJP-57','A',400),('2016ARJ-4','BVN-RAJP-58','A',400),('2016ARJ-4','BVN-RAJP-59','A',400),('2016ARJ-4','BVN-RAJP-60','A',400),('2016ARJ-4','BVN-RAJP-61','A',400),('2016ARJ-4','BVN-RAJP-62','A',400),('2016ARJ-4','BVN-RAJP-63','A',400),('2016ARJ-4','BVN-RAJP-64','A',400),('2016ARJ-4','BVN-RAJP-65','A',400),('2016ARJ-4','BVN-RAJP-66','A',400),('2016ARJ-4','BVN-RAJP-67','A',400),('2016ARJ-4','BVN-RAJP-68','A',400),('2016ARJ-4','BVN-RAJP-69','A',400),('2016ARJ-4','BVN-RAJP-70','A',400),('2016ARJ-4','BVN-RAJP-71','A',400),('2016ARJ-4','BVN-RAJP-72','A',400),('2016ARJ-4','BVN-RAJP-73','A',400),('2016ARJ-4','BVN-RAJP-74','A',400),('2016ARJ-4','BVN-RAJP-75','A',400),('2016ARJ-4','BVN-RAJP-76','A',400),('2016ARJ-4','BVN-RAJP-77','A',400),('2016ARJ-4','BVN-RAJP-78','A',400),('2016ARJ-4','BVN-RAJP-79','A',400),('2016ARJ-4','BVN-RAJP-80','A',400),('2016ARJ-4','BVN-RAJP-81','A',400),('2016ARJ-4','BVN-RAJP-82','A',400),('2016ARJ-4','BVN-RAJP-83','A',400),('2016ARJ-4','BVN-RAJP-84','A',400),('2016ARJ-4','BVN-RAJP-85','A',400),('2016ARJ-4','BVN-RAJP-86','A',400),('2016ARJ-4','BVN-RAJP-87','A',400),('2016ARJ-4','BVN-RAJP-88','A',400),('2016ARJ-4','BVN-RAJP-89','A',400),('2016ARJ-4','BVN-RAJP-90','A',400),('2016ARJ-4','BVN-RAJP-91','A',400),('2016ARJ-4','BVN-RAJP-92','A',400),('2016ARJ-4','BVN-RAJP-93','A',400),('2016ARJ-4','BVN-RAJP-94','A',400),('2016ARJ-4','BVN-RAJP-95','A',400),('2016ARJ-4','BVN-RAJP-96','A',400),('2016ARJ-4','BVN-RAJP-97','A',400),('2016ARJ-4','BVN-RAJP-98','A',400),('2016ARJ-4','BVN-RAJP-99','A',400),('2016ARJ-4','BVN-RAJP-100','NA',400),('2016ARJ-4','BVN-RAJP-101','A',300),('2016ARJ-4','BVN-RAJP-102','A',300),('2016ARJ-4','BVN-RAJP-103','A',300),('2016ARJ-4','BVN-RAJP-104','A',300),('2016ARJ-4','BVN-RAJP-105','A',300),('2016ARJ-4','BVN-RAJP-106','A',300),('2016ARJ-4','BVN-RAJP-107','A',300),('2016ARJ-4','BVN-RAJP-108','A',300),('2016ARJ-4','BVN-RAJP-109','A',300),('2016ARJ-4','BVN-RAJP-110','A',300),('2016ARJ-4','BVN-RAJP-111','A',300),('2016ARJ-4','BVN-RAJP-112','A',300),('2016ARJ-4','BVN-RAJP-113','A',300),('2016ARJ-4','BVN-RAJP-114','A',300),('2016ARJ-4','BVN-RAJP-115','A',300),('2016ARJ-4','BVN-RAJP-116','A',300),('2016ARJ-4','BVN-RAJP-117','A',300),('2016ARJ-4','BVN-RAJP-118','A',300),('2016ARJ-4','BVN-RAJP-119','A',300),('2016ARJ-4','BVN-RAJP-120','A',300),('2016ARJ-4','BVN-RAJP-121','A',300),('2016ARJ-4','BVN-RAJP-122','A',300),('2016ARJ-4','BVN-RAJP-123','A',300),('2016ARJ-4','BVN-RAJP-124','A',300),('2016ARJ-4','BVN-RAJP-125','A',300),('2016ARJ-4','BVN-RAJP-126','A',300),('2016ARJ-4','BVN-RAJP-127','A',300),('2016ARJ-4','BVN-RAJP-128','A',300),('2016ARJ-4','BVN-RAJP-129','A',300),('2016ARJ-4','BVN-RAJP-130','A',300),('2016ARJ-4','BVN-RAJP-131','A',300),('2016ARJ-4','BVN-RAJP-132','A',300),('2016ARJ-4','BVN-RAJP-133','A',300),('2016ARJ-4','BVN-RAJP-134','A',300),('2016ARJ-4','BVN-RAJP-135','A',300),('2016ARJ-4','BVN-RAJP-136','A',300),('2016ARJ-4','BVN-RAJP-137','A',300),('2016ARJ-4','BVN-RAJP-138','A',300),('2016ARJ-4','BVN-RAJP-139','A',300),('2016ARJ-4','BVN-RAJP-140','A',300),('2016ARJ-4','BVN-RAJP-141','A',300),('2016ARJ-4','BVN-RAJP-142','A',300),('2016ARJ-4','BVN-RAJP-143','A',300),('2016ARJ-4','BVN-RAJP-144','A',300),('2016ARJ-4','BVN-RAJP-145','A',300),('2016ARJ-4','BVN-RAJP-146','A',300),('2016ARJ-4','BVN-RAJP-147','A',300),('2016ARJ-4','BVN-RAJP-148','A',300),('2016ARJ-4','BVN-RAJP-149','A',300),('2016ARJ-4','BVN-RAJP-150','A',300),('2016ARJ-4','BVN-RAJP-151','A',300),('2016ARJ-4','BVN-RAJP-152','A',300),('2016ARJ-4','BVN-RAJP-153','A',300),('2016ARJ-4','BVN-RAJP-154','A',300),('2016ARJ-4','BVN-RAJP-155','A',300),('2016ARJ-4','BVN-RAJP-156','A',300),('2016ARJ-4','BVN-RAJP-157','A',300),('2016ARJ-4','BVN-RAJP-158','A',300),('2016ARJ-4','BVN-RAJP-159','A',300),('2016ARJ-4','BVN-RAJP-160','A',300),('2016ARJ-4','BVN-RAJP-161','A',300),('2016ARJ-4','BVN-RAJP-162','A',300),('2016ARJ-4','BVN-RAJP-163','A',300),('2016ARJ-4','BVN-RAJP-164','A',300),('2016ARJ-4','BVN-RAJP-165','A',300),('2016ARJ-4','BVN-RAJP-166','A',300),('2016ARJ-4','BVN-RAJP-167','A',300),('2016ARJ-4','BVN-RAJP-168','A',300),('2016ARJ-4','BVN-RAJP-169','A',300),('2016ARJ-4','BVN-RAJP-170','A',300),('2016ARJ-4','BVN-RAJP-171','A',300),('2016ARJ-4','BVN-RAJP-172','A',300),('2016ARJ-4','BVN-RAJP-173','A',300),('2016ARJ-4','BVN-RAJP-174','A',300),('2016ARJ-4','BVN-RAJP-175','A',300),('2016ARJ-4','BVN-RAJP-176','A',300),('2016ARJ-4','BVN-RAJP-177','A',300),('2016ARJ-4','BVN-RAJP-178','A',300),('2016ARJ-4','BVN-RAJP-179','A',300),('2016ARJ-4','BVN-RAJP-180','A',300),('2016ARJ-4','BVN-RAJP-181','A',300),('2016ARJ-4','BVN-RAJP-182','A',300),('2016ARJ-4','BVN-RAJP-183','A',300),('2016ARJ-4','BVN-RAJP-184','A',300),('2016ARJ-4','BVN-RAJP-185','A',300),('2016ARJ-4','BVN-RAJP-186','A',300),('2016ARJ-4','BVN-RAJP-187','A',300),('2016ARJ-4','BVN-RAJP-188','A',300),('2016ARJ-4','BVN-RAJP-189','A',300),('2016ARJ-4','BVN-RAJP-190','A',300),('2016ARJ-4','BVN-RAJP-191','A',300),('2016ARJ-4','BVN-RAJP-192','A',300),('2016ARJ-4','BVN-RAJP-193','A',300),('2016ARJ-4','BVN-RAJP-194','A',300),('2016ARJ-4','BVN-RAJP-195','A',300),('2016ARJ-4','BVN-RAJP-196','A',300),('2016ARJ-4','BVN-RAJP-197','A',300),('2016ARJ-4','BVN-RAJP-198','A',300),('2016ARJ-4','BVN-RAJP-199','A',300),('2016ARJ-4','BVN-RAJP-200','A',300),('2016ARJ-5','RJT-GDC-01','NA',500),('2016ARJ-5','RJT-GDC-02','NA',500),('2016ARJ-5','RJT-GDC-03','NA',500),('2016ARJ-5','RJT-GDC-04','NA',500),('2016ARJ-5','RJT-GDC-05','NA',500),('2016ARJ-5','RJT-GDC-06','NA',500),('2016ARJ-5','RJT-GDC-07','NA',500),('2016ARJ-5','RJT-GDC-08','NA',500),('2016ARJ-5','RJT-GDC-09','A',500),('2016ARJ-5','RJT-GDC-10','A',500),('2016ARJ-5','RJT-GDC-11','A',500),('2016ARJ-5','RJT-GDC-12','A',500),('2016ARJ-5','RJT-GDC-13','A',500),('2016ARJ-5','RJT-GDC-14','A',500),('2016ARJ-5','RJT-GDC-15','A',500),('2016ARJ-5','RJT-GDC-16','A',500),('2016ARJ-5','RJT-GDC-17','A',500),('2016ARJ-5','RJT-GDC-18','A',500),('2016ARJ-5','RJT-GDC-19','A',500),('2016ARJ-5','RJT-GDC-20','A',500),('2016ARJ-5','RJT-GDC-21','A',500),('2016ARJ-5','RJT-GDC-22','A',500),('2016ARJ-5','RJT-GDC-23','A',500),('2016ARJ-5','RJT-GDC-24','A',500),('2016ARJ-5','RJT-GDC-25','A',500),('2016ARJ-5','RJT-GDC-26','A',500),('2016ARJ-5','RJT-GDC-27','A',500),('2016ARJ-5','RJT-GDC-28','A',500),('2016ARJ-5','RJT-GDC-29','A',500),('2016ARJ-5','RJT-GDC-30','A',500),('2016ARJ-5','RJT-GDC-31','A',500),('2016ARJ-5','RJT-GDC-32','A',500),('2016ARJ-5','RJT-GDC-33','A',500),('2016ARJ-5','RJT-GDC-34','A',500),('2016ARJ-5','RJT-GDC-35','A',500),('2016ARJ-5','RJT-GDC-36','A',500),('2016ARJ-5','RJT-GDC-37','A',500),('2016ARJ-5','RJT-GDC-38','A',500),('2016ARJ-5','RJT-GDC-39','A',500),('2016ARJ-5','RJT-GDC-40','A',500),('2016ARJ-5','RJT-GDC-41','A',500),('2016ARJ-5','RJT-GDC-42','A',500),('2016ARJ-5','RJT-GDC-43','A',500),('2016ARJ-5','RJT-GDC-44','A',500),('2016ARJ-5','RJT-GDC-45','A',500),('2016ARJ-5','RJT-GDC-46','A',500),('2016ARJ-5','RJT-GDC-47','A',500),('2016ARJ-5','RJT-GDC-48','A',500),('2016ARJ-5','RJT-GDC-49','A',500),('2016ARJ-5','RJT-GDC-50','A',500),('2016ARJ-5','RJT-GDC-51','A',500),('2016ARJ-5','RJT-GDC-52','A',500),('2016ARJ-5','RJT-GDC-53','A',500),('2016ARJ-5','RJT-GDC-54','A',500),('2016ARJ-5','RJT-GDC-55','A',500),('2016ARJ-5','RJT-GDC-56','A',500),('2016ARJ-5','RJT-GDC-57','A',500),('2016ARJ-5','RJT-GDC-58','A',500),('2016ARJ-5','RJT-GDC-59','A',500),('2016ARJ-5','RJT-GDC-60','A',500),('2016ARJ-5','RJT-GDC-61','A',500),('2016ARJ-5','RJT-GDC-62','A',500),('2016ARJ-5','RJT-GDC-63','A',500),('2016ARJ-5','RJT-GDC-64','A',500),('2016ARJ-5','RJT-GDC-65','A',500),('2016ARJ-5','RJT-GDC-66','A',500),('2016ARJ-5','RJT-GDC-67','A',500),('2016ARJ-5','RJT-GDC-68','A',500),('2016ARJ-5','RJT-GDC-69','A',500),('2016ARJ-5','RJT-GDC-70','A',500),('2016ARJ-5','RJT-GDC-71','A',500),('2016ARJ-5','RJT-GDC-72','A',500),('2016ARJ-5','RJT-GDC-73','A',500),('2016ARJ-5','RJT-GDC-74','A',500),('2016ARJ-5','RJT-GDC-75','A',500),('2016ARJ-5','RJT-GDC-76','A',500),('2016ARJ-5','RJT-GDC-77','A',500),('2016ARJ-5','RJT-GDC-78','A',500),('2016ARJ-5','RJT-GDC-79','A',500),('2016ARJ-5','RJT-GDC-80','A',500),('2016ARJ-5','RJT-GDC-81','A',500),('2016ARJ-5','RJT-GDC-82','A',500),('2016ARJ-5','RJT-GDC-83','A',500),('2016ARJ-5','RJT-GDC-84','A',500),('2016ARJ-5','RJT-GDC-85','A',500),('2016ARJ-5','RJT-GDC-86','A',500),('2016ARJ-5','RJT-GDC-87','A',500),('2016ARJ-5','RJT-GDC-88','A',500),('2016ARJ-5','RJT-GDC-89','A',500),('2016ARJ-5','RJT-GDC-90','A',500),('2016ARJ-5','RJT-GDC-91','A',500),('2016ARJ-5','RJT-GDC-92','A',500),('2016ARJ-5','RJT-GDC-93','A',500),('2016ARJ-5','RJT-GDC-94','A',500),('2016ARJ-5','RJT-GDC-95','A',500),('2016ARJ-5','RJT-GDC-96','A',500),('2016ARJ-5','RJT-GDC-97','A',500),('2016ARJ-5','RJT-GDC-98','A',500),('2016ARJ-5','RJT-GDC-99','A',500),('2016ARJ-5','RJT-GDC-100','A',500),('2016ARJ-5','RJT-GDC-101','NA',400),('2016ARJ-5','RJT-GDC-102','NA',400),('2016ARJ-5','RJT-GDC-103','NA',400),('2016ARJ-5','RJT-GDC-104','NA',400),('2016ARJ-5','RJT-GDC-105','A',400),('2016ARJ-5','RJT-GDC-106','A',400),('2016ARJ-5','RJT-GDC-107','A',400),('2016ARJ-5','RJT-GDC-108','A',400),('2016ARJ-5','RJT-GDC-109','A',400),('2016ARJ-5','RJT-GDC-110','A',400),('2016ARJ-5','RJT-GDC-111','A',400),('2016ARJ-5','RJT-GDC-112','A',400),('2016ARJ-5','RJT-GDC-113','A',400),('2016ARJ-5','RJT-GDC-114','A',400),('2016ARJ-5','RJT-GDC-115','A',400),('2016ARJ-5','RJT-GDC-116','A',400),('2016ARJ-5','RJT-GDC-117','A',400),('2016ARJ-5','RJT-GDC-118','A',400),('2016ARJ-5','RJT-GDC-119','A',400),('2016ARJ-5','RJT-GDC-120','A',400),('2016ARJ-5','RJT-GDC-121','A',400),('2016ARJ-5','RJT-GDC-122','A',400),('2016ARJ-5','RJT-GDC-123','A',400),('2016ARJ-5','RJT-GDC-124','A',400),('2016ARJ-5','RJT-GDC-125','A',400),('2016ARJ-5','RJT-GDC-126','A',400),('2016ARJ-5','RJT-GDC-127','A',400),('2016ARJ-5','RJT-GDC-128','A',400),('2016ARJ-5','RJT-GDC-129','A',400),('2016ARJ-5','RJT-GDC-130','A',400),('2016ARJ-5','RJT-GDC-131','A',400),('2016ARJ-5','RJT-GDC-132','A',400),('2016ARJ-5','RJT-GDC-133','A',400),('2016ARJ-5','RJT-GDC-134','A',400),('2016ARJ-5','RJT-GDC-135','A',400),('2016ARJ-5','RJT-GDC-136','A',400),('2016ARJ-5','RJT-GDC-137','A',400),('2016ARJ-5','RJT-GDC-138','A',400),('2016ARJ-5','RJT-GDC-139','A',400),('2016ARJ-5','RJT-GDC-140','A',400),('2016ARJ-5','RJT-GDC-141','A',400),('2016ARJ-5','RJT-GDC-142','A',400),('2016ARJ-5','RJT-GDC-143','A',400),('2016ARJ-5','RJT-GDC-144','A',400),('2016ARJ-5','RJT-GDC-145','A',400),('2016ARJ-5','RJT-GDC-146','A',400),('2016ARJ-5','RJT-GDC-147','A',400),('2016ARJ-5','RJT-GDC-148','A',400),('2016ARJ-5','RJT-GDC-149','A',400),('2016ARJ-5','RJT-GDC-150','A',400),('2016ARJ-5','RJT-GDC-151','A',400),('2016ARJ-5','RJT-GDC-152','A',400),('2016ARJ-5','RJT-GDC-153','A',400),('2016ARJ-5','RJT-GDC-154','A',400),('2016ARJ-5','RJT-GDC-155','A',400),('2016ARJ-5','RJT-GDC-156','A',400),('2016ARJ-5','RJT-GDC-157','A',400),('2016ARJ-5','RJT-GDC-158','A',400),('2016ARJ-5','RJT-GDC-159','A',400),('2016ARJ-5','RJT-GDC-160','A',400),('2016ARJ-5','RJT-GDC-161','A',400),('2016ARJ-5','RJT-GDC-162','A',400),('2016ARJ-5','RJT-GDC-163','A',400),('2016ARJ-5','RJT-GDC-164','A',400),('2016ARJ-5','RJT-GDC-165','A',400),('2016ARJ-5','RJT-GDC-166','A',400),('2016ARJ-5','RJT-GDC-167','A',400),('2016ARJ-5','RJT-GDC-168','A',400),('2016ARJ-5','RJT-GDC-169','A',400),('2016ARJ-5','RJT-GDC-170','A',400),('2016ARJ-5','RJT-GDC-171','A',400),('2016ARJ-5','RJT-GDC-172','A',400),('2016ARJ-5','RJT-GDC-173','A',400),('2016ARJ-5','RJT-GDC-174','A',400),('2016ARJ-5','RJT-GDC-175','A',400),('2016ARJ-5','RJT-GDC-176','A',400),('2016ARJ-5','RJT-GDC-177','A',400),('2016ARJ-5','RJT-GDC-178','A',400),('2016ARJ-5','RJT-GDC-179','A',400),('2016ARJ-5','RJT-GDC-180','A',400),('2016ARJ-5','RJT-GDC-181','A',400),('2016ARJ-5','RJT-GDC-182','A',400),('2016ARJ-5','RJT-GDC-183','A',400),('2016ARJ-5','RJT-GDC-184','A',400),('2016ARJ-5','RJT-GDC-185','A',400),('2016ARJ-5','RJT-GDC-186','A',400),('2016ARJ-5','RJT-GDC-187','A',400),('2016ARJ-5','RJT-GDC-188','A',400),('2016ARJ-5','RJT-GDC-189','A',400),('2016ARJ-5','RJT-GDC-190','A',400),('2016ARJ-5','RJT-GDC-191','A',400),('2016ARJ-5','RJT-GDC-192','A',400),('2016ARJ-5','RJT-GDC-193','A',400),('2016ARJ-5','RJT-GDC-194','A',400),('2016ARJ-5','RJT-GDC-195','A',400),('2016ARJ-5','RJT-GDC-196','A',400),('2016ARJ-5','RJT-GDC-197','A',400),('2016ARJ-5','RJT-GDC-198','A',400),('2016ARJ-5','RJT-GDC-199','A',400),('2016ARJ-5','RJT-GDC-200','A',400),('2016ARJ-5','RJT-GDC-201','A',300),('2016ARJ-5','RJT-GDC-202','A',300),('2016ARJ-5','RJT-GDC-203','A',300),('2016ARJ-5','RJT-GDC-204','A',300),('2016ARJ-5','RJT-GDC-205','A',300),('2016ARJ-5','RJT-GDC-206','A',300),('2016ARJ-5','RJT-GDC-207','A',300),('2016ARJ-5','RJT-GDC-208','A',300),('2016ARJ-5','RJT-GDC-209','A',300),('2016ARJ-5','RJT-GDC-210','A',300),('2016ARJ-5','RJT-GDC-211','A',300),('2016ARJ-5','RJT-GDC-212','A',300),('2016ARJ-5','RJT-GDC-213','A',300),('2016ARJ-5','RJT-GDC-214','A',300),('2016ARJ-5','RJT-GDC-215','A',300),('2016ARJ-5','RJT-GDC-216','A',300),('2016ARJ-5','RJT-GDC-217','A',300),('2016ARJ-5','RJT-GDC-218','A',300),('2016ARJ-5','RJT-GDC-219','A',300),('2016ARJ-5','RJT-GDC-220','A',300),('2016ARJ-5','RJT-GDC-221','A',300),('2016ARJ-5','RJT-GDC-222','A',300),('2016ARJ-5','RJT-GDC-223','A',300),('2016ARJ-5','RJT-GDC-224','A',300),('2016ARJ-5','RJT-GDC-225','A',300),('2016ARJ-5','RJT-GDC-226','A',300),('2016ARJ-5','RJT-GDC-227','A',300),('2016ARJ-5','RJT-GDC-228','A',300),('2016ARJ-5','RJT-GDC-229','A',300),('2016ARJ-5','RJT-GDC-230','A',300),('2016ARJ-5','RJT-GDC-231','A',300),('2016ARJ-5','RJT-GDC-232','A',300),('2016ARJ-5','RJT-GDC-233','A',300),('2016ARJ-5','RJT-GDC-234','A',300),('2016ARJ-5','RJT-GDC-235','A',300),('2016ARJ-5','RJT-GDC-236','A',300),('2016ARJ-5','RJT-GDC-237','A',300),('2016ARJ-5','RJT-GDC-238','A',300),('2016ARJ-5','RJT-GDC-239','A',300),('2016ARJ-5','RJT-GDC-240','A',300),('2016ARJ-5','RJT-GDC-241','A',300),('2016ARJ-5','RJT-GDC-242','A',300),('2016ARJ-5','RJT-GDC-243','A',300),('2016ARJ-5','RJT-GDC-244','A',300),('2016ARJ-5','RJT-GDC-245','A',300),('2016ARJ-5','RJT-GDC-246','A',300),('2016ARJ-5','RJT-GDC-247','A',300),('2016ARJ-5','RJT-GDC-248','A',300),('2016ARJ-5','RJT-GDC-249','A',300),('2016ARJ-5','RJT-GDC-250','A',300),('2016ARJ-5','RJT-GDC-251','A',300),('2016ARJ-5','RJT-GDC-252','A',300),('2016ARJ-5','RJT-GDC-253','A',300),('2016ARJ-5','RJT-GDC-254','A',300),('2016ARJ-5','RJT-GDC-255','A',300),('2016ARJ-5','RJT-GDC-256','A',300),('2016ARJ-5','RJT-GDC-257','A',300),('2016ARJ-5','RJT-GDC-258','A',300),('2016ARJ-5','RJT-GDC-259','A',300),('2016ARJ-5','RJT-GDC-260','A',300),('2016ARJ-5','RJT-GDC-261','A',300),('2016ARJ-5','RJT-GDC-262','A',300),('2016ARJ-5','RJT-GDC-263','A',300),('2016ARJ-5','RJT-GDC-264','A',300),('2016ARJ-5','RJT-GDC-265','A',300),('2016ARJ-5','RJT-GDC-266','A',300),('2016ARJ-5','RJT-GDC-267','A',300),('2016ARJ-5','RJT-GDC-268','A',300),('2016ARJ-5','RJT-GDC-269','A',300),('2016ARJ-5','RJT-GDC-270','A',300),('2016ARJ-5','RJT-GDC-271','A',300),('2016ARJ-5','RJT-GDC-272','A',300),('2016ARJ-5','RJT-GDC-273','A',300),('2016ARJ-5','RJT-GDC-274','A',300),('2016ARJ-5','RJT-GDC-275','A',300),('2016ARJ-5','RJT-GDC-276','A',300),('2016ARJ-5','RJT-GDC-277','A',300),('2016ARJ-5','RJT-GDC-278','A',300),('2016ARJ-5','RJT-GDC-279','A',300),('2016ARJ-5','RJT-GDC-280','A',300),('2016ARJ-5','RJT-GDC-281','A',300),('2016ARJ-5','RJT-GDC-282','A',300),('2016ARJ-5','RJT-GDC-283','A',300),('2016ARJ-5','RJT-GDC-284','A',300),('2016ARJ-5','RJT-GDC-285','A',300),('2016ARJ-5','RJT-GDC-286','A',300),('2016ARJ-5','RJT-GDC-287','A',300),('2016ARJ-5','RJT-GDC-288','A',300),('2016ARJ-5','RJT-GDC-289','A',300),('2016ARJ-5','RJT-GDC-290','A',300),('2016ARJ-5','RJT-GDC-291','A',300),('2016ARJ-5','RJT-GDC-292','A',300),('2016ARJ-5','RJT-GDC-293','A',300),('2016ARJ-5','RJT-GDC-294','A',300),('2016ARJ-5','RJT-GDC-295','A',300),('2016ARJ-5','RJT-GDC-296','A',300),('2016ARJ-5','RJT-GDC-297','A',300),('2016ARJ-5','RJT-GDC-298','A',300),('2016ARJ-5','RJT-GDC-299','A',300),('2016ARJ-5','RJT-GDC-300','A',300),('2016ARJ-5','RJT-GDC-301','A',300),('2016ARJ-5','RJT-GDC-302','A',300),('2016ARJ-5','RJT-GDC-303','A',300),('2016ARJ-5','RJT-GDC-304','A',300),('2016ARJ-5','RJT-GDC-305','A',300),('2016ARJ-5','RJT-GDC-306','A',300),('2016ARJ-5','RJT-GDC-307','A',300),('2016ARJ-5','RJT-GDC-308','A',300),('2016ARJ-5','RJT-GDC-309','A',300),('2016ARJ-5','RJT-GDC-310','A',300),('2016ARJ-5','RJT-GDC-311','A',300),('2016ARJ-5','RJT-GDC-312','A',300),('2016ARJ-5','RJT-GDC-313','A',300),('2016ARJ-5','RJT-GDC-314','A',300),('2016ARJ-5','RJT-GDC-315','A',300),('2016ARJ-5','RJT-GDC-316','A',300),('2016ARJ-5','RJT-GDC-317','A',300),('2016ARJ-5','RJT-GDC-318','A',300),('2016ARJ-5','RJT-GDC-319','A',300),('2016ARJ-5','RJT-GDC-320','A',300),('2016ARJ-5','RJT-GDC-321','A',300),('2016ARJ-5','RJT-GDC-322','A',300),('2016ARJ-5','RJT-GDC-323','A',300),('2016ARJ-5','RJT-GDC-324','A',300),('2016ARJ-5','RJT-GDC-325','A',300),('2016ARJ-5','RJT-GDC-326','A',300),('2016ARJ-5','RJT-GDC-327','A',300),('2016ARJ-5','RJT-GDC-328','A',300),('2016ARJ-5','RJT-GDC-329','A',300),('2016ARJ-5','RJT-GDC-330','A',300),('2016ARJ-5','RJT-GDC-331','A',300),('2016ARJ-5','RJT-GDC-332','A',300),('2016ARJ-5','RJT-GDC-333','A',300),('2016ARJ-5','RJT-GDC-334','A',300),('2016ARJ-5','RJT-GDC-335','A',300),('2016ARJ-5','RJT-GDC-336','A',300),('2016ARJ-5','RJT-GDC-337','A',300),('2016ARJ-5','RJT-GDC-338','A',300),('2016ARJ-5','RJT-GDC-339','A',300),('2016ARJ-5','RJT-GDC-340','A',300),('2016ARJ-5','RJT-GDC-341','A',300),('2016ARJ-5','RJT-GDC-342','A',300),('2016ARJ-5','RJT-GDC-343','A',300),('2016ARJ-5','RJT-GDC-344','A',300),('2016ARJ-5','RJT-GDC-345','A',300),('2016ARJ-5','RJT-GDC-346','A',300),('2016ARJ-5','RJT-GDC-347','A',300),('2016ARJ-5','RJT-GDC-348','A',300),('2016ARJ-5','RJT-GDC-349','A',300),('2016ARJ-5','RJT-GDC-350','A',300),('2016ARJ-5','RJT-GDC-351','A',300),('2016ARJ-5','RJT-GDC-352','A',300),('2016ARJ-5','RJT-GDC-353','A',300),('2016ARJ-5','RJT-GDC-354','A',300),('2016ARJ-5','RJT-GDC-355','A',300),('2016ARJ-5','RJT-GDC-356','A',300),('2016ARJ-5','RJT-GDC-357','A',300),('2016ARJ-5','RJT-GDC-358','A',300),('2016ARJ-5','RJT-GDC-359','A',300),('2016ARJ-5','RJT-GDC-360','A',300),('2016ARJ-5','RJT-GDC-361','A',300),('2016ARJ-5','RJT-GDC-362','A',300),('2016ARJ-5','RJT-GDC-363','A',300),('2016ARJ-5','RJT-GDC-364','A',300),('2016ARJ-5','RJT-GDC-365','A',300),('2016ARJ-5','RJT-GDC-366','A',300),('2016ARJ-5','RJT-GDC-367','A',300),('2016ARJ-5','RJT-GDC-368','A',300),('2016ARJ-5','RJT-GDC-369','A',300),('2016ARJ-5','RJT-GDC-370','A',300),('2016ARJ-5','RJT-GDC-371','A',300),('2016ARJ-5','RJT-GDC-372','A',300),('2016ARJ-5','RJT-GDC-373','A',300),('2016ARJ-5','RJT-GDC-374','A',300),('2016ARJ-5','RJT-GDC-375','A',300),('2016ARJ-5','RJT-GDC-376','A',300),('2016ARJ-5','RJT-GDC-377','A',300),('2016ARJ-5','RJT-GDC-378','A',300),('2016ARJ-5','RJT-GDC-379','A',300),('2016ARJ-5','RJT-GDC-380','A',300),('2016ARJ-5','RJT-GDC-381','A',300),('2016ARJ-5','RJT-GDC-382','A',300),('2016ARJ-5','RJT-GDC-383','A',300),('2016ARJ-5','RJT-GDC-384','A',300),('2016ARJ-5','RJT-GDC-385','A',300),('2016ARJ-5','RJT-GDC-386','A',300),('2016ARJ-5','RJT-GDC-387','A',300),('2016ARJ-5','RJT-GDC-388','A',300),('2016ARJ-5','RJT-GDC-389','A',300),('2016ARJ-5','RJT-GDC-390','A',300),('2016ARJ-5','RJT-GDC-391','A',300),('2016ARJ-5','RJT-GDC-392','A',300),('2016ARJ-5','RJT-GDC-393','A',300),('2016ARJ-5','RJT-GDC-394','A',300),('2016ARJ-5','RJT-GDC-395','A',300),('2016ARJ-5','RJT-GDC-396','A',300),('2016ARJ-5','RJT-GDC-397','A',300),('2016ARJ-5','RJT-GDC-398','A',300),('2016ARJ-5','RJT-GDC-399','A',300),('2016ARJ-5','RJT-GDC-400','A',300),('2016ARJ-6','RJT-IMP-01','NA',500),('2016ARJ-6','RJT-IMP-02','NA',500),('2016ARJ-6','RJT-IMP-03','NA',500),('2016ARJ-6','RJT-IMP-04','NA',500),('2016ARJ-6','RJT-IMP-05','NA',500),('2016ARJ-6','RJT-IMP-06','NA',500),('2016ARJ-6','RJT-IMP-07','NA',500),('2016ARJ-6','RJT-IMP-08','NA',500),('2016ARJ-6','RJT-IMP-09','A',500),('2016ARJ-6','RJT-IMP-10','A',500),('2016ARJ-6','RJT-IMP-11','A',500),('2016ARJ-6','RJT-IMP-12','A',500),('2016ARJ-6','RJT-IMP-13','A',500),('2016ARJ-6','RJT-IMP-14','A',500),('2016ARJ-6','RJT-IMP-15','A',500),('2016ARJ-6','RJT-IMP-16','A',500),('2016ARJ-6','RJT-IMP-17','A',500),('2016ARJ-6','RJT-IMP-18','A',500),('2016ARJ-6','RJT-IMP-19','A',500),('2016ARJ-6','RJT-IMP-20','A',500),('2016ARJ-6','RJT-IMP-21','A',500),('2016ARJ-6','RJT-IMP-22','A',500),('2016ARJ-6','RJT-IMP-23','A',500),('2016ARJ-6','RJT-IMP-24','A',500),('2016ARJ-6','RJT-IMP-25','A',500),('2016ARJ-6','RJT-IMP-26','A',500),('2016ARJ-6','RJT-IMP-27','A',500),('2016ARJ-6','RJT-IMP-28','A',500),('2016ARJ-6','RJT-IMP-29','A',500),('2016ARJ-6','RJT-IMP-30','A',500),('2016ARJ-6','RJT-IMP-31','A',500),('2016ARJ-6','RJT-IMP-32','A',500),('2016ARJ-6','RJT-IMP-33','A',500),('2016ARJ-6','RJT-IMP-34','A',500),('2016ARJ-6','RJT-IMP-35','A',500),('2016ARJ-6','RJT-IMP-36','A',500),('2016ARJ-6','RJT-IMP-37','A',500),('2016ARJ-6','RJT-IMP-38','A',500),('2016ARJ-6','RJT-IMP-39','A',500),('2016ARJ-6','RJT-IMP-40','A',500),('2016ARJ-6','RJT-IMP-41','A',500),('2016ARJ-6','RJT-IMP-42','A',500),('2016ARJ-6','RJT-IMP-43','A',500),('2016ARJ-6','RJT-IMP-44','A',500),('2016ARJ-6','RJT-IMP-45','A',500),('2016ARJ-6','RJT-IMP-46','A',500),('2016ARJ-6','RJT-IMP-47','A',500),('2016ARJ-6','RJT-IMP-48','A',500),('2016ARJ-6','RJT-IMP-49','A',500),('2016ARJ-6','RJT-IMP-50','A',500),('2016ARJ-6','RJT-IMP-51','A',500),('2016ARJ-6','RJT-IMP-52','A',500),('2016ARJ-6','RJT-IMP-53','A',500),('2016ARJ-6','RJT-IMP-54','A',500),('2016ARJ-6','RJT-IMP-55','A',500),('2016ARJ-6','RJT-IMP-56','A',500),('2016ARJ-6','RJT-IMP-57','A',500),('2016ARJ-6','RJT-IMP-58','A',500),('2016ARJ-6','RJT-IMP-59','A',500),('2016ARJ-6','RJT-IMP-60','A',500),('2016ARJ-6','RJT-IMP-61','A',500),('2016ARJ-6','RJT-IMP-62','A',500),('2016ARJ-6','RJT-IMP-63','A',500),('2016ARJ-6','RJT-IMP-64','A',500),('2016ARJ-6','RJT-IMP-65','A',500),('2016ARJ-6','RJT-IMP-66','A',500),('2016ARJ-6','RJT-IMP-67','A',500),('2016ARJ-6','RJT-IMP-68','A',500),('2016ARJ-6','RJT-IMP-69','A',500),('2016ARJ-6','RJT-IMP-70','A',500),('2016ARJ-6','RJT-IMP-71','A',500),('2016ARJ-6','RJT-IMP-72','A',500),('2016ARJ-6','RJT-IMP-73','A',500),('2016ARJ-6','RJT-IMP-74','A',500),('2016ARJ-6','RJT-IMP-75','A',500),('2016ARJ-6','RJT-IMP-76','A',500),('2016ARJ-6','RJT-IMP-77','A',500),('2016ARJ-6','RJT-IMP-78','A',500),('2016ARJ-6','RJT-IMP-79','A',500),('2016ARJ-6','RJT-IMP-80','A',500),('2016ARJ-6','RJT-IMP-81','A',500),('2016ARJ-6','RJT-IMP-82','A',500),('2016ARJ-6','RJT-IMP-83','A',500),('2016ARJ-6','RJT-IMP-84','A',500),('2016ARJ-6','RJT-IMP-85','A',500),('2016ARJ-6','RJT-IMP-86','A',500),('2016ARJ-6','RJT-IMP-87','A',500),('2016ARJ-6','RJT-IMP-88','A',500),('2016ARJ-6','RJT-IMP-89','A',500),('2016ARJ-6','RJT-IMP-90','A',500),('2016ARJ-6','RJT-IMP-91','A',500),('2016ARJ-6','RJT-IMP-92','A',500),('2016ARJ-6','RJT-IMP-93','A',500),('2016ARJ-6','RJT-IMP-94','A',500),('2016ARJ-6','RJT-IMP-95','A',500),('2016ARJ-6','RJT-IMP-96','A',500),('2016ARJ-6','RJT-IMP-97','A',500),('2016ARJ-6','RJT-IMP-98','A',500),('2016ARJ-6','RJT-IMP-99','A',500),('2016ARJ-6','RJT-IMP-100','A',500),('2016ARJ-6','RJT-IMP-101','NA',400),('2016ARJ-6','RJT-IMP-102','NA',400),('2016ARJ-6','RJT-IMP-103','NA',400),('2016ARJ-6','RJT-IMP-104','NA',400),('2016ARJ-6','RJT-IMP-105','A',400),('2016ARJ-6','RJT-IMP-106','A',400),('2016ARJ-6','RJT-IMP-107','A',400),('2016ARJ-6','RJT-IMP-108','A',400),('2016ARJ-6','RJT-IMP-109','A',400),('2016ARJ-6','RJT-IMP-110','A',400),('2016ARJ-6','RJT-IMP-111','A',400),('2016ARJ-6','RJT-IMP-112','A',400),('2016ARJ-6','RJT-IMP-113','A',400),('2016ARJ-6','RJT-IMP-114','A',400),('2016ARJ-6','RJT-IMP-115','A',400),('2016ARJ-6','RJT-IMP-116','A',400),('2016ARJ-6','RJT-IMP-117','A',400),('2016ARJ-6','RJT-IMP-118','A',400),('2016ARJ-6','RJT-IMP-119','A',400),('2016ARJ-6','RJT-IMP-120','A',400),('2016ARJ-6','RJT-IMP-121','A',400),('2016ARJ-6','RJT-IMP-122','A',400),('2016ARJ-6','RJT-IMP-123','A',400),('2016ARJ-6','RJT-IMP-124','A',400),('2016ARJ-6','RJT-IMP-125','A',400),('2016ARJ-6','RJT-IMP-126','A',400),('2016ARJ-6','RJT-IMP-127','A',400),('2016ARJ-6','RJT-IMP-128','A',400),('2016ARJ-6','RJT-IMP-129','A',400),('2016ARJ-6','RJT-IMP-130','A',400),('2016ARJ-6','RJT-IMP-131','A',400),('2016ARJ-6','RJT-IMP-132','A',400),('2016ARJ-6','RJT-IMP-133','A',400),('2016ARJ-6','RJT-IMP-134','A',400),('2016ARJ-6','RJT-IMP-135','A',400),('2016ARJ-6','RJT-IMP-136','A',400),('2016ARJ-6','RJT-IMP-137','A',400),('2016ARJ-6','RJT-IMP-138','A',400),('2016ARJ-6','RJT-IMP-139','A',400),('2016ARJ-6','RJT-IMP-140','A',400),('2016ARJ-6','RJT-IMP-141','A',400),('2016ARJ-6','RJT-IMP-142','A',400),('2016ARJ-6','RJT-IMP-143','A',400),('2016ARJ-6','RJT-IMP-144','A',400),('2016ARJ-6','RJT-IMP-145','A',400),('2016ARJ-6','RJT-IMP-146','A',400),('2016ARJ-6','RJT-IMP-147','A',400),('2016ARJ-6','RJT-IMP-148','A',400),('2016ARJ-6','RJT-IMP-149','A',400),('2016ARJ-6','RJT-IMP-150','A',400),('2016ARJ-6','RJT-IMP-151','A',400),('2016ARJ-6','RJT-IMP-152','A',400),('2016ARJ-6','RJT-IMP-153','A',400),('2016ARJ-6','RJT-IMP-154','A',400),('2016ARJ-6','RJT-IMP-155','A',400),('2016ARJ-6','RJT-IMP-156','A',400),('2016ARJ-6','RJT-IMP-157','A',400),('2016ARJ-6','RJT-IMP-158','A',400),('2016ARJ-6','RJT-IMP-159','A',400),('2016ARJ-6','RJT-IMP-160','A',400),('2016ARJ-6','RJT-IMP-161','A',400),('2016ARJ-6','RJT-IMP-162','A',400),('2016ARJ-6','RJT-IMP-163','A',400),('2016ARJ-6','RJT-IMP-164','A',400),('2016ARJ-6','RJT-IMP-165','A',400),('2016ARJ-6','RJT-IMP-166','A',400),('2016ARJ-6','RJT-IMP-167','A',400),('2016ARJ-6','RJT-IMP-168','A',400),('2016ARJ-6','RJT-IMP-169','A',400),('2016ARJ-6','RJT-IMP-170','A',400),('2016ARJ-6','RJT-IMP-171','A',400),('2016ARJ-6','RJT-IMP-172','A',400),('2016ARJ-6','RJT-IMP-173','A',400),('2016ARJ-6','RJT-IMP-174','A',400),('2016ARJ-6','RJT-IMP-175','A',400),('2016ARJ-6','RJT-IMP-176','A',400),('2016ARJ-6','RJT-IMP-177','A',400),('2016ARJ-6','RJT-IMP-178','A',400),('2016ARJ-6','RJT-IMP-179','A',400),('2016ARJ-6','RJT-IMP-180','A',400),('2016ARJ-6','RJT-IMP-181','A',400),('2016ARJ-6','RJT-IMP-182','A',400),('2016ARJ-6','RJT-IMP-183','A',400),('2016ARJ-6','RJT-IMP-184','A',400),('2016ARJ-6','RJT-IMP-185','A',400),('2016ARJ-6','RJT-IMP-186','A',400),('2016ARJ-6','RJT-IMP-187','A',400),('2016ARJ-6','RJT-IMP-188','A',400),('2016ARJ-6','RJT-IMP-189','A',400),('2016ARJ-6','RJT-IMP-190','A',400),('2016ARJ-6','RJT-IMP-191','A',400),('2016ARJ-6','RJT-IMP-192','A',400),('2016ARJ-6','RJT-IMP-193','A',400),('2016ARJ-6','RJT-IMP-194','A',400),('2016ARJ-6','RJT-IMP-195','A',400),('2016ARJ-6','RJT-IMP-196','A',400),('2016ARJ-6','RJT-IMP-197','A',400),('2016ARJ-6','RJT-IMP-198','A',400),('2016ARJ-6','RJT-IMP-199','A',400),('2016ARJ-6','RJT-IMP-200','A',400),('2016ARJ-6','RJT-IMP-201','A',300),('2016ARJ-6','RJT-IMP-202','A',300),('2016ARJ-6','RJT-IMP-203','A',300),('2016ARJ-6','RJT-IMP-204','A',300),('2016ARJ-6','RJT-IMP-205','A',300),('2016ARJ-6','RJT-IMP-206','A',300),('2016ARJ-6','RJT-IMP-207','A',300),('2016ARJ-6','RJT-IMP-208','A',300),('2016ARJ-6','RJT-IMP-209','A',300),('2016ARJ-6','RJT-IMP-210','A',300),('2016ARJ-6','RJT-IMP-211','A',300),('2016ARJ-6','RJT-IMP-212','A',300),('2016ARJ-6','RJT-IMP-213','A',300),('2016ARJ-6','RJT-IMP-214','A',300),('2016ARJ-6','RJT-IMP-215','A',300),('2016ARJ-6','RJT-IMP-216','A',300),('2016ARJ-6','RJT-IMP-217','A',300),('2016ARJ-6','RJT-IMP-218','A',300),('2016ARJ-6','RJT-IMP-219','A',300),('2016ARJ-6','RJT-IMP-220','A',300),('2016ARJ-6','RJT-IMP-221','A',300),('2016ARJ-6','RJT-IMP-222','A',300),('2016ARJ-6','RJT-IMP-223','A',300),('2016ARJ-6','RJT-IMP-224','A',300),('2016ARJ-6','RJT-IMP-225','A',300),('2016ARJ-6','RJT-IMP-226','A',300),('2016ARJ-6','RJT-IMP-227','A',300),('2016ARJ-6','RJT-IMP-228','A',300),('2016ARJ-6','RJT-IMP-229','A',300),('2016ARJ-6','RJT-IMP-230','A',300),('2016ARJ-6','RJT-IMP-231','A',300),('2016ARJ-6','RJT-IMP-232','A',300),('2016ARJ-6','RJT-IMP-233','A',300),('2016ARJ-6','RJT-IMP-234','A',300),('2016ARJ-6','RJT-IMP-235','A',300),('2016ARJ-6','RJT-IMP-236','A',300),('2016ARJ-6','RJT-IMP-237','A',300),('2016ARJ-6','RJT-IMP-238','A',300),('2016ARJ-6','RJT-IMP-239','A',300),('2016ARJ-6','RJT-IMP-240','A',300),('2016ARJ-6','RJT-IMP-241','A',300),('2016ARJ-6','RJT-IMP-242','A',300),('2016ARJ-6','RJT-IMP-243','A',300),('2016ARJ-6','RJT-IMP-244','A',300),('2016ARJ-6','RJT-IMP-245','A',300),('2016ARJ-6','RJT-IMP-246','A',300),('2016ARJ-6','RJT-IMP-247','A',300),('2016ARJ-6','RJT-IMP-248','A',300),('2016ARJ-6','RJT-IMP-249','A',300),('2016ARJ-6','RJT-IMP-250','A',300),('2016ARJ-6','RJT-IMP-251','A',300),('2016ARJ-6','RJT-IMP-252','A',300),('2016ARJ-6','RJT-IMP-253','A',300),('2016ARJ-6','RJT-IMP-254','A',300),('2016ARJ-6','RJT-IMP-255','A',300),('2016ARJ-6','RJT-IMP-256','A',300),('2016ARJ-6','RJT-IMP-257','A',300),('2016ARJ-6','RJT-IMP-258','A',300),('2016ARJ-6','RJT-IMP-259','A',300),('2016ARJ-6','RJT-IMP-260','A',300),('2016ARJ-6','RJT-IMP-261','A',300),('2016ARJ-6','RJT-IMP-262','A',300),('2016ARJ-6','RJT-IMP-263','A',300),('2016ARJ-6','RJT-IMP-264','A',300),('2016ARJ-6','RJT-IMP-265','A',300),('2016ARJ-6','RJT-IMP-266','A',300),('2016ARJ-6','RJT-IMP-267','A',300),('2016ARJ-6','RJT-IMP-268','A',300),('2016ARJ-6','RJT-IMP-269','A',300),('2016ARJ-6','RJT-IMP-270','A',300),('2016ARJ-6','RJT-IMP-271','A',300),('2016ARJ-6','RJT-IMP-272','A',300),('2016ARJ-6','RJT-IMP-273','A',300),('2016ARJ-6','RJT-IMP-274','A',300),('2016ARJ-6','RJT-IMP-275','A',300),('2016ARJ-6','RJT-IMP-276','A',300),('2016ARJ-6','RJT-IMP-277','A',300),('2016ARJ-6','RJT-IMP-278','A',300),('2016ARJ-6','RJT-IMP-279','A',300),('2016ARJ-6','RJT-IMP-280','A',300),('2016ARJ-6','RJT-IMP-281','A',300),('2016ARJ-6','RJT-IMP-282','A',300),('2016ARJ-6','RJT-IMP-283','A',300),('2016ARJ-6','RJT-IMP-284','A',300),('2016ARJ-6','RJT-IMP-285','A',300),('2016ARJ-6','RJT-IMP-286','A',300),('2016ARJ-6','RJT-IMP-287','A',300),('2016ARJ-6','RJT-IMP-288','A',300),('2016ARJ-6','RJT-IMP-289','A',300),('2016ARJ-6','RJT-IMP-290','A',300),('2016ARJ-6','RJT-IMP-291','A',300),('2016ARJ-6','RJT-IMP-292','A',300),('2016ARJ-6','RJT-IMP-293','A',300),('2016ARJ-6','RJT-IMP-294','A',300),('2016ARJ-6','RJT-IMP-295','A',300),('2016ARJ-6','RJT-IMP-296','A',300),('2016ARJ-6','RJT-IMP-297','A',300),('2016ARJ-6','RJT-IMP-298','A',300),('2016ARJ-6','RJT-IMP-299','A',300),('2016ARJ-6','RJT-IMP-300','A',300),('2016ARJ-7','SUT-LPP-01','NA',500),('2016ARJ-7','SUT-LPP-02','NA',500),('2016ARJ-7','SUT-LPP-03','NA',500),('2016ARJ-7','SUT-LPP-04','NA',500),('2016ARJ-7','SUT-LPP-05','NA',500),('2016ARJ-7','SUT-LPP-06','NA',500),('2016ARJ-7','SUT-LPP-07','NA',500),('2016ARJ-7','SUT-LPP-08','NA',500),('2016ARJ-7','SUT-LPP-09','A',500),('2016ARJ-7','SUT-LPP-10','A',500),('2016ARJ-7','SUT-LPP-11','A',500),('2016ARJ-7','SUT-LPP-12','A',500),('2016ARJ-7','SUT-LPP-13','A',500),('2016ARJ-7','SUT-LPP-14','A',500),('2016ARJ-7','SUT-LPP-15','A',500),('2016ARJ-7','SUT-LPP-16','A',500),('2016ARJ-7','SUT-LPP-17','A',500),('2016ARJ-7','SUT-LPP-18','A',500),('2016ARJ-7','SUT-LPP-19','A',500),('2016ARJ-7','SUT-LPP-20','A',500),('2016ARJ-7','SUT-LPP-21','A',500),('2016ARJ-7','SUT-LPP-22','A',500),('2016ARJ-7','SUT-LPP-23','A',500),('2016ARJ-7','SUT-LPP-24','A',500),('2016ARJ-7','SUT-LPP-25','A',500),('2016ARJ-7','SUT-LPP-26','A',500),('2016ARJ-7','SUT-LPP-27','A',500),('2016ARJ-7','SUT-LPP-28','A',500),('2016ARJ-7','SUT-LPP-29','A',500),('2016ARJ-7','SUT-LPP-30','A',500),('2016ARJ-7','SUT-LPP-31','A',500),('2016ARJ-7','SUT-LPP-32','A',500),('2016ARJ-7','SUT-LPP-33','A',500),('2016ARJ-7','SUT-LPP-34','A',500),('2016ARJ-7','SUT-LPP-35','A',500),('2016ARJ-7','SUT-LPP-36','A',500),('2016ARJ-7','SUT-LPP-37','A',500),('2016ARJ-7','SUT-LPP-38','A',500),('2016ARJ-7','SUT-LPP-39','A',500),('2016ARJ-7','SUT-LPP-40','A',500),('2016ARJ-7','SUT-LPP-41','A',500),('2016ARJ-7','SUT-LPP-42','A',500),('2016ARJ-7','SUT-LPP-43','A',500),('2016ARJ-7','SUT-LPP-44','A',500),('2016ARJ-7','SUT-LPP-45','A',500),('2016ARJ-7','SUT-LPP-46','A',500),('2016ARJ-7','SUT-LPP-47','A',500),('2016ARJ-7','SUT-LPP-48','A',500),('2016ARJ-7','SUT-LPP-49','A',500),('2016ARJ-7','SUT-LPP-50','A',500),('2016ARJ-7','SUT-LPP-51','A',500),('2016ARJ-7','SUT-LPP-52','A',500),('2016ARJ-7','SUT-LPP-53','A',500),('2016ARJ-7','SUT-LPP-54','A',500),('2016ARJ-7','SUT-LPP-55','A',500),('2016ARJ-7','SUT-LPP-56','A',500),('2016ARJ-7','SUT-LPP-57','A',500),('2016ARJ-7','SUT-LPP-58','A',500),('2016ARJ-7','SUT-LPP-59','A',500),('2016ARJ-7','SUT-LPP-60','A',500),('2016ARJ-7','SUT-LPP-61','A',500),('2016ARJ-7','SUT-LPP-62','A',500),('2016ARJ-7','SUT-LPP-63','A',500),('2016ARJ-7','SUT-LPP-64','A',500),('2016ARJ-7','SUT-LPP-65','A',500),('2016ARJ-7','SUT-LPP-66','A',500),('2016ARJ-7','SUT-LPP-67','A',500),('2016ARJ-7','SUT-LPP-68','A',500),('2016ARJ-7','SUT-LPP-69','A',500),('2016ARJ-7','SUT-LPP-70','A',500),('2016ARJ-7','SUT-LPP-71','A',500),('2016ARJ-7','SUT-LPP-72','A',500),('2016ARJ-7','SUT-LPP-73','A',500),('2016ARJ-7','SUT-LPP-74','A',500),('2016ARJ-7','SUT-LPP-75','A',500),('2016ARJ-7','SUT-LPP-76','A',500),('2016ARJ-7','SUT-LPP-77','A',500),('2016ARJ-7','SUT-LPP-78','A',500),('2016ARJ-7','SUT-LPP-79','A',500),('2016ARJ-7','SUT-LPP-80','A',500),('2016ARJ-7','SUT-LPP-81','A',500),('2016ARJ-7','SUT-LPP-82','A',500),('2016ARJ-7','SUT-LPP-83','A',500),('2016ARJ-7','SUT-LPP-84','A',500),('2016ARJ-7','SUT-LPP-85','A',500),('2016ARJ-7','SUT-LPP-86','A',500),('2016ARJ-7','SUT-LPP-87','A',500),('2016ARJ-7','SUT-LPP-88','A',500),('2016ARJ-7','SUT-LPP-89','A',500),('2016ARJ-7','SUT-LPP-90','A',500),('2016ARJ-7','SUT-LPP-91','A',500),('2016ARJ-7','SUT-LPP-92','A',500),('2016ARJ-7','SUT-LPP-93','A',500),('2016ARJ-7','SUT-LPP-94','A',500),('2016ARJ-7','SUT-LPP-95','A',500),('2016ARJ-7','SUT-LPP-96','A',500),('2016ARJ-7','SUT-LPP-97','A',500),('2016ARJ-7','SUT-LPP-98','A',500),('2016ARJ-7','SUT-LPP-99','A',500),('2016ARJ-7','SUT-LPP-100','A',500),('2016ARJ-7','SUT-LPP-101','NA',400),('2016ARJ-7','SUT-LPP-102','NA',400),('2016ARJ-7','SUT-LPP-103','NA',400),('2016ARJ-7','SUT-LPP-104','NA',400),('2016ARJ-7','SUT-LPP-105','A',400),('2016ARJ-7','SUT-LPP-106','A',400),('2016ARJ-7','SUT-LPP-107','A',400),('2016ARJ-7','SUT-LPP-108','A',400),('2016ARJ-7','SUT-LPP-109','A',400),('2016ARJ-7','SUT-LPP-110','A',400),('2016ARJ-7','SUT-LPP-111','A',400),('2016ARJ-7','SUT-LPP-112','A',400),('2016ARJ-7','SUT-LPP-113','A',400),('2016ARJ-7','SUT-LPP-114','A',400),('2016ARJ-7','SUT-LPP-115','A',400),('2016ARJ-7','SUT-LPP-116','A',400),('2016ARJ-7','SUT-LPP-117','A',400),('2016ARJ-7','SUT-LPP-118','A',400),('2016ARJ-7','SUT-LPP-119','A',400),('2016ARJ-7','SUT-LPP-120','A',400),('2016ARJ-7','SUT-LPP-121','A',400),('2016ARJ-7','SUT-LPP-122','A',400),('2016ARJ-7','SUT-LPP-123','A',400),('2016ARJ-7','SUT-LPP-124','A',400),('2016ARJ-7','SUT-LPP-125','A',400),('2016ARJ-7','SUT-LPP-126','A',400),('2016ARJ-7','SUT-LPP-127','A',400),('2016ARJ-7','SUT-LPP-128','A',400),('2016ARJ-7','SUT-LPP-129','A',400),('2016ARJ-7','SUT-LPP-130','A',400),('2016ARJ-7','SUT-LPP-131','A',400),('2016ARJ-7','SUT-LPP-132','A',400),('2016ARJ-7','SUT-LPP-133','A',400),('2016ARJ-7','SUT-LPP-134','A',400),('2016ARJ-7','SUT-LPP-135','A',400),('2016ARJ-7','SUT-LPP-136','A',400),('2016ARJ-7','SUT-LPP-137','A',400),('2016ARJ-7','SUT-LPP-138','A',400),('2016ARJ-7','SUT-LPP-139','A',400),('2016ARJ-7','SUT-LPP-140','A',400),('2016ARJ-7','SUT-LPP-141','A',400),('2016ARJ-7','SUT-LPP-142','A',400),('2016ARJ-7','SUT-LPP-143','A',400),('2016ARJ-7','SUT-LPP-144','A',400),('2016ARJ-7','SUT-LPP-145','A',400),('2016ARJ-7','SUT-LPP-146','A',400),('2016ARJ-7','SUT-LPP-147','A',400),('2016ARJ-7','SUT-LPP-148','A',400),('2016ARJ-7','SUT-LPP-149','A',400),('2016ARJ-7','SUT-LPP-150','A',400),('2016ARJ-7','SUT-LPP-151','A',400),('2016ARJ-7','SUT-LPP-152','A',400),('2016ARJ-7','SUT-LPP-153','A',400),('2016ARJ-7','SUT-LPP-154','A',400),('2016ARJ-7','SUT-LPP-155','A',400),('2016ARJ-7','SUT-LPP-156','A',400),('2016ARJ-7','SUT-LPP-157','A',400),('2016ARJ-7','SUT-LPP-158','A',400),('2016ARJ-7','SUT-LPP-159','A',400),('2016ARJ-7','SUT-LPP-160','A',400),('2016ARJ-7','SUT-LPP-161','A',400),('2016ARJ-7','SUT-LPP-162','A',400),('2016ARJ-7','SUT-LPP-163','A',400),('2016ARJ-7','SUT-LPP-164','A',400),('2016ARJ-7','SUT-LPP-165','A',400),('2016ARJ-7','SUT-LPP-166','A',400),('2016ARJ-7','SUT-LPP-167','A',400),('2016ARJ-7','SUT-LPP-168','A',400),('2016ARJ-7','SUT-LPP-169','A',400),('2016ARJ-7','SUT-LPP-170','A',400),('2016ARJ-7','SUT-LPP-171','A',400),('2016ARJ-7','SUT-LPP-172','A',400),('2016ARJ-7','SUT-LPP-173','A',400),('2016ARJ-7','SUT-LPP-174','A',400),('2016ARJ-7','SUT-LPP-175','A',400),('2016ARJ-7','SUT-LPP-176','A',400),('2016ARJ-7','SUT-LPP-177','A',400),('2016ARJ-7','SUT-LPP-178','A',400),('2016ARJ-7','SUT-LPP-179','A',400),('2016ARJ-7','SUT-LPP-180','A',400),('2016ARJ-7','SUT-LPP-181','A',400),('2016ARJ-7','SUT-LPP-182','A',400),('2016ARJ-7','SUT-LPP-183','A',400),('2016ARJ-7','SUT-LPP-184','A',400),('2016ARJ-7','SUT-LPP-185','A',400),('2016ARJ-7','SUT-LPP-186','A',400),('2016ARJ-7','SUT-LPP-187','A',400),('2016ARJ-7','SUT-LPP-188','A',400),('2016ARJ-7','SUT-LPP-189','A',400),('2016ARJ-7','SUT-LPP-190','A',400),('2016ARJ-7','SUT-LPP-191','A',400),('2016ARJ-7','SUT-LPP-192','A',400),('2016ARJ-7','SUT-LPP-193','A',400),('2016ARJ-7','SUT-LPP-194','A',400),('2016ARJ-7','SUT-LPP-195','A',400),('2016ARJ-7','SUT-LPP-196','A',400),('2016ARJ-7','SUT-LPP-197','A',400),('2016ARJ-7','SUT-LPP-198','A',400),('2016ARJ-7','SUT-LPP-199','A',400),('2016ARJ-7','SUT-LPP-200','A',400),('2016ARJ-7','SUT-LPP-201','A',300),('2016ARJ-7','SUT-LPP-202','A',300),('2016ARJ-7','SUT-LPP-203','A',300),('2016ARJ-7','SUT-LPP-204','A',300),('2016ARJ-7','SUT-LPP-205','A',300),('2016ARJ-7','SUT-LPP-206','A',300),('2016ARJ-7','SUT-LPP-207','A',300),('2016ARJ-7','SUT-LPP-208','A',300),('2016ARJ-7','SUT-LPP-209','A',300),('2016ARJ-7','SUT-LPP-210','A',300),('2016ARJ-7','SUT-LPP-211','A',300),('2016ARJ-7','SUT-LPP-212','A',300),('2016ARJ-7','SUT-LPP-213','A',300),('2016ARJ-7','SUT-LPP-214','A',300),('2016ARJ-7','SUT-LPP-215','A',300),('2016ARJ-7','SUT-LPP-216','A',300),('2016ARJ-7','SUT-LPP-217','A',300),('2016ARJ-7','SUT-LPP-218','A',300),('2016ARJ-7','SUT-LPP-219','A',300),('2016ARJ-7','SUT-LPP-220','A',300),('2016ARJ-7','SUT-LPP-221','A',300),('2016ARJ-7','SUT-LPP-222','A',300),('2016ARJ-7','SUT-LPP-223','A',300),('2016ARJ-7','SUT-LPP-224','A',300),('2016ARJ-7','SUT-LPP-225','A',300),('2016ARJ-7','SUT-LPP-226','A',300),('2016ARJ-7','SUT-LPP-227','A',300),('2016ARJ-7','SUT-LPP-228','A',300),('2016ARJ-7','SUT-LPP-229','A',300),('2016ARJ-7','SUT-LPP-230','A',300),('2016ARJ-7','SUT-LPP-231','A',300),('2016ARJ-7','SUT-LPP-232','A',300),('2016ARJ-7','SUT-LPP-233','A',300),('2016ARJ-7','SUT-LPP-234','A',300),('2016ARJ-7','SUT-LPP-235','A',300),('2016ARJ-7','SUT-LPP-236','A',300),('2016ARJ-7','SUT-LPP-237','A',300),('2016ARJ-7','SUT-LPP-238','A',300),('2016ARJ-7','SUT-LPP-239','A',300),('2016ARJ-7','SUT-LPP-240','A',300),('2016ARJ-7','SUT-LPP-241','A',300),('2016ARJ-7','SUT-LPP-242','A',300),('2016ARJ-7','SUT-LPP-243','A',300),('2016ARJ-7','SUT-LPP-244','A',300),('2016ARJ-7','SUT-LPP-245','A',300),('2016ARJ-7','SUT-LPP-246','A',300),('2016ARJ-7','SUT-LPP-247','A',300),('2016ARJ-7','SUT-LPP-248','A',300),('2016ARJ-7','SUT-LPP-249','A',300),('2016ARJ-7','SUT-LPP-250','A',300),('2016ARJ-7','SUT-LPP-251','A',300),('2016ARJ-7','SUT-LPP-252','A',300),('2016ARJ-7','SUT-LPP-253','A',300),('2016ARJ-7','SUT-LPP-254','A',300),('2016ARJ-7','SUT-LPP-255','A',300),('2016ARJ-7','SUT-LPP-256','A',300),('2016ARJ-7','SUT-LPP-257','A',300),('2016ARJ-7','SUT-LPP-258','A',300),('2016ARJ-7','SUT-LPP-259','A',300),('2016ARJ-7','SUT-LPP-260','A',300),('2016ARJ-7','SUT-LPP-261','A',300),('2016ARJ-7','SUT-LPP-262','A',300),('2016ARJ-7','SUT-LPP-263','A',300),('2016ARJ-7','SUT-LPP-264','A',300),('2016ARJ-7','SUT-LPP-265','A',300),('2016ARJ-7','SUT-LPP-266','A',300),('2016ARJ-7','SUT-LPP-267','A',300),('2016ARJ-7','SUT-LPP-268','A',300),('2016ARJ-7','SUT-LPP-269','A',300),('2016ARJ-7','SUT-LPP-270','A',300),('2016ARJ-7','SUT-LPP-271','A',300),('2016ARJ-7','SUT-LPP-272','A',300),('2016ARJ-7','SUT-LPP-273','A',300),('2016ARJ-7','SUT-LPP-274','A',300),('2016ARJ-7','SUT-LPP-275','A',300),('2016ARJ-7','SUT-LPP-276','A',300),('2016ARJ-7','SUT-LPP-277','A',300),('2016ARJ-7','SUT-LPP-278','A',300),('2016ARJ-7','SUT-LPP-279','A',300),('2016ARJ-7','SUT-LPP-280','A',300),('2016ARJ-7','SUT-LPP-281','A',300),('2016ARJ-7','SUT-LPP-282','A',300),('2016ARJ-7','SUT-LPP-283','A',300),('2016ARJ-7','SUT-LPP-284','A',300),('2016ARJ-7','SUT-LPP-285','A',300),('2016ARJ-7','SUT-LPP-286','A',300),('2016ARJ-7','SUT-LPP-287','A',300),('2016ARJ-7','SUT-LPP-288','A',300),('2016ARJ-7','SUT-LPP-289','A',300),('2016ARJ-7','SUT-LPP-290','A',300),('2016ARJ-7','SUT-LPP-291','A',300),('2016ARJ-7','SUT-LPP-292','A',300),('2016ARJ-7','SUT-LPP-293','A',300),('2016ARJ-7','SUT-LPP-294','A',300),('2016ARJ-7','SUT-LPP-295','A',300),('2016ARJ-7','SUT-LPP-296','A',300),('2016ARJ-7','SUT-LPP-297','A',300),('2016ARJ-7','SUT-LPP-298','A',300),('2016ARJ-7','SUT-LPP-299','A',300),('2016ARJ-7','SUT-LPP-300','A',300),('2016ARJ-8','SUT-CBSC-01','NA',500),('2016ARJ-8','SUT-CBSC-02','NA',500),('2016ARJ-8','SUT-CBSC-03','NA',500),('2016ARJ-8','SUT-CBSC-04','NA',500),('2016ARJ-8','SUT-CBSC-05','NA',500),('2016ARJ-8','SUT-CBSC-06','NA',500),('2016ARJ-8','SUT-CBSC-07','NA',500),('2016ARJ-8','SUT-CBSC-08','NA',500),('2016ARJ-8','SUT-CBSC-09','A',500),('2016ARJ-8','SUT-CBSC-10','A',500),('2016ARJ-8','SUT-CBSC-11','A',500),('2016ARJ-8','SUT-CBSC-12','A',500),('2016ARJ-8','SUT-CBSC-13','A',500),('2016ARJ-8','SUT-CBSC-14','A',500),('2016ARJ-8','SUT-CBSC-15','A',500),('2016ARJ-8','SUT-CBSC-16','A',500),('2016ARJ-8','SUT-CBSC-17','A',500),('2016ARJ-8','SUT-CBSC-18','A',500),('2016ARJ-8','SUT-CBSC-19','A',500),('2016ARJ-8','SUT-CBSC-20','A',500),('2016ARJ-8','SUT-CBSC-21','A',500),('2016ARJ-8','SUT-CBSC-22','A',500),('2016ARJ-8','SUT-CBSC-23','A',500),('2016ARJ-8','SUT-CBSC-24','A',500),('2016ARJ-8','SUT-CBSC-25','A',500),('2016ARJ-8','SUT-CBSC-26','A',500),('2016ARJ-8','SUT-CBSC-27','A',500),('2016ARJ-8','SUT-CBSC-28','A',500),('2016ARJ-8','SUT-CBSC-29','A',500),('2016ARJ-8','SUT-CBSC-30','A',500),('2016ARJ-8','SUT-CBSC-31','A',500),('2016ARJ-8','SUT-CBSC-32','A',500),('2016ARJ-8','SUT-CBSC-33','A',500),('2016ARJ-8','SUT-CBSC-34','A',500),('2016ARJ-8','SUT-CBSC-35','A',500),('2016ARJ-8','SUT-CBSC-36','A',500),('2016ARJ-8','SUT-CBSC-37','A',500),('2016ARJ-8','SUT-CBSC-38','A',500),('2016ARJ-8','SUT-CBSC-39','A',500),('2016ARJ-8','SUT-CBSC-40','A',500),('2016ARJ-8','SUT-CBSC-41','A',500),('2016ARJ-8','SUT-CBSC-42','A',500),('2016ARJ-8','SUT-CBSC-43','A',500),('2016ARJ-8','SUT-CBSC-44','A',500),('2016ARJ-8','SUT-CBSC-45','A',500),('2016ARJ-8','SUT-CBSC-46','A',500),('2016ARJ-8','SUT-CBSC-47','A',500),('2016ARJ-8','SUT-CBSC-48','A',500),('2016ARJ-8','SUT-CBSC-49','A',500),('2016ARJ-8','SUT-CBSC-50','A',500),('2016ARJ-8','SUT-CBSC-51','A',500),('2016ARJ-8','SUT-CBSC-52','A',500),('2016ARJ-8','SUT-CBSC-53','A',500),('2016ARJ-8','SUT-CBSC-54','A',500),('2016ARJ-8','SUT-CBSC-55','A',500),('2016ARJ-8','SUT-CBSC-56','A',500),('2016ARJ-8','SUT-CBSC-57','A',500),('2016ARJ-8','SUT-CBSC-58','A',500),('2016ARJ-8','SUT-CBSC-59','A',500),('2016ARJ-8','SUT-CBSC-60','A',500),('2016ARJ-8','SUT-CBSC-61','A',500),('2016ARJ-8','SUT-CBSC-62','A',500),('2016ARJ-8','SUT-CBSC-63','A',500),('2016ARJ-8','SUT-CBSC-64','A',500),('2016ARJ-8','SUT-CBSC-65','A',500),('2016ARJ-8','SUT-CBSC-66','A',500),('2016ARJ-8','SUT-CBSC-67','A',500),('2016ARJ-8','SUT-CBSC-68','A',500),('2016ARJ-8','SUT-CBSC-69','A',500),('2016ARJ-8','SUT-CBSC-70','A',500),('2016ARJ-8','SUT-CBSC-71','A',500),('2016ARJ-8','SUT-CBSC-72','A',500),('2016ARJ-8','SUT-CBSC-73','A',500),('2016ARJ-8','SUT-CBSC-74','A',500),('2016ARJ-8','SUT-CBSC-75','A',500),('2016ARJ-8','SUT-CBSC-76','A',500),('2016ARJ-8','SUT-CBSC-77','A',500),('2016ARJ-8','SUT-CBSC-78','A',500),('2016ARJ-8','SUT-CBSC-79','A',500),('2016ARJ-8','SUT-CBSC-80','A',500),('2016ARJ-8','SUT-CBSC-81','A',500),('2016ARJ-8','SUT-CBSC-82','A',500),('2016ARJ-8','SUT-CBSC-83','A',500),('2016ARJ-8','SUT-CBSC-84','A',500),('2016ARJ-8','SUT-CBSC-85','A',500),('2016ARJ-8','SUT-CBSC-86','A',500),('2016ARJ-8','SUT-CBSC-87','A',500),('2016ARJ-8','SUT-CBSC-88','A',500),('2016ARJ-8','SUT-CBSC-89','A',500),('2016ARJ-8','SUT-CBSC-90','A',500),('2016ARJ-8','SUT-CBSC-91','A',500),('2016ARJ-8','SUT-CBSC-92','A',500),('2016ARJ-8','SUT-CBSC-93','A',500),('2016ARJ-8','SUT-CBSC-94','A',500),('2016ARJ-8','SUT-CBSC-95','A',500),('2016ARJ-8','SUT-CBSC-96','A',500),('2016ARJ-8','SUT-CBSC-97','A',500),('2016ARJ-8','SUT-CBSC-98','A',500),('2016ARJ-8','SUT-CBSC-99','A',500),('2016ARJ-8','SUT-CBSC-100','A',500),('2016ARJ-8','SUT-CBSC-101','NA',400),('2016ARJ-8','SUT-CBSC-102','NA',400),('2016ARJ-8','SUT-CBSC-103','NA',400),('2016ARJ-8','SUT-CBSC-104','NA',400),('2016ARJ-8','SUT-CBSC-105','A',400),('2016ARJ-8','SUT-CBSC-106','A',400),('2016ARJ-8','SUT-CBSC-107','A',400),('2016ARJ-8','SUT-CBSC-108','A',400),('2016ARJ-8','SUT-CBSC-109','A',400),('2016ARJ-8','SUT-CBSC-110','A',400),('2016ARJ-8','SUT-CBSC-111','A',400),('2016ARJ-8','SUT-CBSC-112','A',400),('2016ARJ-8','SUT-CBSC-113','A',400),('2016ARJ-8','SUT-CBSC-114','A',400),('2016ARJ-8','SUT-CBSC-115','A',400),('2016ARJ-8','SUT-CBSC-116','A',400),('2016ARJ-8','SUT-CBSC-117','A',400),('2016ARJ-8','SUT-CBSC-118','A',400),('2016ARJ-8','SUT-CBSC-119','A',400),('2016ARJ-8','SUT-CBSC-120','A',400),('2016ARJ-8','SUT-CBSC-121','A',400),('2016ARJ-8','SUT-CBSC-122','A',400),('2016ARJ-8','SUT-CBSC-123','A',400),('2016ARJ-8','SUT-CBSC-124','A',400),('2016ARJ-8','SUT-CBSC-125','A',400),('2016ARJ-8','SUT-CBSC-126','A',400),('2016ARJ-8','SUT-CBSC-127','A',400),('2016ARJ-8','SUT-CBSC-128','A',400),('2016ARJ-8','SUT-CBSC-129','A',400),('2016ARJ-8','SUT-CBSC-130','A',400),('2016ARJ-8','SUT-CBSC-131','A',400),('2016ARJ-8','SUT-CBSC-132','A',400),('2016ARJ-8','SUT-CBSC-133','A',400),('2016ARJ-8','SUT-CBSC-134','A',400),('2016ARJ-8','SUT-CBSC-135','A',400),('2016ARJ-8','SUT-CBSC-136','A',400),('2016ARJ-8','SUT-CBSC-137','A',400),('2016ARJ-8','SUT-CBSC-138','A',400),('2016ARJ-8','SUT-CBSC-139','A',400),('2016ARJ-8','SUT-CBSC-140','A',400),('2016ARJ-8','SUT-CBSC-141','A',400),('2016ARJ-8','SUT-CBSC-142','A',400),('2016ARJ-8','SUT-CBSC-143','A',400),('2016ARJ-8','SUT-CBSC-144','A',400),('2016ARJ-8','SUT-CBSC-145','A',400),('2016ARJ-8','SUT-CBSC-146','A',400),('2016ARJ-8','SUT-CBSC-147','A',400),('2016ARJ-8','SUT-CBSC-148','A',400),('2016ARJ-8','SUT-CBSC-149','A',400),('2016ARJ-8','SUT-CBSC-150','A',400),('2016ARJ-8','SUT-CBSC-151','A',400),('2016ARJ-8','SUT-CBSC-152','A',400),('2016ARJ-8','SUT-CBSC-153','A',400),('2016ARJ-8','SUT-CBSC-154','A',400),('2016ARJ-8','SUT-CBSC-155','A',400),('2016ARJ-8','SUT-CBSC-156','A',400),('2016ARJ-8','SUT-CBSC-157','A',400),('2016ARJ-8','SUT-CBSC-158','A',400),('2016ARJ-8','SUT-CBSC-159','A',400),('2016ARJ-8','SUT-CBSC-160','A',400),('2016ARJ-8','SUT-CBSC-161','A',400),('2016ARJ-8','SUT-CBSC-162','A',400),('2016ARJ-8','SUT-CBSC-163','A',400),('2016ARJ-8','SUT-CBSC-164','A',400),('2016ARJ-8','SUT-CBSC-165','A',400),('2016ARJ-8','SUT-CBSC-166','A',400),('2016ARJ-8','SUT-CBSC-167','A',400),('2016ARJ-8','SUT-CBSC-168','A',400),('2016ARJ-8','SUT-CBSC-169','A',400),('2016ARJ-8','SUT-CBSC-170','A',400),('2016ARJ-8','SUT-CBSC-171','A',400),('2016ARJ-8','SUT-CBSC-172','A',400),('2016ARJ-8','SUT-CBSC-173','A',400),('2016ARJ-8','SUT-CBSC-174','A',400),('2016ARJ-8','SUT-CBSC-175','A',400),('2016ARJ-8','SUT-CBSC-176','A',400),('2016ARJ-8','SUT-CBSC-177','A',400),('2016ARJ-8','SUT-CBSC-178','A',400),('2016ARJ-8','SUT-CBSC-179','A',400),('2016ARJ-8','SUT-CBSC-180','A',400),('2016ARJ-8','SUT-CBSC-181','A',400),('2016ARJ-8','SUT-CBSC-182','A',400),('2016ARJ-8','SUT-CBSC-183','A',400),('2016ARJ-8','SUT-CBSC-184','A',400),('2016ARJ-8','SUT-CBSC-185','A',400),('2016ARJ-8','SUT-CBSC-186','A',400),('2016ARJ-8','SUT-CBSC-187','A',400),('2016ARJ-8','SUT-CBSC-188','A',400),('2016ARJ-8','SUT-CBSC-189','A',400),('2016ARJ-8','SUT-CBSC-190','A',400),('2016ARJ-8','SUT-CBSC-191','A',400),('2016ARJ-8','SUT-CBSC-192','A',400),('2016ARJ-8','SUT-CBSC-193','A',400),('2016ARJ-8','SUT-CBSC-194','A',400),('2016ARJ-8','SUT-CBSC-195','A',400),('2016ARJ-8','SUT-CBSC-196','A',400),('2016ARJ-8','SUT-CBSC-197','A',400),('2016ARJ-8','SUT-CBSC-198','A',400),('2016ARJ-8','SUT-CBSC-199','A',400),('2016ARJ-8','SUT-CBSC-200','A',400),('2016ARJ-8','SUT-CBSC-201','A',300),('2016ARJ-8','SUT-CBSC-202','A',300),('2016ARJ-8','SUT-CBSC-203','A',300),('2016ARJ-8','SUT-CBSC-204','A',300),('2016ARJ-8','SUT-CBSC-205','A',300),('2016ARJ-8','SUT-CBSC-206','A',300),('2016ARJ-8','SUT-CBSC-207','A',300),('2016ARJ-8','SUT-CBSC-208','A',300),('2016ARJ-8','SUT-CBSC-209','A',300),('2016ARJ-8','SUT-CBSC-210','A',300),('2016ARJ-8','SUT-CBSC-211','A',300),('2016ARJ-8','SUT-CBSC-212','A',300),('2016ARJ-8','SUT-CBSC-213','A',300),('2016ARJ-8','SUT-CBSC-214','A',300),('2016ARJ-8','SUT-CBSC-215','A',300),('2016ARJ-8','SUT-CBSC-216','A',300),('2016ARJ-8','SUT-CBSC-217','A',300),('2016ARJ-8','SUT-CBSC-218','A',300),('2016ARJ-8','SUT-CBSC-219','A',300),('2016ARJ-8','SUT-CBSC-220','A',300),('2016ARJ-8','SUT-CBSC-221','A',300),('2016ARJ-8','SUT-CBSC-222','A',300),('2016ARJ-8','SUT-CBSC-223','A',300),('2016ARJ-8','SUT-CBSC-224','A',300),('2016ARJ-8','SUT-CBSC-225','A',300),('2016ARJ-8','SUT-CBSC-226','A',300),('2016ARJ-8','SUT-CBSC-227','A',300),('2016ARJ-8','SUT-CBSC-228','A',300),('2016ARJ-8','SUT-CBSC-229','A',300),('2016ARJ-8','SUT-CBSC-230','A',300),('2016ARJ-8','SUT-CBSC-231','A',300),('2016ARJ-8','SUT-CBSC-232','A',300),('2016ARJ-8','SUT-CBSC-233','A',300),('2016ARJ-8','SUT-CBSC-234','A',300),('2016ARJ-8','SUT-CBSC-235','A',300),('2016ARJ-8','SUT-CBSC-236','A',300),('2016ARJ-8','SUT-CBSC-237','A',300),('2016ARJ-8','SUT-CBSC-238','A',300),('2016ARJ-8','SUT-CBSC-239','A',300),('2016ARJ-8','SUT-CBSC-240','A',300),('2016ARJ-8','SUT-CBSC-241','A',300),('2016ARJ-8','SUT-CBSC-242','A',300),('2016ARJ-8','SUT-CBSC-243','A',300),('2016ARJ-8','SUT-CBSC-244','A',300),('2016ARJ-8','SUT-CBSC-245','A',300),('2016ARJ-8','SUT-CBSC-246','A',300),('2016ARJ-8','SUT-CBSC-247','A',300),('2016ARJ-8','SUT-CBSC-248','A',300),('2016ARJ-8','SUT-CBSC-249','A',300),('2016ARJ-8','SUT-CBSC-250','A',300),('2016ARJ-8','SUT-CBSC-251','A',300),('2016ARJ-8','SUT-CBSC-252','A',300),('2016ARJ-8','SUT-CBSC-253','A',300),('2016ARJ-8','SUT-CBSC-254','A',300),('2016ARJ-8','SUT-CBSC-255','A',300),('2016ARJ-8','SUT-CBSC-256','A',300),('2016ARJ-8','SUT-CBSC-257','A',300),('2016ARJ-8','SUT-CBSC-258','A',300),('2016ARJ-8','SUT-CBSC-259','A',300),('2016ARJ-8','SUT-CBSC-260','A',300),('2016ARJ-8','SUT-CBSC-261','A',300),('2016ARJ-8','SUT-CBSC-262','A',300),('2016ARJ-8','SUT-CBSC-263','A',300),('2016ARJ-8','SUT-CBSC-264','A',300),('2016ARJ-8','SUT-CBSC-265','A',300),('2016ARJ-8','SUT-CBSC-266','A',300),('2016ARJ-8','SUT-CBSC-267','A',300),('2016ARJ-8','SUT-CBSC-268','A',300),('2016ARJ-8','SUT-CBSC-269','A',300),('2016ARJ-8','SUT-CBSC-270','A',300),('2016ARJ-8','SUT-CBSC-271','A',300),('2016ARJ-8','SUT-CBSC-272','A',300),('2016ARJ-8','SUT-CBSC-273','A',300),('2016ARJ-8','SUT-CBSC-274','A',300),('2016ARJ-8','SUT-CBSC-275','A',300),('2016ARJ-8','SUT-CBSC-276','A',300),('2016ARJ-8','SUT-CBSC-277','A',300),('2016ARJ-8','SUT-CBSC-278','A',300),('2016ARJ-8','SUT-CBSC-279','A',300),('2016ARJ-8','SUT-CBSC-280','A',300),('2016ARJ-8','SUT-CBSC-281','A',300),('2016ARJ-8','SUT-CBSC-282','A',300),('2016ARJ-8','SUT-CBSC-283','A',300),('2016ARJ-8','SUT-CBSC-284','A',300),('2016ARJ-8','SUT-CBSC-285','A',300),('2016ARJ-8','SUT-CBSC-286','A',300),('2016ARJ-8','SUT-CBSC-287','A',300),('2016ARJ-8','SUT-CBSC-288','A',300),('2016ARJ-8','SUT-CBSC-289','A',300),('2016ARJ-8','SUT-CBSC-290','A',300),('2016ARJ-8','SUT-CBSC-291','A',300),('2016ARJ-8','SUT-CBSC-292','A',300),('2016ARJ-8','SUT-CBSC-293','A',300),('2016ARJ-8','SUT-CBSC-294','A',300),('2016ARJ-8','SUT-CBSC-295','A',300),('2016ARJ-8','SUT-CBSC-296','A',300),('2016ARJ-8','SUT-CBSC-297','A',300),('2016ARJ-8','SUT-CBSC-298','A',300),('2016ARJ-8','SUT-CBSC-299','A',300),('2016ARJ-8','SUT-CBSC-300','A',300),('2016HAAI-1','SUT-LPP-01','NA',1000),('2016HAAI-1','SUT-LPP-02','NA',1000),('2016HAAI-1','SUT-LPP-03','NA',1000),('2016HAAI-1','SUT-LPP-04','NA',1000),('2016HAAI-1','SUT-LPP-05','A',1000),('2016HAAI-1','SUT-LPP-06','A',1000),('2016HAAI-1','SUT-LPP-07','A',1000),('2016HAAI-1','SUT-LPP-08','A',1000),('2016HAAI-1','SUT-LPP-09','A',1000),('2016HAAI-1','SUT-LPP-10','A',1000),('2016HAAI-1','SUT-LPP-11','A',1000),('2016HAAI-1','SUT-LPP-12','A',1000),('2016HAAI-1','SUT-LPP-13','A',1000),('2016HAAI-1','SUT-LPP-14','A',1000),('2016HAAI-1','SUT-LPP-15','A',1000),('2016HAAI-1','SUT-LPP-16','A',1000),('2016HAAI-1','SUT-LPP-17','A',1000),('2016HAAI-1','SUT-LPP-18','A',1000),('2016HAAI-1','SUT-LPP-19','A',1000),('2016HAAI-1','SUT-LPP-20','A',1000),('2016HAAI-1','SUT-LPP-21','A',1000),('2016HAAI-1','SUT-LPP-22','A',1000),('2016HAAI-1','SUT-LPP-23','A',1000),('2016HAAI-1','SUT-LPP-24','A',1000),('2016HAAI-1','SUT-LPP-25','A',1000),('2016HAAI-1','SUT-LPP-26','A',1000),('2016HAAI-1','SUT-LPP-27','A',1000),('2016HAAI-1','SUT-LPP-28','A',1000),('2016HAAI-1','SUT-LPP-29','A',1000),('2016HAAI-1','SUT-LPP-30','A',1000),('2016HAAI-1','SUT-LPP-31','A',1000),('2016HAAI-1','SUT-LPP-32','A',1000),('2016HAAI-1','SUT-LPP-33','A',1000),('2016HAAI-1','SUT-LPP-34','A',1000),('2016HAAI-1','SUT-LPP-35','A',1000),('2016HAAI-1','SUT-LPP-36','A',1000),('2016HAAI-1','SUT-LPP-37','A',1000),('2016HAAI-1','SUT-LPP-38','A',1000),('2016HAAI-1','SUT-LPP-39','A',1000),('2016HAAI-1','SUT-LPP-40','A',1000),('2016HAAI-1','SUT-LPP-41','A',1000),('2016HAAI-1','SUT-LPP-42','A',1000),('2016HAAI-1','SUT-LPP-43','A',1000),('2016HAAI-1','SUT-LPP-44','A',1000),('2016HAAI-1','SUT-LPP-45','A',1000),('2016HAAI-1','SUT-LPP-46','A',1000),('2016HAAI-1','SUT-LPP-47','A',1000),('2016HAAI-1','SUT-LPP-48','A',1000),('2016HAAI-1','SUT-LPP-49','A',1000),('2016HAAI-1','SUT-LPP-50','A',1000),('2016HAAI-1','SUT-LPP-51','A',1000),('2016HAAI-1','SUT-LPP-52','A',1000),('2016HAAI-1','SUT-LPP-53','A',1000),('2016HAAI-1','SUT-LPP-54','A',1000),('2016HAAI-1','SUT-LPP-55','A',1000),('2016HAAI-1','SUT-LPP-56','A',1000),('2016HAAI-1','SUT-LPP-57','A',1000),('2016HAAI-1','SUT-LPP-58','A',1000),('2016HAAI-1','SUT-LPP-59','A',1000),('2016HAAI-1','SUT-LPP-60','A',1000),('2016HAAI-1','SUT-LPP-61','A',1000),('2016HAAI-1','SUT-LPP-62','A',1000),('2016HAAI-1','SUT-LPP-63','A',1000),('2016HAAI-1','SUT-LPP-64','A',1000),('2016HAAI-1','SUT-LPP-65','A',1000),('2016HAAI-1','SUT-LPP-66','A',1000),('2016HAAI-1','SUT-LPP-67','A',1000),('2016HAAI-1','SUT-LPP-68','A',1000),('2016HAAI-1','SUT-LPP-69','A',1000),('2016HAAI-1','SUT-LPP-70','A',1000),('2016HAAI-1','SUT-LPP-71','A',1000),('2016HAAI-1','SUT-LPP-72','A',1000),('2016HAAI-1','SUT-LPP-73','A',1000),('2016HAAI-1','SUT-LPP-74','A',1000),('2016HAAI-1','SUT-LPP-75','A',1000),('2016HAAI-1','SUT-LPP-76','A',1000),('2016HAAI-1','SUT-LPP-77','A',1000),('2016HAAI-1','SUT-LPP-78','A',1000),('2016HAAI-1','SUT-LPP-79','A',1000),('2016HAAI-1','SUT-LPP-80','A',1000),('2016HAAI-1','SUT-LPP-81','A',1000),('2016HAAI-1','SUT-LPP-82','A',1000),('2016HAAI-1','SUT-LPP-83','A',1000),('2016HAAI-1','SUT-LPP-84','A',1000),('2016HAAI-1','SUT-LPP-85','A',1000),('2016HAAI-1','SUT-LPP-86','A',1000),('2016HAAI-1','SUT-LPP-87','A',1000),('2016HAAI-1','SUT-LPP-88','A',1000),('2016HAAI-1','SUT-LPP-89','A',1000),('2016HAAI-1','SUT-LPP-90','A',1000),('2016HAAI-1','SUT-LPP-91','A',1000),('2016HAAI-1','SUT-LPP-92','A',1000),('2016HAAI-1','SUT-LPP-93','A',1000),('2016HAAI-1','SUT-LPP-94','A',1000),('2016HAAI-1','SUT-LPP-95','A',1000),('2016HAAI-1','SUT-LPP-96','A',1000),('2016HAAI-1','SUT-LPP-97','A',1000),('2016HAAI-1','SUT-LPP-98','A',1000),('2016HAAI-1','SUT-LPP-99','A',1000),('2016HAAI-1','SUT-LPP-100','A',1000),('2016HAAI-1','SUT-LPP-101','A',500),('2016HAAI-1','SUT-LPP-102','A',500),('2016HAAI-1','SUT-LPP-103','A',500),('2016HAAI-1','SUT-LPP-104','A',500),('2016HAAI-1','SUT-LPP-105','A',500),('2016HAAI-1','SUT-LPP-106','A',500),('2016HAAI-1','SUT-LPP-107','A',500),('2016HAAI-1','SUT-LPP-108','A',500),('2016HAAI-1','SUT-LPP-109','A',500),('2016HAAI-1','SUT-LPP-110','A',500),('2016HAAI-1','SUT-LPP-111','A',500),('2016HAAI-1','SUT-LPP-112','A',500),('2016HAAI-1','SUT-LPP-113','A',500),('2016HAAI-1','SUT-LPP-114','A',500),('2016HAAI-1','SUT-LPP-115','A',500),('2016HAAI-1','SUT-LPP-116','A',500),('2016HAAI-1','SUT-LPP-117','A',500),('2016HAAI-1','SUT-LPP-118','A',500),('2016HAAI-1','SUT-LPP-119','A',500),('2016HAAI-1','SUT-LPP-120','A',500),('2016HAAI-1','SUT-LPP-121','A',500),('2016HAAI-1','SUT-LPP-122','A',500),('2016HAAI-1','SUT-LPP-123','A',500),('2016HAAI-1','SUT-LPP-124','A',500),('2016HAAI-1','SUT-LPP-125','A',500),('2016HAAI-1','SUT-LPP-126','A',500),('2016HAAI-1','SUT-LPP-127','A',500),('2016HAAI-1','SUT-LPP-128','A',500),('2016HAAI-1','SUT-LPP-129','A',500),('2016HAAI-1','SUT-LPP-130','A',500),('2016HAAI-1','SUT-LPP-131','A',500),('2016HAAI-1','SUT-LPP-132','A',500),('2016HAAI-1','SUT-LPP-133','A',500),('2016HAAI-1','SUT-LPP-134','A',500),('2016HAAI-1','SUT-LPP-135','A',500),('2016HAAI-1','SUT-LPP-136','A',500),('2016HAAI-1','SUT-LPP-137','A',500),('2016HAAI-1','SUT-LPP-138','A',500),('2016HAAI-1','SUT-LPP-139','A',500),('2016HAAI-1','SUT-LPP-140','A',500),('2016HAAI-1','SUT-LPP-141','A',500),('2016HAAI-1','SUT-LPP-142','A',500),('2016HAAI-1','SUT-LPP-143','A',500),('2016HAAI-1','SUT-LPP-144','A',500),('2016HAAI-1','SUT-LPP-145','A',500),('2016HAAI-1','SUT-LPP-146','A',500),('2016HAAI-1','SUT-LPP-147','A',500),('2016HAAI-1','SUT-LPP-148','A',500),('2016HAAI-1','SUT-LPP-149','A',500),('2016HAAI-1','SUT-LPP-150','A',500),('2016HAAI-1','SUT-LPP-151','A',500),('2016HAAI-1','SUT-LPP-152','A',500),('2016HAAI-1','SUT-LPP-153','A',500),('2016HAAI-1','SUT-LPP-154','A',500),('2016HAAI-1','SUT-LPP-155','A',500),('2016HAAI-1','SUT-LPP-156','A',500),('2016HAAI-1','SUT-LPP-157','A',500),('2016HAAI-1','SUT-LPP-158','A',500),('2016HAAI-1','SUT-LPP-159','A',500),('2016HAAI-1','SUT-LPP-160','A',500),('2016HAAI-1','SUT-LPP-161','A',500),('2016HAAI-1','SUT-LPP-162','A',500),('2016HAAI-1','SUT-LPP-163','A',500),('2016HAAI-1','SUT-LPP-164','A',500),('2016HAAI-1','SUT-LPP-165','A',500),('2016HAAI-1','SUT-LPP-166','A',500),('2016HAAI-1','SUT-LPP-167','A',500),('2016HAAI-1','SUT-LPP-168','A',500),('2016HAAI-1','SUT-LPP-169','A',500),('2016HAAI-1','SUT-LPP-170','A',500),('2016HAAI-1','SUT-LPP-171','A',500),('2016HAAI-1','SUT-LPP-172','A',500),('2016HAAI-1','SUT-LPP-173','A',500),('2016HAAI-1','SUT-LPP-174','A',500),('2016HAAI-1','SUT-LPP-175','A',500),('2016HAAI-1','SUT-LPP-176','A',500),('2016HAAI-1','SUT-LPP-177','A',500),('2016HAAI-1','SUT-LPP-178','A',500),('2016HAAI-1','SUT-LPP-179','A',500),('2016HAAI-1','SUT-LPP-180','A',500),('2016HAAI-1','SUT-LPP-181','A',500),('2016HAAI-1','SUT-LPP-182','A',500),('2016HAAI-1','SUT-LPP-183','A',500),('2016HAAI-1','SUT-LPP-184','A',500),('2016HAAI-1','SUT-LPP-185','A',500),('2016HAAI-1','SUT-LPP-186','A',500),('2016HAAI-1','SUT-LPP-187','A',500),('2016HAAI-1','SUT-LPP-188','A',500),('2016HAAI-1','SUT-LPP-189','A',500),('2016HAAI-1','SUT-LPP-190','A',500),('2016HAAI-1','SUT-LPP-191','A',500),('2016HAAI-1','SUT-LPP-192','A',500),('2016HAAI-1','SUT-LPP-193','A',500),('2016HAAI-1','SUT-LPP-194','A',500),('2016HAAI-1','SUT-LPP-195','A',500),('2016HAAI-1','SUT-LPP-196','A',500),('2016HAAI-1','SUT-LPP-197','A',500),('2016HAAI-1','SUT-LPP-198','A',500),('2016HAAI-1','SUT-LPP-199','A',500),('2016HAAI-1','SUT-LPP-200','A',500),('2016HAAI-1','SUT-LPP-201','A',300),('2016HAAI-1','SUT-LPP-202','A',300),('2016HAAI-1','SUT-LPP-203','A',300),('2016HAAI-1','SUT-LPP-204','A',300),('2016HAAI-1','SUT-LPP-205','A',300),('2016HAAI-1','SUT-LPP-206','A',300),('2016HAAI-1','SUT-LPP-207','A',300),('2016HAAI-1','SUT-LPP-208','A',300),('2016HAAI-1','SUT-LPP-209','A',300),('2016HAAI-1','SUT-LPP-210','A',300),('2016HAAI-1','SUT-LPP-211','A',300),('2016HAAI-1','SUT-LPP-212','A',300),('2016HAAI-1','SUT-LPP-213','A',300),('2016HAAI-1','SUT-LPP-214','A',300),('2016HAAI-1','SUT-LPP-215','A',300),('2016HAAI-1','SUT-LPP-216','A',300),('2016HAAI-1','SUT-LPP-217','A',300),('2016HAAI-1','SUT-LPP-218','A',300),('2016HAAI-1','SUT-LPP-219','A',300),('2016HAAI-1','SUT-LPP-220','A',300),('2016HAAI-1','SUT-LPP-221','A',300),('2016HAAI-1','SUT-LPP-222','A',300),('2016HAAI-1','SUT-LPP-223','A',300),('2016HAAI-1','SUT-LPP-224','A',300),('2016HAAI-1','SUT-LPP-225','A',300),('2016HAAI-1','SUT-LPP-226','A',300),('2016HAAI-1','SUT-LPP-227','A',300),('2016HAAI-1','SUT-LPP-228','A',300),('2016HAAI-1','SUT-LPP-229','A',300),('2016HAAI-1','SUT-LPP-230','A',300),('2016HAAI-1','SUT-LPP-231','A',300),('2016HAAI-1','SUT-LPP-232','A',300),('2016HAAI-1','SUT-LPP-233','A',300),('2016HAAI-1','SUT-LPP-234','A',300),('2016HAAI-1','SUT-LPP-235','A',300),('2016HAAI-1','SUT-LPP-236','A',300),('2016HAAI-1','SUT-LPP-237','A',300),('2016HAAI-1','SUT-LPP-238','A',300),('2016HAAI-1','SUT-LPP-239','A',300),('2016HAAI-1','SUT-LPP-240','A',300),('2016HAAI-1','SUT-LPP-241','A',300),('2016HAAI-1','SUT-LPP-242','A',300),('2016HAAI-1','SUT-LPP-243','A',300),('2016HAAI-1','SUT-LPP-244','A',300),('2016HAAI-1','SUT-LPP-245','A',300),('2016HAAI-1','SUT-LPP-246','A',300),('2016HAAI-1','SUT-LPP-247','A',300),('2016HAAI-1','SUT-LPP-248','A',300),('2016HAAI-1','SUT-LPP-249','A',300),('2016HAAI-1','SUT-LPP-250','A',300),('2016HAAI-1','SUT-LPP-251','A',300),('2016HAAI-1','SUT-LPP-252','A',300),('2016HAAI-1','SUT-LPP-253','A',300),('2016HAAI-1','SUT-LPP-254','A',300),('2016HAAI-1','SUT-LPP-255','A',300),('2016HAAI-1','SUT-LPP-256','A',300),('2016HAAI-1','SUT-LPP-257','A',300),('2016HAAI-1','SUT-LPP-258','A',300),('2016HAAI-1','SUT-LPP-259','A',300),('2016HAAI-1','SUT-LPP-260','A',300),('2016HAAI-1','SUT-LPP-261','A',300),('2016HAAI-1','SUT-LPP-262','A',300),('2016HAAI-1','SUT-LPP-263','A',300),('2016HAAI-1','SUT-LPP-264','A',300),('2016HAAI-1','SUT-LPP-265','A',300),('2016HAAI-1','SUT-LPP-266','A',300),('2016HAAI-1','SUT-LPP-267','A',300),('2016HAAI-1','SUT-LPP-268','A',300),('2016HAAI-1','SUT-LPP-269','A',300),('2016HAAI-1','SUT-LPP-270','A',300),('2016HAAI-1','SUT-LPP-271','A',300),('2016HAAI-1','SUT-LPP-272','A',300),('2016HAAI-1','SUT-LPP-273','A',300),('2016HAAI-1','SUT-LPP-274','A',300),('2016HAAI-1','SUT-LPP-275','A',300),('2016HAAI-1','SUT-LPP-276','A',300),('2016HAAI-1','SUT-LPP-277','A',300),('2016HAAI-1','SUT-LPP-278','A',300),('2016HAAI-1','SUT-LPP-279','A',300),('2016HAAI-1','SUT-LPP-280','A',300),('2016HAAI-1','SUT-LPP-281','A',300),('2016HAAI-1','SUT-LPP-282','A',300),('2016HAAI-1','SUT-LPP-283','A',300),('2016HAAI-1','SUT-LPP-284','A',300),('2016HAAI-1','SUT-LPP-285','A',300),('2016HAAI-1','SUT-LPP-286','A',300),('2016HAAI-1','SUT-LPP-287','A',300),('2016HAAI-1','SUT-LPP-288','A',300),('2016HAAI-1','SUT-LPP-289','A',300),('2016HAAI-1','SUT-LPP-290','A',300),('2016HAAI-1','SUT-LPP-291','A',300),('2016HAAI-1','SUT-LPP-292','A',300),('2016HAAI-1','SUT-LPP-293','A',300),('2016HAAI-1','SUT-LPP-294','A',300),('2016HAAI-1','SUT-LPP-295','A',300),('2016HAAI-1','SUT-LPP-296','A',300),('2016HAAI-1','SUT-LPP-297','A',300),('2016HAAI-1','SUT-LPP-298','A',300),('2016HAAI-1','SUT-LPP-299','A',300),('2016HAAI-1','SUT-LPP-300','A',300),('2016CS-1','SUT-LPP-01','NA',700),('2016CS-1','SUT-LPP-02','NA',700),('2016CS-1','SUT-LPP-03','NA',700),('2016CS-1','SUT-LPP-04','NA',700),('2016CS-1','SUT-LPP-05','A',700),('2016CS-1','SUT-LPP-06','A',700),('2016CS-1','SUT-LPP-07','A',700),('2016CS-1','SUT-LPP-08','A',700),('2016CS-1','SUT-LPP-09','A',700),('2016CS-1','SUT-LPP-10','A',700),('2016CS-1','SUT-LPP-11','A',700),('2016CS-1','SUT-LPP-12','A',700),('2016CS-1','SUT-LPP-13','A',700),('2016CS-1','SUT-LPP-14','A',700),('2016CS-1','SUT-LPP-15','A',700),('2016CS-1','SUT-LPP-16','A',700),('2016CS-1','SUT-LPP-17','A',700),('2016CS-1','SUT-LPP-18','A',700),('2016CS-1','SUT-LPP-19','A',700),('2016CS-1','SUT-LPP-20','A',700),('2016CS-1','SUT-LPP-21','A',700),('2016CS-1','SUT-LPP-22','A',700),('2016CS-1','SUT-LPP-23','A',700),('2016CS-1','SUT-LPP-24','A',700),('2016CS-1','SUT-LPP-25','A',700),('2016CS-1','SUT-LPP-26','A',700),('2016CS-1','SUT-LPP-27','A',700),('2016CS-1','SUT-LPP-28','A',700),('2016CS-1','SUT-LPP-29','A',700),('2016CS-1','SUT-LPP-30','A',700),('2016CS-1','SUT-LPP-31','A',700),('2016CS-1','SUT-LPP-32','A',700),('2016CS-1','SUT-LPP-33','A',700),('2016CS-1','SUT-LPP-34','A',700),('2016CS-1','SUT-LPP-35','A',700),('2016CS-1','SUT-LPP-36','A',700),('2016CS-1','SUT-LPP-37','A',700),('2016CS-1','SUT-LPP-38','A',700),('2016CS-1','SUT-LPP-39','A',700),('2016CS-1','SUT-LPP-40','A',700),('2016CS-1','SUT-LPP-41','A',700),('2016CS-1','SUT-LPP-42','A',700),('2016CS-1','SUT-LPP-43','A',700),('2016CS-1','SUT-LPP-44','A',700),('2016CS-1','SUT-LPP-45','A',700),('2016CS-1','SUT-LPP-46','A',700),('2016CS-1','SUT-LPP-47','A',700),('2016CS-1','SUT-LPP-48','A',700),('2016CS-1','SUT-LPP-49','A',700),('2016CS-1','SUT-LPP-50','A',700),('2016CS-1','SUT-LPP-51','A',700),('2016CS-1','SUT-LPP-52','A',700),('2016CS-1','SUT-LPP-53','A',700),('2016CS-1','SUT-LPP-54','A',700),('2016CS-1','SUT-LPP-55','A',700),('2016CS-1','SUT-LPP-56','A',700),('2016CS-1','SUT-LPP-57','A',700),('2016CS-1','SUT-LPP-58','A',700),('2016CS-1','SUT-LPP-59','A',700),('2016CS-1','SUT-LPP-60','A',700),('2016CS-1','SUT-LPP-61','A',700),('2016CS-1','SUT-LPP-62','A',700),('2016CS-1','SUT-LPP-63','A',700),('2016CS-1','SUT-LPP-64','A',700),('2016CS-1','SUT-LPP-65','A',700),('2016CS-1','SUT-LPP-66','A',700),('2016CS-1','SUT-LPP-67','A',700),('2016CS-1','SUT-LPP-68','A',700),('2016CS-1','SUT-LPP-69','A',700),('2016CS-1','SUT-LPP-70','A',700),('2016CS-1','SUT-LPP-71','A',700),('2016CS-1','SUT-LPP-72','A',700),('2016CS-1','SUT-LPP-73','A',700),('2016CS-1','SUT-LPP-74','A',700),('2016CS-1','SUT-LPP-75','A',700),('2016CS-1','SUT-LPP-76','A',700),('2016CS-1','SUT-LPP-77','A',700),('2016CS-1','SUT-LPP-78','A',700),('2016CS-1','SUT-LPP-79','A',700),('2016CS-1','SUT-LPP-80','A',700),('2016CS-1','SUT-LPP-81','A',700),('2016CS-1','SUT-LPP-82','A',700),('2016CS-1','SUT-LPP-83','A',700),('2016CS-1','SUT-LPP-84','A',700),('2016CS-1','SUT-LPP-85','A',700),('2016CS-1','SUT-LPP-86','A',700),('2016CS-1','SUT-LPP-87','A',700),('2016CS-1','SUT-LPP-88','A',700),('2016CS-1','SUT-LPP-89','A',700),('2016CS-1','SUT-LPP-90','A',700),('2016CS-1','SUT-LPP-91','A',700),('2016CS-1','SUT-LPP-92','A',700),('2016CS-1','SUT-LPP-93','A',700),('2016CS-1','SUT-LPP-94','A',700),('2016CS-1','SUT-LPP-95','A',700),('2016CS-1','SUT-LPP-96','A',700),('2016CS-1','SUT-LPP-97','A',700),('2016CS-1','SUT-LPP-98','A',700),('2016CS-1','SUT-LPP-99','A',700),('2016CS-1','SUT-LPP-100','A',700),('2016CS-1','SUT-LPP-101','A',400),('2016CS-1','SUT-LPP-102','A',400),('2016CS-1','SUT-LPP-103','A',400),('2016CS-1','SUT-LPP-104','A',400),('2016CS-1','SUT-LPP-105','A',400),('2016CS-1','SUT-LPP-106','A',400),('2016CS-1','SUT-LPP-107','A',400),('2016CS-1','SUT-LPP-108','A',400),('2016CS-1','SUT-LPP-109','A',400),('2016CS-1','SUT-LPP-110','A',400),('2016CS-1','SUT-LPP-111','A',400),('2016CS-1','SUT-LPP-112','A',400),('2016CS-1','SUT-LPP-113','A',400),('2016CS-1','SUT-LPP-114','A',400),('2016CS-1','SUT-LPP-115','A',400),('2016CS-1','SUT-LPP-116','A',400),('2016CS-1','SUT-LPP-117','A',400),('2016CS-1','SUT-LPP-118','A',400),('2016CS-1','SUT-LPP-119','A',400),('2016CS-1','SUT-LPP-120','A',400),('2016CS-1','SUT-LPP-121','A',400),('2016CS-1','SUT-LPP-122','A',400),('2016CS-1','SUT-LPP-123','A',400),('2016CS-1','SUT-LPP-124','A',400),('2016CS-1','SUT-LPP-125','A',400),('2016CS-1','SUT-LPP-126','A',400),('2016CS-1','SUT-LPP-127','A',400),('2016CS-1','SUT-LPP-128','A',400),('2016CS-1','SUT-LPP-129','A',400),('2016CS-1','SUT-LPP-130','A',400),('2016CS-1','SUT-LPP-131','A',400),('2016CS-1','SUT-LPP-132','A',400),('2016CS-1','SUT-LPP-133','A',400),('2016CS-1','SUT-LPP-134','A',400),('2016CS-1','SUT-LPP-135','A',400),('2016CS-1','SUT-LPP-136','A',400),('2016CS-1','SUT-LPP-137','A',400),('2016CS-1','SUT-LPP-138','A',400),('2016CS-1','SUT-LPP-139','A',400),('2016CS-1','SUT-LPP-140','A',400),('2016CS-1','SUT-LPP-141','A',400),('2016CS-1','SUT-LPP-142','A',400),('2016CS-1','SUT-LPP-143','A',400),('2016CS-1','SUT-LPP-144','A',400),('2016CS-1','SUT-LPP-145','A',400),('2016CS-1','SUT-LPP-146','A',400),('2016CS-1','SUT-LPP-147','A',400),('2016CS-1','SUT-LPP-148','A',400),('2016CS-1','SUT-LPP-149','A',400),('2016CS-1','SUT-LPP-150','A',400),('2016CS-1','SUT-LPP-151','A',400),('2016CS-1','SUT-LPP-152','A',400),('2016CS-1','SUT-LPP-153','A',400),('2016CS-1','SUT-LPP-154','A',400),('2016CS-1','SUT-LPP-155','A',400),('2016CS-1','SUT-LPP-156','A',400),('2016CS-1','SUT-LPP-157','A',400),('2016CS-1','SUT-LPP-158','A',400),('2016CS-1','SUT-LPP-159','A',400),('2016CS-1','SUT-LPP-160','A',400),('2016CS-1','SUT-LPP-161','A',400),('2016CS-1','SUT-LPP-162','A',400),('2016CS-1','SUT-LPP-163','A',400),('2016CS-1','SUT-LPP-164','A',400),('2016CS-1','SUT-LPP-165','A',400),('2016CS-1','SUT-LPP-166','A',400),('2016CS-1','SUT-LPP-167','A',400),('2016CS-1','SUT-LPP-168','A',400),('2016CS-1','SUT-LPP-169','A',400),('2016CS-1','SUT-LPP-170','A',400),('2016CS-1','SUT-LPP-171','A',400),('2016CS-1','SUT-LPP-172','A',400),('2016CS-1','SUT-LPP-173','A',400),('2016CS-1','SUT-LPP-174','A',400),('2016CS-1','SUT-LPP-175','A',400),('2016CS-1','SUT-LPP-176','A',400),('2016CS-1','SUT-LPP-177','A',400),('2016CS-1','SUT-LPP-178','A',400),('2016CS-1','SUT-LPP-179','A',400),('2016CS-1','SUT-LPP-180','A',400),('2016CS-1','SUT-LPP-181','A',400),('2016CS-1','SUT-LPP-182','A',400),('2016CS-1','SUT-LPP-183','A',400),('2016CS-1','SUT-LPP-184','A',400),('2016CS-1','SUT-LPP-185','A',400),('2016CS-1','SUT-LPP-186','A',400),('2016CS-1','SUT-LPP-187','A',400),('2016CS-1','SUT-LPP-188','A',400),('2016CS-1','SUT-LPP-189','A',400),('2016CS-1','SUT-LPP-190','A',400),('2016CS-1','SUT-LPP-191','A',400),('2016CS-1','SUT-LPP-192','A',400),('2016CS-1','SUT-LPP-193','A',400),('2016CS-1','SUT-LPP-194','A',400),('2016CS-1','SUT-LPP-195','A',400),('2016CS-1','SUT-LPP-196','A',400),('2016CS-1','SUT-LPP-197','A',400),('2016CS-1','SUT-LPP-198','A',400),('2016CS-1','SUT-LPP-199','A',400),('2016CS-1','SUT-LPP-200','A',400),('2016CS-1','SUT-LPP-201','A',200),('2016CS-1','SUT-LPP-202','A',200),('2016CS-1','SUT-LPP-203','A',200),('2016CS-1','SUT-LPP-204','A',200),('2016CS-1','SUT-LPP-205','A',200),('2016CS-1','SUT-LPP-206','A',200),('2016CS-1','SUT-LPP-207','A',200),('2016CS-1','SUT-LPP-208','A',200),('2016CS-1','SUT-LPP-209','A',200),('2016CS-1','SUT-LPP-210','A',200),('2016CS-1','SUT-LPP-211','A',200),('2016CS-1','SUT-LPP-212','A',200),('2016CS-1','SUT-LPP-213','A',200),('2016CS-1','SUT-LPP-214','A',200),('2016CS-1','SUT-LPP-215','A',200),('2016CS-1','SUT-LPP-216','A',200),('2016CS-1','SUT-LPP-217','A',200),('2016CS-1','SUT-LPP-218','A',200),('2016CS-1','SUT-LPP-219','A',200),('2016CS-1','SUT-LPP-220','A',200),('2016CS-1','SUT-LPP-221','A',200),('2016CS-1','SUT-LPP-222','A',200),('2016CS-1','SUT-LPP-223','A',200),('2016CS-1','SUT-LPP-224','A',200),('2016CS-1','SUT-LPP-225','A',200),('2016CS-1','SUT-LPP-226','A',200),('2016CS-1','SUT-LPP-227','A',200),('2016CS-1','SUT-LPP-228','A',200),('2016CS-1','SUT-LPP-229','A',200),('2016CS-1','SUT-LPP-230','A',200),('2016CS-1','SUT-LPP-231','A',200),('2016CS-1','SUT-LPP-232','A',200),('2016CS-1','SUT-LPP-233','A',200),('2016CS-1','SUT-LPP-234','A',200),('2016CS-1','SUT-LPP-235','A',200),('2016CS-1','SUT-LPP-236','A',200),('2016CS-1','SUT-LPP-237','A',200),('2016CS-1','SUT-LPP-238','A',200),('2016CS-1','SUT-LPP-239','A',200),('2016CS-1','SUT-LPP-240','A',200),('2016CS-1','SUT-LPP-241','A',200),('2016CS-1','SUT-LPP-242','A',200),('2016CS-1','SUT-LPP-243','A',200),('2016CS-1','SUT-LPP-244','A',200),('2016CS-1','SUT-LPP-245','A',200),('2016CS-1','SUT-LPP-246','A',200),('2016CS-1','SUT-LPP-247','A',200),('2016CS-1','SUT-LPP-248','A',200),('2016CS-1','SUT-LPP-249','A',200),('2016CS-1','SUT-LPP-250','A',200),('2016CS-1','SUT-LPP-251','A',200),('2016CS-1','SUT-LPP-252','A',200),('2016CS-1','SUT-LPP-253','A',200),('2016CS-1','SUT-LPP-254','A',200),('2016CS-1','SUT-LPP-255','A',200),('2016CS-1','SUT-LPP-256','A',200),('2016CS-1','SUT-LPP-257','A',200),('2016CS-1','SUT-LPP-258','A',200),('2016CS-1','SUT-LPP-259','A',200),('2016CS-1','SUT-LPP-260','A',200),('2016CS-1','SUT-LPP-261','A',200),('2016CS-1','SUT-LPP-262','A',200),('2016CS-1','SUT-LPP-263','A',200),('2016CS-1','SUT-LPP-264','A',200),('2016CS-1','SUT-LPP-265','A',200),('2016CS-1','SUT-LPP-266','A',200),('2016CS-1','SUT-LPP-267','A',200),('2016CS-1','SUT-LPP-268','A',200),('2016CS-1','SUT-LPP-269','A',200),('2016CS-1','SUT-LPP-270','A',200),('2016CS-1','SUT-LPP-271','A',200),('2016CS-1','SUT-LPP-272','A',200),('2016CS-1','SUT-LPP-273','A',200),('2016CS-1','SUT-LPP-274','A',200),('2016CS-1','SUT-LPP-275','A',200),('2016CS-1','SUT-LPP-276','A',200),('2016CS-1','SUT-LPP-277','A',200),('2016CS-1','SUT-LPP-278','A',200),('2016CS-1','SUT-LPP-279','A',200),('2016CS-1','SUT-LPP-280','A',200),('2016CS-1','SUT-LPP-281','A',200),('2016CS-1','SUT-LPP-282','A',200),('2016CS-1','SUT-LPP-283','A',200),('2016CS-1','SUT-LPP-284','A',200),('2016CS-1','SUT-LPP-285','A',200),('2016CS-1','SUT-LPP-286','A',200),('2016CS-1','SUT-LPP-287','A',200),('2016CS-1','SUT-LPP-288','A',200),('2016CS-1','SUT-LPP-289','A',200),('2016CS-1','SUT-LPP-290','A',200),('2016CS-1','SUT-LPP-291','A',200),('2016CS-1','SUT-LPP-292','A',200),('2016CS-1','SUT-LPP-293','A',200),('2016CS-1','SUT-LPP-294','A',200),('2016CS-1','SUT-LPP-295','A',200),('2016CS-1','SUT-LPP-296','A',200),('2016CS-1','SUT-LPP-297','A',200),('2016CS-1','SUT-LPP-298','A',200),('2016CS-1','SUT-LPP-299','A',200),('2016CS-1','SUT-LPP-300','A',200),('2016GA-1','SUT-LPP-01','NA',800),('2016GA-1','SUT-LPP-02','NA',800),('2016GA-1','SUT-LPP-03','NA',800),('2016GA-1','SUT-LPP-04','NA',800),('2016GA-1','SUT-LPP-05','A',800),('2016GA-1','SUT-LPP-06','A',800),('2016GA-1','SUT-LPP-07','A',800),('2016GA-1','SUT-LPP-08','A',800),('2016GA-1','SUT-LPP-09','A',800),('2016GA-1','SUT-LPP-10','A',800),('2016GA-1','SUT-LPP-11','A',800),('2016GA-1','SUT-LPP-12','A',800),('2016GA-1','SUT-LPP-13','A',800),('2016GA-1','SUT-LPP-14','A',800),('2016GA-1','SUT-LPP-15','A',800),('2016GA-1','SUT-LPP-16','A',800),('2016GA-1','SUT-LPP-17','A',800),('2016GA-1','SUT-LPP-18','A',800),('2016GA-1','SUT-LPP-19','A',800),('2016GA-1','SUT-LPP-20','A',800),('2016GA-1','SUT-LPP-21','A',800),('2016GA-1','SUT-LPP-22','A',800),('2016GA-1','SUT-LPP-23','A',800),('2016GA-1','SUT-LPP-24','A',800),('2016GA-1','SUT-LPP-25','A',800),('2016GA-1','SUT-LPP-26','A',800),('2016GA-1','SUT-LPP-27','A',800),('2016GA-1','SUT-LPP-28','A',800),('2016GA-1','SUT-LPP-29','A',800),('2016GA-1','SUT-LPP-30','A',800),('2016GA-1','SUT-LPP-31','A',800),('2016GA-1','SUT-LPP-32','A',800),('2016GA-1','SUT-LPP-33','A',800),('2016GA-1','SUT-LPP-34','A',800),('2016GA-1','SUT-LPP-35','A',800),('2016GA-1','SUT-LPP-36','A',800),('2016GA-1','SUT-LPP-37','A',800),('2016GA-1','SUT-LPP-38','A',800),('2016GA-1','SUT-LPP-39','A',800),('2016GA-1','SUT-LPP-40','A',800),('2016GA-1','SUT-LPP-41','A',800),('2016GA-1','SUT-LPP-42','A',800),('2016GA-1','SUT-LPP-43','A',800),('2016GA-1','SUT-LPP-44','A',800),('2016GA-1','SUT-LPP-45','A',800),('2016GA-1','SUT-LPP-46','A',800),('2016GA-1','SUT-LPP-47','A',800),('2016GA-1','SUT-LPP-48','A',800),('2016GA-1','SUT-LPP-49','A',800),('2016GA-1','SUT-LPP-50','A',800),('2016GA-1','SUT-LPP-51','A',800),('2016GA-1','SUT-LPP-52','A',800),('2016GA-1','SUT-LPP-53','A',800),('2016GA-1','SUT-LPP-54','A',800),('2016GA-1','SUT-LPP-55','A',800),('2016GA-1','SUT-LPP-56','A',800),('2016GA-1','SUT-LPP-57','A',800),('2016GA-1','SUT-LPP-58','A',800),('2016GA-1','SUT-LPP-59','A',800),('2016GA-1','SUT-LPP-60','A',800),('2016GA-1','SUT-LPP-61','A',800),('2016GA-1','SUT-LPP-62','A',800),('2016GA-1','SUT-LPP-63','A',800),('2016GA-1','SUT-LPP-64','A',800),('2016GA-1','SUT-LPP-65','A',800),('2016GA-1','SUT-LPP-66','A',800),('2016GA-1','SUT-LPP-67','A',800),('2016GA-1','SUT-LPP-68','A',800),('2016GA-1','SUT-LPP-69','A',800),('2016GA-1','SUT-LPP-70','A',800),('2016GA-1','SUT-LPP-71','A',800),('2016GA-1','SUT-LPP-72','A',800),('2016GA-1','SUT-LPP-73','A',800),('2016GA-1','SUT-LPP-74','A',800),('2016GA-1','SUT-LPP-75','A',800),('2016GA-1','SUT-LPP-76','A',800),('2016GA-1','SUT-LPP-77','A',800),('2016GA-1','SUT-LPP-78','A',800),('2016GA-1','SUT-LPP-79','A',800),('2016GA-1','SUT-LPP-80','A',800),('2016GA-1','SUT-LPP-81','A',800),('2016GA-1','SUT-LPP-82','A',800),('2016GA-1','SUT-LPP-83','A',800),('2016GA-1','SUT-LPP-84','A',800),('2016GA-1','SUT-LPP-85','A',800),('2016GA-1','SUT-LPP-86','A',800),('2016GA-1','SUT-LPP-87','A',800),('2016GA-1','SUT-LPP-88','A',800),('2016GA-1','SUT-LPP-89','A',800),('2016GA-1','SUT-LPP-90','A',800),('2016GA-1','SUT-LPP-91','A',800),('2016GA-1','SUT-LPP-92','A',800),('2016GA-1','SUT-LPP-93','A',800),('2016GA-1','SUT-LPP-94','A',800),('2016GA-1','SUT-LPP-95','A',800),('2016GA-1','SUT-LPP-96','A',800),('2016GA-1','SUT-LPP-97','A',800),('2016GA-1','SUT-LPP-98','A',800),('2016GA-1','SUT-LPP-99','A',800),('2016GA-1','SUT-LPP-100','A',800),('2016GA-1','SUT-LPP-101','A',500),('2016GA-1','SUT-LPP-102','A',500),('2016GA-1','SUT-LPP-103','A',500),('2016GA-1','SUT-LPP-104','A',500),('2016GA-1','SUT-LPP-105','A',500),('2016GA-1','SUT-LPP-106','A',500),('2016GA-1','SUT-LPP-107','A',500),('2016GA-1','SUT-LPP-108','A',500),('2016GA-1','SUT-LPP-109','A',500),('2016GA-1','SUT-LPP-110','A',500),('2016GA-1','SUT-LPP-111','A',500),('2016GA-1','SUT-LPP-112','A',500),('2016GA-1','SUT-LPP-113','A',500),('2016GA-1','SUT-LPP-114','A',500),('2016GA-1','SUT-LPP-115','A',500),('2016GA-1','SUT-LPP-116','A',500),('2016GA-1','SUT-LPP-117','A',500),('2016GA-1','SUT-LPP-118','A',500),('2016GA-1','SUT-LPP-119','A',500),('2016GA-1','SUT-LPP-120','A',500),('2016GA-1','SUT-LPP-121','A',500),('2016GA-1','SUT-LPP-122','A',500),('2016GA-1','SUT-LPP-123','A',500),('2016GA-1','SUT-LPP-124','A',500),('2016GA-1','SUT-LPP-125','A',500),('2016GA-1','SUT-LPP-126','A',500),('2016GA-1','SUT-LPP-127','A',500),('2016GA-1','SUT-LPP-128','A',500),('2016GA-1','SUT-LPP-129','A',500),('2016GA-1','SUT-LPP-130','A',500),('2016GA-1','SUT-LPP-131','A',500),('2016GA-1','SUT-LPP-132','A',500),('2016GA-1','SUT-LPP-133','A',500),('2016GA-1','SUT-LPP-134','A',500),('2016GA-1','SUT-LPP-135','A',500),('2016GA-1','SUT-LPP-136','A',500),('2016GA-1','SUT-LPP-137','A',500),('2016GA-1','SUT-LPP-138','A',500),('2016GA-1','SUT-LPP-139','A',500),('2016GA-1','SUT-LPP-140','A',500),('2016GA-1','SUT-LPP-141','A',500),('2016GA-1','SUT-LPP-142','A',500),('2016GA-1','SUT-LPP-143','A',500),('2016GA-1','SUT-LPP-144','A',500),('2016GA-1','SUT-LPP-145','A',500),('2016GA-1','SUT-LPP-146','A',500),('2016GA-1','SUT-LPP-147','A',500),('2016GA-1','SUT-LPP-148','A',500),('2016GA-1','SUT-LPP-149','A',500),('2016GA-1','SUT-LPP-150','A',500),('2016GA-1','SUT-LPP-151','A',500),('2016GA-1','SUT-LPP-152','A',500),('2016GA-1','SUT-LPP-153','A',500),('2016GA-1','SUT-LPP-154','A',500),('2016GA-1','SUT-LPP-155','A',500),('2016GA-1','SUT-LPP-156','A',500),('2016GA-1','SUT-LPP-157','A',500),('2016GA-1','SUT-LPP-158','A',500),('2016GA-1','SUT-LPP-159','A',500),('2016GA-1','SUT-LPP-160','A',500),('2016GA-1','SUT-LPP-161','A',500),('2016GA-1','SUT-LPP-162','A',500),('2016GA-1','SUT-LPP-163','A',500),('2016GA-1','SUT-LPP-164','A',500),('2016GA-1','SUT-LPP-165','A',500),('2016GA-1','SUT-LPP-166','A',500),('2016GA-1','SUT-LPP-167','A',500),('2016GA-1','SUT-LPP-168','A',500),('2016GA-1','SUT-LPP-169','A',500),('2016GA-1','SUT-LPP-170','A',500),('2016GA-1','SUT-LPP-171','A',500),('2016GA-1','SUT-LPP-172','A',500),('2016GA-1','SUT-LPP-173','A',500),('2016GA-1','SUT-LPP-174','A',500),('2016GA-1','SUT-LPP-175','A',500),('2016GA-1','SUT-LPP-176','A',500),('2016GA-1','SUT-LPP-177','A',500),('2016GA-1','SUT-LPP-178','A',500),('2016GA-1','SUT-LPP-179','A',500),('2016GA-1','SUT-LPP-180','A',500),('2016GA-1','SUT-LPP-181','A',500),('2016GA-1','SUT-LPP-182','A',500),('2016GA-1','SUT-LPP-183','A',500),('2016GA-1','SUT-LPP-184','A',500),('2016GA-1','SUT-LPP-185','A',500),('2016GA-1','SUT-LPP-186','A',500),('2016GA-1','SUT-LPP-187','A',500),('2016GA-1','SUT-LPP-188','A',500),('2016GA-1','SUT-LPP-189','A',500),('2016GA-1','SUT-LPP-190','A',500),('2016GA-1','SUT-LPP-191','A',500),('2016GA-1','SUT-LPP-192','A',500),('2016GA-1','SUT-LPP-193','A',500),('2016GA-1','SUT-LPP-194','A',500),('2016GA-1','SUT-LPP-195','A',500),('2016GA-1','SUT-LPP-196','A',500),('2016GA-1','SUT-LPP-197','A',500),('2016GA-1','SUT-LPP-198','A',500),('2016GA-1','SUT-LPP-199','A',500),('2016GA-1','SUT-LPP-200','A',500),('2016GA-1','SUT-LPP-201','A',300),('2016GA-1','SUT-LPP-202','A',300),('2016GA-1','SUT-LPP-203','A',300),('2016GA-1','SUT-LPP-204','A',300),('2016GA-1','SUT-LPP-205','A',300),('2016GA-1','SUT-LPP-206','A',300),('2016GA-1','SUT-LPP-207','A',300),('2016GA-1','SUT-LPP-208','A',300),('2016GA-1','SUT-LPP-209','A',300),('2016GA-1','SUT-LPP-210','A',300),('2016GA-1','SUT-LPP-211','A',300),('2016GA-1','SUT-LPP-212','A',300),('2016GA-1','SUT-LPP-213','A',300),('2016GA-1','SUT-LPP-214','A',300),('2016GA-1','SUT-LPP-215','A',300),('2016GA-1','SUT-LPP-216','A',300),('2016GA-1','SUT-LPP-217','A',300),('2016GA-1','SUT-LPP-218','A',300),('2016GA-1','SUT-LPP-219','A',300),('2016GA-1','SUT-LPP-220','A',300),('2016GA-1','SUT-LPP-221','A',300),('2016GA-1','SUT-LPP-222','A',300),('2016GA-1','SUT-LPP-223','A',300),('2016GA-1','SUT-LPP-224','A',300),('2016GA-1','SUT-LPP-225','A',300),('2016GA-1','SUT-LPP-226','A',300),('2016GA-1','SUT-LPP-227','A',300),('2016GA-1','SUT-LPP-228','A',300),('2016GA-1','SUT-LPP-229','A',300),('2016GA-1','SUT-LPP-230','A',300),('2016GA-1','SUT-LPP-231','A',300),('2016GA-1','SUT-LPP-232','A',300),('2016GA-1','SUT-LPP-233','A',300),('2016GA-1','SUT-LPP-234','A',300),('2016GA-1','SUT-LPP-235','A',300),('2016GA-1','SUT-LPP-236','A',300),('2016GA-1','SUT-LPP-237','A',300),('2016GA-1','SUT-LPP-238','A',300),('2016GA-1','SUT-LPP-239','A',300),('2016GA-1','SUT-LPP-240','A',300),('2016GA-1','SUT-LPP-241','A',300),('2016GA-1','SUT-LPP-242','A',300),('2016GA-1','SUT-LPP-243','A',300),('2016GA-1','SUT-LPP-244','A',300),('2016GA-1','SUT-LPP-245','A',300),('2016GA-1','SUT-LPP-246','A',300),('2016GA-1','SUT-LPP-247','A',300),('2016GA-1','SUT-LPP-248','A',300),('2016GA-1','SUT-LPP-249','A',300),('2016GA-1','SUT-LPP-250','A',300),('2016GA-1','SUT-LPP-251','A',300),('2016GA-1','SUT-LPP-252','A',300),('2016GA-1','SUT-LPP-253','A',300),('2016GA-1','SUT-LPP-254','A',300),('2016GA-1','SUT-LPP-255','A',300),('2016GA-1','SUT-LPP-256','A',300),('2016GA-1','SUT-LPP-257','A',300),('2016GA-1','SUT-LPP-258','A',300),('2016GA-1','SUT-LPP-259','A',300),('2016GA-1','SUT-LPP-260','A',300),('2016GA-1','SUT-LPP-261','A',300),('2016GA-1','SUT-LPP-262','A',300),('2016GA-1','SUT-LPP-263','A',300),('2016GA-1','SUT-LPP-264','A',300),('2016GA-1','SUT-LPP-265','A',300),('2016GA-1','SUT-LPP-266','A',300),('2016GA-1','SUT-LPP-267','A',300),('2016GA-1','SUT-LPP-268','A',300),('2016GA-1','SUT-LPP-269','A',300),('2016GA-1','SUT-LPP-270','A',300),('2016GA-1','SUT-LPP-271','A',300),('2016GA-1','SUT-LPP-272','A',300),('2016GA-1','SUT-LPP-273','A',300),('2016GA-1','SUT-LPP-274','A',300),('2016GA-1','SUT-LPP-275','A',300),('2016GA-1','SUT-LPP-276','A',300),('2016GA-1','SUT-LPP-277','A',300),('2016GA-1','SUT-LPP-278','A',300),('2016GA-1','SUT-LPP-279','A',300),('2016GA-1','SUT-LPP-280','A',300),('2016GA-1','SUT-LPP-281','A',300),('2016GA-1','SUT-LPP-282','A',300),('2016GA-1','SUT-LPP-283','A',300),('2016GA-1','SUT-LPP-284','A',300),('2016GA-1','SUT-LPP-285','A',300),('2016GA-1','SUT-LPP-286','A',300),('2016GA-1','SUT-LPP-287','A',300),('2016GA-1','SUT-LPP-288','A',300),('2016GA-1','SUT-LPP-289','A',300),('2016GA-1','SUT-LPP-290','A',300),('2016GA-1','SUT-LPP-291','A',300),('2016GA-1','SUT-LPP-292','A',300),('2016GA-1','SUT-LPP-293','A',300),('2016GA-1','SUT-LPP-294','A',300),('2016GA-1','SUT-LPP-295','A',300),('2016GA-1','SUT-LPP-296','A',300),('2016GA-1','SUT-LPP-297','A',300),('2016GA-1','SUT-LPP-298','A',300),('2016GA-1','SUT-LPP-299','A',300),('2016GA-1','SUT-LPP-300','A',300),('2016SB-1','SUT-LPP-01','NA',700),('2016SB-1','SUT-LPP-02','NA',700),('2016SB-1','SUT-LPP-03','NA',700),('2016SB-1','SUT-LPP-04','NA',700),('2016SB-1','SUT-LPP-05','A',700),('2016SB-1','SUT-LPP-06','A',700),('2016SB-1','SUT-LPP-07','A',700),('2016SB-1','SUT-LPP-08','A',700),('2016SB-1','SUT-LPP-09','A',700),('2016SB-1','SUT-LPP-10','A',700),('2016SB-1','SUT-LPP-11','A',700),('2016SB-1','SUT-LPP-12','A',700),('2016SB-1','SUT-LPP-13','A',700),('2016SB-1','SUT-LPP-14','A',700),('2016SB-1','SUT-LPP-15','A',700),('2016SB-1','SUT-LPP-16','A',700),('2016SB-1','SUT-LPP-17','A',700),('2016SB-1','SUT-LPP-18','A',700),('2016SB-1','SUT-LPP-19','A',700),('2016SB-1','SUT-LPP-20','A',700),('2016SB-1','SUT-LPP-21','A',700),('2016SB-1','SUT-LPP-22','A',700),('2016SB-1','SUT-LPP-23','A',700),('2016SB-1','SUT-LPP-24','A',700),('2016SB-1','SUT-LPP-25','A',700),('2016SB-1','SUT-LPP-26','A',700),('2016SB-1','SUT-LPP-27','A',700),('2016SB-1','SUT-LPP-28','A',700),('2016SB-1','SUT-LPP-29','A',700),('2016SB-1','SUT-LPP-30','A',700),('2016SB-1','SUT-LPP-31','A',700),('2016SB-1','SUT-LPP-32','A',700),('2016SB-1','SUT-LPP-33','A',700),('2016SB-1','SUT-LPP-34','A',700),('2016SB-1','SUT-LPP-35','A',700),('2016SB-1','SUT-LPP-36','A',700),('2016SB-1','SUT-LPP-37','A',700),('2016SB-1','SUT-LPP-38','A',700),('2016SB-1','SUT-LPP-39','A',700),('2016SB-1','SUT-LPP-40','A',700),('2016SB-1','SUT-LPP-41','A',700),('2016SB-1','SUT-LPP-42','A',700),('2016SB-1','SUT-LPP-43','A',700),('2016SB-1','SUT-LPP-44','A',700),('2016SB-1','SUT-LPP-45','A',700),('2016SB-1','SUT-LPP-46','A',700),('2016SB-1','SUT-LPP-47','A',700),('2016SB-1','SUT-LPP-48','A',700),('2016SB-1','SUT-LPP-49','A',700),('2016SB-1','SUT-LPP-50','A',700),('2016SB-1','SUT-LPP-51','A',700),('2016SB-1','SUT-LPP-52','A',700),('2016SB-1','SUT-LPP-53','A',700),('2016SB-1','SUT-LPP-54','A',700),('2016SB-1','SUT-LPP-55','A',700),('2016SB-1','SUT-LPP-56','A',700),('2016SB-1','SUT-LPP-57','A',700),('2016SB-1','SUT-LPP-58','A',700),('2016SB-1','SUT-LPP-59','A',700),('2016SB-1','SUT-LPP-60','A',700),('2016SB-1','SUT-LPP-61','A',700),('2016SB-1','SUT-LPP-62','A',700),('2016SB-1','SUT-LPP-63','A',700),('2016SB-1','SUT-LPP-64','A',700),('2016SB-1','SUT-LPP-65','A',700),('2016SB-1','SUT-LPP-66','A',700),('2016SB-1','SUT-LPP-67','A',700),('2016SB-1','SUT-LPP-68','A',700),('2016SB-1','SUT-LPP-69','A',700),('2016SB-1','SUT-LPP-70','A',700),('2016SB-1','SUT-LPP-71','A',700),('2016SB-1','SUT-LPP-72','A',700),('2016SB-1','SUT-LPP-73','A',700),('2016SB-1','SUT-LPP-74','A',700),('2016SB-1','SUT-LPP-75','A',700),('2016SB-1','SUT-LPP-76','A',700),('2016SB-1','SUT-LPP-77','A',700),('2016SB-1','SUT-LPP-78','A',700),('2016SB-1','SUT-LPP-79','A',700),('2016SB-1','SUT-LPP-80','A',700),('2016SB-1','SUT-LPP-81','A',700),('2016SB-1','SUT-LPP-82','A',700),('2016SB-1','SUT-LPP-83','A',700),('2016SB-1','SUT-LPP-84','A',700),('2016SB-1','SUT-LPP-85','A',700),('2016SB-1','SUT-LPP-86','A',700),('2016SB-1','SUT-LPP-87','A',700),('2016SB-1','SUT-LPP-88','A',700),('2016SB-1','SUT-LPP-89','A',700),('2016SB-1','SUT-LPP-90','A',700),('2016SB-1','SUT-LPP-91','A',700),('2016SB-1','SUT-LPP-92','A',700),('2016SB-1','SUT-LPP-93','A',700),('2016SB-1','SUT-LPP-94','A',700),('2016SB-1','SUT-LPP-95','A',700),('2016SB-1','SUT-LPP-96','A',700),('2016SB-1','SUT-LPP-97','A',700),('2016SB-1','SUT-LPP-98','A',700),('2016SB-1','SUT-LPP-99','A',700),('2016SB-1','SUT-LPP-100','A',700),('2016SB-1','SUT-LPP-101','A',500),('2016SB-1','SUT-LPP-102','A',500),('2016SB-1','SUT-LPP-103','A',500),('2016SB-1','SUT-LPP-104','A',500),('2016SB-1','SUT-LPP-105','A',500),('2016SB-1','SUT-LPP-106','A',500),('2016SB-1','SUT-LPP-107','A',500),('2016SB-1','SUT-LPP-108','A',500),('2016SB-1','SUT-LPP-109','A',500),('2016SB-1','SUT-LPP-110','A',500),('2016SB-1','SUT-LPP-111','A',500),('2016SB-1','SUT-LPP-112','A',500),('2016SB-1','SUT-LPP-113','A',500),('2016SB-1','SUT-LPP-114','A',500),('2016SB-1','SUT-LPP-115','A',500),('2016SB-1','SUT-LPP-116','A',500),('2016SB-1','SUT-LPP-117','A',500),('2016SB-1','SUT-LPP-118','A',500),('2016SB-1','SUT-LPP-119','A',500),('2016SB-1','SUT-LPP-120','A',500),('2016SB-1','SUT-LPP-121','A',500),('2016SB-1','SUT-LPP-122','A',500),('2016SB-1','SUT-LPP-123','A',500),('2016SB-1','SUT-LPP-124','A',500),('2016SB-1','SUT-LPP-125','A',500),('2016SB-1','SUT-LPP-126','A',500),('2016SB-1','SUT-LPP-127','A',500),('2016SB-1','SUT-LPP-128','A',500),('2016SB-1','SUT-LPP-129','A',500),('2016SB-1','SUT-LPP-130','A',500),('2016SB-1','SUT-LPP-131','A',500),('2016SB-1','SUT-LPP-132','A',500),('2016SB-1','SUT-LPP-133','A',500),('2016SB-1','SUT-LPP-134','A',500),('2016SB-1','SUT-LPP-135','A',500),('2016SB-1','SUT-LPP-136','A',500),('2016SB-1','SUT-LPP-137','A',500),('2016SB-1','SUT-LPP-138','A',500),('2016SB-1','SUT-LPP-139','A',500),('2016SB-1','SUT-LPP-140','A',500),('2016SB-1','SUT-LPP-141','A',500),('2016SB-1','SUT-LPP-142','A',500),('2016SB-1','SUT-LPP-143','A',500),('2016SB-1','SUT-LPP-144','A',500),('2016SB-1','SUT-LPP-145','A',500),('2016SB-1','SUT-LPP-146','A',500),('2016SB-1','SUT-LPP-147','A',500),('2016SB-1','SUT-LPP-148','A',500),('2016SB-1','SUT-LPP-149','A',500),('2016SB-1','SUT-LPP-150','A',500),('2016SB-1','SUT-LPP-151','A',500),('2016SB-1','SUT-LPP-152','A',500),('2016SB-1','SUT-LPP-153','A',500),('2016SB-1','SUT-LPP-154','A',500),('2016SB-1','SUT-LPP-155','A',500),('2016SB-1','SUT-LPP-156','A',500),('2016SB-1','SUT-LPP-157','A',500),('2016SB-1','SUT-LPP-158','A',500),('2016SB-1','SUT-LPP-159','A',500),('2016SB-1','SUT-LPP-160','A',500),('2016SB-1','SUT-LPP-161','A',500),('2016SB-1','SUT-LPP-162','A',500),('2016SB-1','SUT-LPP-163','A',500),('2016SB-1','SUT-LPP-164','A',500),('2016SB-1','SUT-LPP-165','A',500),('2016SB-1','SUT-LPP-166','A',500),('2016SB-1','SUT-LPP-167','A',500),('2016SB-1','SUT-LPP-168','A',500),('2016SB-1','SUT-LPP-169','A',500),('2016SB-1','SUT-LPP-170','A',500),('2016SB-1','SUT-LPP-171','A',500),('2016SB-1','SUT-LPP-172','A',500),('2016SB-1','SUT-LPP-173','A',500),('2016SB-1','SUT-LPP-174','A',500),('2016SB-1','SUT-LPP-175','A',500),('2016SB-1','SUT-LPP-176','A',500),('2016SB-1','SUT-LPP-177','A',500),('2016SB-1','SUT-LPP-178','A',500),('2016SB-1','SUT-LPP-179','A',500),('2016SB-1','SUT-LPP-180','A',500),('2016SB-1','SUT-LPP-181','A',500),('2016SB-1','SUT-LPP-182','A',500),('2016SB-1','SUT-LPP-183','A',500),('2016SB-1','SUT-LPP-184','A',500),('2016SB-1','SUT-LPP-185','A',500),('2016SB-1','SUT-LPP-186','A',500),('2016SB-1','SUT-LPP-187','A',500),('2016SB-1','SUT-LPP-188','A',500),('2016SB-1','SUT-LPP-189','A',500),('2016SB-1','SUT-LPP-190','A',500),('2016SB-1','SUT-LPP-191','A',500),('2016SB-1','SUT-LPP-192','A',500),('2016SB-1','SUT-LPP-193','A',500),('2016SB-1','SUT-LPP-194','A',500),('2016SB-1','SUT-LPP-195','A',500),('2016SB-1','SUT-LPP-196','A',500),('2016SB-1','SUT-LPP-197','A',500),('2016SB-1','SUT-LPP-198','A',500),('2016SB-1','SUT-LPP-199','A',500),('2016SB-1','SUT-LPP-200','A',500),('2016SB-1','SUT-LPP-201','A',300),('2016SB-1','SUT-LPP-202','A',300),('2016SB-1','SUT-LPP-203','A',300),('2016SB-1','SUT-LPP-204','A',300),('2016SB-1','SUT-LPP-205','A',300),('2016SB-1','SUT-LPP-206','A',300),('2016SB-1','SUT-LPP-207','A',300),('2016SB-1','SUT-LPP-208','A',300),('2016SB-1','SUT-LPP-209','A',300),('2016SB-1','SUT-LPP-210','A',300),('2016SB-1','SUT-LPP-211','A',300),('2016SB-1','SUT-LPP-212','A',300),('2016SB-1','SUT-LPP-213','A',300),('2016SB-1','SUT-LPP-214','A',300),('2016SB-1','SUT-LPP-215','A',300),('2016SB-1','SUT-LPP-216','A',300),('2016SB-1','SUT-LPP-217','A',300),('2016SB-1','SUT-LPP-218','A',300),('2016SB-1','SUT-LPP-219','A',300),('2016SB-1','SUT-LPP-220','A',300),('2016SB-1','SUT-LPP-221','A',300),('2016SB-1','SUT-LPP-222','A',300),('2016SB-1','SUT-LPP-223','A',300),('2016SB-1','SUT-LPP-224','A',300),('2016SB-1','SUT-LPP-225','A',300),('2016SB-1','SUT-LPP-226','A',300),('2016SB-1','SUT-LPP-227','A',300),('2016SB-1','SUT-LPP-228','A',300),('2016SB-1','SUT-LPP-229','A',300),('2016SB-1','SUT-LPP-230','A',300),('2016SB-1','SUT-LPP-231','A',300),('2016SB-1','SUT-LPP-232','A',300),('2016SB-1','SUT-LPP-233','A',300),('2016SB-1','SUT-LPP-234','A',300),('2016SB-1','SUT-LPP-235','A',300),('2016SB-1','SUT-LPP-236','A',300),('2016SB-1','SUT-LPP-237','A',300),('2016SB-1','SUT-LPP-238','A',300),('2016SB-1','SUT-LPP-239','A',300),('2016SB-1','SUT-LPP-240','A',300),('2016SB-1','SUT-LPP-241','A',300),('2016SB-1','SUT-LPP-242','A',300),('2016SB-1','SUT-LPP-243','A',300),('2016SB-1','SUT-LPP-244','A',300),('2016SB-1','SUT-LPP-245','A',300),('2016SB-1','SUT-LPP-246','A',300),('2016SB-1','SUT-LPP-247','A',300),('2016SB-1','SUT-LPP-248','A',300),('2016SB-1','SUT-LPP-249','A',300),('2016SB-1','SUT-LPP-250','A',300),('2016SB-1','SUT-LPP-251','A',300),('2016SB-1','SUT-LPP-252','A',300),('2016SB-1','SUT-LPP-253','A',300),('2016SB-1','SUT-LPP-254','A',300),('2016SB-1','SUT-LPP-255','A',300),('2016SB-1','SUT-LPP-256','A',300),('2016SB-1','SUT-LPP-257','A',300),('2016SB-1','SUT-LPP-258','A',300),('2016SB-1','SUT-LPP-259','A',300),('2016SB-1','SUT-LPP-260','A',300),('2016SB-1','SUT-LPP-261','A',300),('2016SB-1','SUT-LPP-262','A',300),('2016SB-1','SUT-LPP-263','A',300),('2016SB-1','SUT-LPP-264','A',300),('2016SB-1','SUT-LPP-265','A',300),('2016SB-1','SUT-LPP-266','A',300),('2016SB-1','SUT-LPP-267','A',300),('2016SB-1','SUT-LPP-268','A',300),('2016SB-1','SUT-LPP-269','A',300),('2016SB-1','SUT-LPP-270','A',300),('2016SB-1','SUT-LPP-271','A',300),('2016SB-1','SUT-LPP-272','A',300),('2016SB-1','SUT-LPP-273','A',300),('2016SB-1','SUT-LPP-274','A',300),('2016SB-1','SUT-LPP-275','A',300),('2016SB-1','SUT-LPP-276','A',300),('2016SB-1','SUT-LPP-277','A',300),('2016SB-1','SUT-LPP-278','A',300),('2016SB-1','SUT-LPP-279','A',300),('2016SB-1','SUT-LPP-280','A',300),('2016SB-1','SUT-LPP-281','A',300),('2016SB-1','SUT-LPP-282','A',300),('2016SB-1','SUT-LPP-283','A',300),('2016SB-1','SUT-LPP-284','A',300),('2016SB-1','SUT-LPP-285','A',300),('2016SB-1','SUT-LPP-286','A',300),('2016SB-1','SUT-LPP-287','A',300),('2016SB-1','SUT-LPP-288','A',300),('2016SB-1','SUT-LPP-289','A',300),('2016SB-1','SUT-LPP-290','A',300),('2016SB-1','SUT-LPP-291','A',300),('2016SB-1','SUT-LPP-292','A',300),('2016SB-1','SUT-LPP-293','A',300),('2016SB-1','SUT-LPP-294','A',300),('2016SB-1','SUT-LPP-295','A',300),('2016SB-1','SUT-LPP-296','A',300),('2016SB-1','SUT-LPP-297','A',300),('2016SB-1','SUT-LPP-298','A',300),('2016SB-1','SUT-LPP-299','A',300),('2016SB-1','SUT-LPP-300','A',300),('2016BBS-1','SUT-LPP-01','NA',900),('2016BBS-1','SUT-LPP-02','NA',900),('2016BBS-1','SUT-LPP-03','NA',900),('2016BBS-1','SUT-LPP-04','NA',900),('2016BBS-1','SUT-LPP-05','A',900),('2016BBS-1','SUT-LPP-06','A',900),('2016BBS-1','SUT-LPP-07','A',900),('2016BBS-1','SUT-LPP-08','A',900),('2016BBS-1','SUT-LPP-09','A',900),('2016BBS-1','SUT-LPP-10','A',900),('2016BBS-1','SUT-LPP-11','A',900),('2016BBS-1','SUT-LPP-12','A',900),('2016BBS-1','SUT-LPP-13','A',900),('2016BBS-1','SUT-LPP-14','A',900),('2016BBS-1','SUT-LPP-15','A',900),('2016BBS-1','SUT-LPP-16','A',900),('2016BBS-1','SUT-LPP-17','A',900),('2016BBS-1','SUT-LPP-18','A',900),('2016BBS-1','SUT-LPP-19','A',900),('2016BBS-1','SUT-LPP-20','A',900),('2016BBS-1','SUT-LPP-21','A',900),('2016BBS-1','SUT-LPP-22','A',900),('2016BBS-1','SUT-LPP-23','A',900),('2016BBS-1','SUT-LPP-24','A',900),('2016BBS-1','SUT-LPP-25','A',900),('2016BBS-1','SUT-LPP-26','A',900),('2016BBS-1','SUT-LPP-27','A',900),('2016BBS-1','SUT-LPP-28','A',900),('2016BBS-1','SUT-LPP-29','A',900),('2016BBS-1','SUT-LPP-30','A',900),('2016BBS-1','SUT-LPP-31','A',900),('2016BBS-1','SUT-LPP-32','A',900),('2016BBS-1','SUT-LPP-33','A',900),('2016BBS-1','SUT-LPP-34','A',900),('2016BBS-1','SUT-LPP-35','A',900),('2016BBS-1','SUT-LPP-36','A',900),('2016BBS-1','SUT-LPP-37','A',900),('2016BBS-1','SUT-LPP-38','A',900),('2016BBS-1','SUT-LPP-39','A',900),('2016BBS-1','SUT-LPP-40','A',900),('2016BBS-1','SUT-LPP-41','A',900),('2016BBS-1','SUT-LPP-42','A',900),('2016BBS-1','SUT-LPP-43','A',900),('2016BBS-1','SUT-LPP-44','A',900),('2016BBS-1','SUT-LPP-45','A',900),('2016BBS-1','SUT-LPP-46','A',900),('2016BBS-1','SUT-LPP-47','A',900),('2016BBS-1','SUT-LPP-48','A',900),('2016BBS-1','SUT-LPP-49','A',900),('2016BBS-1','SUT-LPP-50','A',900),('2016BBS-1','SUT-LPP-51','A',900),('2016BBS-1','SUT-LPP-52','A',900),('2016BBS-1','SUT-LPP-53','A',900),('2016BBS-1','SUT-LPP-54','A',900),('2016BBS-1','SUT-LPP-55','A',900),('2016BBS-1','SUT-LPP-56','A',900),('2016BBS-1','SUT-LPP-57','A',900),('2016BBS-1','SUT-LPP-58','A',900),('2016BBS-1','SUT-LPP-59','A',900),('2016BBS-1','SUT-LPP-60','A',900),('2016BBS-1','SUT-LPP-61','A',900),('2016BBS-1','SUT-LPP-62','A',900),('2016BBS-1','SUT-LPP-63','A',900),('2016BBS-1','SUT-LPP-64','A',900),('2016BBS-1','SUT-LPP-65','A',900),('2016BBS-1','SUT-LPP-66','A',900),('2016BBS-1','SUT-LPP-67','A',900),('2016BBS-1','SUT-LPP-68','A',900),('2016BBS-1','SUT-LPP-69','A',900),('2016BBS-1','SUT-LPP-70','A',900),('2016BBS-1','SUT-LPP-71','A',900),('2016BBS-1','SUT-LPP-72','A',900),('2016BBS-1','SUT-LPP-73','A',900),('2016BBS-1','SUT-LPP-74','A',900),('2016BBS-1','SUT-LPP-75','A',900),('2016BBS-1','SUT-LPP-76','A',900),('2016BBS-1','SUT-LPP-77','A',900),('2016BBS-1','SUT-LPP-78','A',900),('2016BBS-1','SUT-LPP-79','A',900),('2016BBS-1','SUT-LPP-80','A',900),('2016BBS-1','SUT-LPP-81','A',900),('2016BBS-1','SUT-LPP-82','A',900),('2016BBS-1','SUT-LPP-83','A',900),('2016BBS-1','SUT-LPP-84','A',900),('2016BBS-1','SUT-LPP-85','A',900),('2016BBS-1','SUT-LPP-86','A',900),('2016BBS-1','SUT-LPP-87','A',900),('2016BBS-1','SUT-LPP-88','A',900),('2016BBS-1','SUT-LPP-89','A',900),('2016BBS-1','SUT-LPP-90','A',900),('2016BBS-1','SUT-LPP-91','A',900),('2016BBS-1','SUT-LPP-92','A',900),('2016BBS-1','SUT-LPP-93','A',900),('2016BBS-1','SUT-LPP-94','A',900),('2016BBS-1','SUT-LPP-95','A',900),('2016BBS-1','SUT-LPP-96','A',900),('2016BBS-1','SUT-LPP-97','A',900),('2016BBS-1','SUT-LPP-98','A',900),('2016BBS-1','SUT-LPP-99','A',900),('2016BBS-1','SUT-LPP-100','A',900),('2016BBS-1','SUT-LPP-101','A',500),('2016BBS-1','SUT-LPP-102','A',500),('2016BBS-1','SUT-LPP-103','A',500),('2016BBS-1','SUT-LPP-104','A',500),('2016BBS-1','SUT-LPP-105','A',500),('2016BBS-1','SUT-LPP-106','A',500),('2016BBS-1','SUT-LPP-107','A',500),('2016BBS-1','SUT-LPP-108','A',500),('2016BBS-1','SUT-LPP-109','A',500),('2016BBS-1','SUT-LPP-110','A',500),('2016BBS-1','SUT-LPP-111','A',500),('2016BBS-1','SUT-LPP-112','A',500),('2016BBS-1','SUT-LPP-113','A',500),('2016BBS-1','SUT-LPP-114','A',500),('2016BBS-1','SUT-LPP-115','A',500),('2016BBS-1','SUT-LPP-116','A',500),('2016BBS-1','SUT-LPP-117','A',500),('2016BBS-1','SUT-LPP-118','A',500),('2016BBS-1','SUT-LPP-119','A',500),('2016BBS-1','SUT-LPP-120','A',500),('2016BBS-1','SUT-LPP-121','A',500),('2016BBS-1','SUT-LPP-122','A',500),('2016BBS-1','SUT-LPP-123','A',500),('2016BBS-1','SUT-LPP-124','A',500),('2016BBS-1','SUT-LPP-125','A',500),('2016BBS-1','SUT-LPP-126','A',500),('2016BBS-1','SUT-LPP-127','A',500),('2016BBS-1','SUT-LPP-128','A',500),('2016BBS-1','SUT-LPP-129','A',500),('2016BBS-1','SUT-LPP-130','A',500),('2016BBS-1','SUT-LPP-131','A',500),('2016BBS-1','SUT-LPP-132','A',500),('2016BBS-1','SUT-LPP-133','A',500),('2016BBS-1','SUT-LPP-134','A',500),('2016BBS-1','SUT-LPP-135','A',500),('2016BBS-1','SUT-LPP-136','A',500),('2016BBS-1','SUT-LPP-137','A',500),('2016BBS-1','SUT-LPP-138','A',500),('2016BBS-1','SUT-LPP-139','A',500),('2016BBS-1','SUT-LPP-140','A',500),('2016BBS-1','SUT-LPP-141','A',500),('2016BBS-1','SUT-LPP-142','A',500),('2016BBS-1','SUT-LPP-143','A',500),('2016BBS-1','SUT-LPP-144','A',500),('2016BBS-1','SUT-LPP-145','A',500),('2016BBS-1','SUT-LPP-146','A',500),('2016BBS-1','SUT-LPP-147','A',500),('2016BBS-1','SUT-LPP-148','A',500),('2016BBS-1','SUT-LPP-149','A',500),('2016BBS-1','SUT-LPP-150','A',500),('2016BBS-1','SUT-LPP-151','A',500),('2016BBS-1','SUT-LPP-152','A',500),('2016BBS-1','SUT-LPP-153','A',500),('2016BBS-1','SUT-LPP-154','A',500),('2016BBS-1','SUT-LPP-155','A',500),('2016BBS-1','SUT-LPP-156','A',500),('2016BBS-1','SUT-LPP-157','A',500),('2016BBS-1','SUT-LPP-158','A',500),('2016BBS-1','SUT-LPP-159','A',500),('2016BBS-1','SUT-LPP-160','A',500),('2016BBS-1','SUT-LPP-161','A',500),('2016BBS-1','SUT-LPP-162','A',500),('2016BBS-1','SUT-LPP-163','A',500),('2016BBS-1','SUT-LPP-164','A',500),('2016BBS-1','SUT-LPP-165','A',500),('2016BBS-1','SUT-LPP-166','A',500),('2016BBS-1','SUT-LPP-167','A',500),('2016BBS-1','SUT-LPP-168','A',500),('2016BBS-1','SUT-LPP-169','A',500),('2016BBS-1','SUT-LPP-170','A',500),('2016BBS-1','SUT-LPP-171','A',500),('2016BBS-1','SUT-LPP-172','A',500),('2016BBS-1','SUT-LPP-173','A',500),('2016BBS-1','SUT-LPP-174','A',500),('2016BBS-1','SUT-LPP-175','A',500),('2016BBS-1','SUT-LPP-176','A',500),('2016BBS-1','SUT-LPP-177','A',500),('2016BBS-1','SUT-LPP-178','A',500),('2016BBS-1','SUT-LPP-179','A',500),('2016BBS-1','SUT-LPP-180','A',500),('2016BBS-1','SUT-LPP-181','A',500),('2016BBS-1','SUT-LPP-182','A',500),('2016BBS-1','SUT-LPP-183','A',500),('2016BBS-1','SUT-LPP-184','A',500),('2016BBS-1','SUT-LPP-185','A',500),('2016BBS-1','SUT-LPP-186','A',500),('2016BBS-1','SUT-LPP-187','A',500),('2016BBS-1','SUT-LPP-188','A',500),('2016BBS-1','SUT-LPP-189','A',500),('2016BBS-1','SUT-LPP-190','A',500),('2016BBS-1','SUT-LPP-191','A',500),('2016BBS-1','SUT-LPP-192','A',500),('2016BBS-1','SUT-LPP-193','A',500),('2016BBS-1','SUT-LPP-194','A',500),('2016BBS-1','SUT-LPP-195','A',500),('2016BBS-1','SUT-LPP-196','A',500),('2016BBS-1','SUT-LPP-197','A',500),('2016BBS-1','SUT-LPP-198','A',500),('2016BBS-1','SUT-LPP-199','A',500),('2016BBS-1','SUT-LPP-200','A',500),('2016BBS-1','SUT-LPP-201','A',300),('2016BBS-1','SUT-LPP-202','A',300),('2016BBS-1','SUT-LPP-203','A',300),('2016BBS-1','SUT-LPP-204','A',300),('2016BBS-1','SUT-LPP-205','A',300),('2016BBS-1','SUT-LPP-206','A',300),('2016BBS-1','SUT-LPP-207','A',300),('2016BBS-1','SUT-LPP-208','A',300),('2016BBS-1','SUT-LPP-209','A',300),('2016BBS-1','SUT-LPP-210','A',300),('2016BBS-1','SUT-LPP-211','A',300),('2016BBS-1','SUT-LPP-212','A',300),('2016BBS-1','SUT-LPP-213','A',300),('2016BBS-1','SUT-LPP-214','A',300),('2016BBS-1','SUT-LPP-215','A',300),('2016BBS-1','SUT-LPP-216','A',300),('2016BBS-1','SUT-LPP-217','A',300),('2016BBS-1','SUT-LPP-218','A',300),('2016BBS-1','SUT-LPP-219','A',300),('2016BBS-1','SUT-LPP-220','A',300),('2016BBS-1','SUT-LPP-221','A',300),('2016BBS-1','SUT-LPP-222','A',300),('2016BBS-1','SUT-LPP-223','A',300),('2016BBS-1','SUT-LPP-224','A',300),('2016BBS-1','SUT-LPP-225','A',300),('2016BBS-1','SUT-LPP-226','A',300),('2016BBS-1','SUT-LPP-227','A',300),('2016BBS-1','SUT-LPP-228','A',300),('2016BBS-1','SUT-LPP-229','A',300),('2016BBS-1','SUT-LPP-230','A',300),('2016BBS-1','SUT-LPP-231','A',300),('2016BBS-1','SUT-LPP-232','A',300),('2016BBS-1','SUT-LPP-233','A',300),('2016BBS-1','SUT-LPP-234','A',300),('2016BBS-1','SUT-LPP-235','A',300),('2016BBS-1','SUT-LPP-236','A',300),('2016BBS-1','SUT-LPP-237','A',300),('2016BBS-1','SUT-LPP-238','A',300),('2016BBS-1','SUT-LPP-239','A',300),('2016BBS-1','SUT-LPP-240','A',300),('2016BBS-1','SUT-LPP-241','A',300),('2016BBS-1','SUT-LPP-242','A',300),('2016BBS-1','SUT-LPP-243','A',300),('2016BBS-1','SUT-LPP-244','A',300),('2016BBS-1','SUT-LPP-245','A',300),('2016BBS-1','SUT-LPP-246','A',300),('2016BBS-1','SUT-LPP-247','A',300),('2016BBS-1','SUT-LPP-248','A',300),('2016BBS-1','SUT-LPP-249','A',300),('2016BBS-1','SUT-LPP-250','A',300),('2016BBS-1','SUT-LPP-251','A',300),('2016BBS-1','SUT-LPP-252','A',300),('2016BBS-1','SUT-LPP-253','A',300),('2016BBS-1','SUT-LPP-254','A',300),('2016BBS-1','SUT-LPP-255','A',300),('2016BBS-1','SUT-LPP-256','A',300),('2016BBS-1','SUT-LPP-257','A',300),('2016BBS-1','SUT-LPP-258','A',300),('2016BBS-1','SUT-LPP-259','A',300),('2016BBS-1','SUT-LPP-260','A',300),('2016BBS-1','SUT-LPP-261','A',300),('2016BBS-1','SUT-LPP-262','A',300),('2016BBS-1','SUT-LPP-263','A',300),('2016BBS-1','SUT-LPP-264','A',300),('2016BBS-1','SUT-LPP-265','A',300),('2016BBS-1','SUT-LPP-266','A',300),('2016BBS-1','SUT-LPP-267','A',300),('2016BBS-1','SUT-LPP-268','A',300),('2016BBS-1','SUT-LPP-269','A',300),('2016BBS-1','SUT-LPP-270','A',300),('2016BBS-1','SUT-LPP-271','A',300),('2016BBS-1','SUT-LPP-272','A',300),('2016BBS-1','SUT-LPP-273','A',300),('2016BBS-1','SUT-LPP-274','A',300),('2016BBS-1','SUT-LPP-275','A',300),('2016BBS-1','SUT-LPP-276','A',300),('2016BBS-1','SUT-LPP-277','A',300),('2016BBS-1','SUT-LPP-278','A',300),('2016BBS-1','SUT-LPP-279','A',300),('2016BBS-1','SUT-LPP-280','A',300),('2016BBS-1','SUT-LPP-281','A',300),('2016BBS-1','SUT-LPP-282','A',300),('2016BBS-1','SUT-LPP-283','A',300),('2016BBS-1','SUT-LPP-284','A',300),('2016BBS-1','SUT-LPP-285','A',300),('2016BBS-1','SUT-LPP-286','A',300),('2016BBS-1','SUT-LPP-287','A',300),('2016BBS-1','SUT-LPP-288','A',300),('2016BBS-1','SUT-LPP-289','A',300),('2016BBS-1','SUT-LPP-290','A',300),('2016BBS-1','SUT-LPP-291','A',300),('2016BBS-1','SUT-LPP-292','A',300),('2016BBS-1','SUT-LPP-293','A',300),('2016BBS-1','SUT-LPP-294','A',300),('2016BBS-1','SUT-LPP-295','A',300),('2016BBS-1','SUT-LPP-296','A',300),('2016BBS-1','SUT-LPP-297','A',300),('2016BBS-1','SUT-LPP-298','A',300),('2016BBS-1','SUT-LPP-299','A',300),('2016BBS-1','SUT-LPP-300','A',300),('2016102NO-1','SUT-LPP-01','NA',500),('2016102NO-1','SUT-LPP-02','NA',500),('2016102NO-1','SUT-LPP-03','NA',500),('2016102NO-1','SUT-LPP-04','NA',500),('2016102NO-1','SUT-LPP-05','NA',500),('2016102NO-1','SUT-LPP-06','NA',500),('2016102NO-1','SUT-LPP-07','NA',500),('2016102NO-1','SUT-LPP-08','NA',500),('2016102NO-1','SUT-LPP-09','A',500),('2016102NO-1','SUT-LPP-10','A',500),('2016102NO-1','SUT-LPP-11','A',500),('2016102NO-1','SUT-LPP-12','A',500),('2016102NO-1','SUT-LPP-13','A',500),('2016102NO-1','SUT-LPP-14','A',500),('2016102NO-1','SUT-LPP-15','A',500),('2016102NO-1','SUT-LPP-16','A',500),('2016102NO-1','SUT-LPP-17','A',500),('2016102NO-1','SUT-LPP-18','A',500),('2016102NO-1','SUT-LPP-19','A',500),('2016102NO-1','SUT-LPP-20','A',500),('2016102NO-1','SUT-LPP-21','A',500),('2016102NO-1','SUT-LPP-22','A',500),('2016102NO-1','SUT-LPP-23','A',500),('2016102NO-1','SUT-LPP-24','A',500),('2016102NO-1','SUT-LPP-25','A',500),('2016102NO-1','SUT-LPP-26','A',500),('2016102NO-1','SUT-LPP-27','A',500),('2016102NO-1','SUT-LPP-28','A',500),('2016102NO-1','SUT-LPP-29','A',500),('2016102NO-1','SUT-LPP-30','A',500),('2016102NO-1','SUT-LPP-31','A',500),('2016102NO-1','SUT-LPP-32','A',500),('2016102NO-1','SUT-LPP-33','A',500),('2016102NO-1','SUT-LPP-34','A',500),('2016102NO-1','SUT-LPP-35','A',500),('2016102NO-1','SUT-LPP-36','A',500),('2016102NO-1','SUT-LPP-37','A',500),('2016102NO-1','SUT-LPP-38','A',500),('2016102NO-1','SUT-LPP-39','A',500),('2016102NO-1','SUT-LPP-40','A',500),('2016102NO-1','SUT-LPP-41','A',500),('2016102NO-1','SUT-LPP-42','A',500),('2016102NO-1','SUT-LPP-43','A',500),('2016102NO-1','SUT-LPP-44','A',500),('2016102NO-1','SUT-LPP-45','A',500),('2016102NO-1','SUT-LPP-46','A',500),('2016102NO-1','SUT-LPP-47','A',500),('2016102NO-1','SUT-LPP-48','A',500),('2016102NO-1','SUT-LPP-49','A',500),('2016102NO-1','SUT-LPP-50','A',500),('2016102NO-1','SUT-LPP-51','A',500),('2016102NO-1','SUT-LPP-52','A',500),('2016102NO-1','SUT-LPP-53','A',500),('2016102NO-1','SUT-LPP-54','A',500),('2016102NO-1','SUT-LPP-55','A',500),('2016102NO-1','SUT-LPP-56','A',500),('2016102NO-1','SUT-LPP-57','A',500),('2016102NO-1','SUT-LPP-58','A',500),('2016102NO-1','SUT-LPP-59','A',500),('2016102NO-1','SUT-LPP-60','A',500),('2016102NO-1','SUT-LPP-61','A',500),('2016102NO-1','SUT-LPP-62','A',500),('2016102NO-1','SUT-LPP-63','A',500),('2016102NO-1','SUT-LPP-64','A',500),('2016102NO-1','SUT-LPP-65','A',500),('2016102NO-1','SUT-LPP-66','A',500),('2016102NO-1','SUT-LPP-67','A',500),('2016102NO-1','SUT-LPP-68','A',500),('2016102NO-1','SUT-LPP-69','A',500),('2016102NO-1','SUT-LPP-70','A',500),('2016102NO-1','SUT-LPP-71','A',500),('2016102NO-1','SUT-LPP-72','A',500),('2016102NO-1','SUT-LPP-73','A',500),('2016102NO-1','SUT-LPP-74','A',500),('2016102NO-1','SUT-LPP-75','A',500),('2016102NO-1','SUT-LPP-76','A',500),('2016102NO-1','SUT-LPP-77','A',500),('2016102NO-1','SUT-LPP-78','A',500),('2016102NO-1','SUT-LPP-79','A',500),('2016102NO-1','SUT-LPP-80','A',500),('2016102NO-1','SUT-LPP-81','A',500),('2016102NO-1','SUT-LPP-82','A',500),('2016102NO-1','SUT-LPP-83','A',500),('2016102NO-1','SUT-LPP-84','A',500),('2016102NO-1','SUT-LPP-85','A',500),('2016102NO-1','SUT-LPP-86','A',500),('2016102NO-1','SUT-LPP-87','A',500),('2016102NO-1','SUT-LPP-88','A',500),('2016102NO-1','SUT-LPP-89','A',500),('2016102NO-1','SUT-LPP-90','A',500),('2016102NO-1','SUT-LPP-91','A',500),('2016102NO-1','SUT-LPP-92','A',500),('2016102NO-1','SUT-LPP-93','A',500),('2016102NO-1','SUT-LPP-94','A',500),('2016102NO-1','SUT-LPP-95','A',500),('2016102NO-1','SUT-LPP-96','A',500),('2016102NO-1','SUT-LPP-97','A',500),('2016102NO-1','SUT-LPP-98','A',500),('2016102NO-1','SUT-LPP-99','A',500),('2016102NO-1','SUT-LPP-100','A',500),('2016102NO-1','SUT-LPP-101','NA',400),('2016102NO-1','SUT-LPP-102','NA',400),('2016102NO-1','SUT-LPP-103','NA',400),('2016102NO-1','SUT-LPP-104','NA',400),('2016102NO-1','SUT-LPP-105','A',400),('2016102NO-1','SUT-LPP-106','A',400),('2016102NO-1','SUT-LPP-107','A',400),('2016102NO-1','SUT-LPP-108','A',400),('2016102NO-1','SUT-LPP-109','A',400),('2016102NO-1','SUT-LPP-110','A',400),('2016102NO-1','SUT-LPP-111','A',400),('2016102NO-1','SUT-LPP-112','A',400),('2016102NO-1','SUT-LPP-113','A',400),('2016102NO-1','SUT-LPP-114','A',400),('2016102NO-1','SUT-LPP-115','A',400),('2016102NO-1','SUT-LPP-116','A',400),('2016102NO-1','SUT-LPP-117','A',400),('2016102NO-1','SUT-LPP-118','A',400),('2016102NO-1','SUT-LPP-119','A',400),('2016102NO-1','SUT-LPP-120','A',400),('2016102NO-1','SUT-LPP-121','A',400),('2016102NO-1','SUT-LPP-122','A',400),('2016102NO-1','SUT-LPP-123','A',400),('2016102NO-1','SUT-LPP-124','A',400),('2016102NO-1','SUT-LPP-125','A',400),('2016102NO-1','SUT-LPP-126','A',400),('2016102NO-1','SUT-LPP-127','A',400),('2016102NO-1','SUT-LPP-128','A',400),('2016102NO-1','SUT-LPP-129','A',400),('2016102NO-1','SUT-LPP-130','A',400),('2016102NO-1','SUT-LPP-131','A',400),('2016102NO-1','SUT-LPP-132','A',400),('2016102NO-1','SUT-LPP-133','A',400),('2016102NO-1','SUT-LPP-134','A',400),('2016102NO-1','SUT-LPP-135','A',400),('2016102NO-1','SUT-LPP-136','A',400),('2016102NO-1','SUT-LPP-137','A',400),('2016102NO-1','SUT-LPP-138','A',400),('2016102NO-1','SUT-LPP-139','A',400),('2016102NO-1','SUT-LPP-140','A',400),('2016102NO-1','SUT-LPP-141','A',400),('2016102NO-1','SUT-LPP-142','A',400),('2016102NO-1','SUT-LPP-143','A',400),('2016102NO-1','SUT-LPP-144','A',400),('2016102NO-1','SUT-LPP-145','A',400),('2016102NO-1','SUT-LPP-146','A',400),('2016102NO-1','SUT-LPP-147','A',400),('2016102NO-1','SUT-LPP-148','A',400),('2016102NO-1','SUT-LPP-149','A',400),('2016102NO-1','SUT-LPP-150','A',400),('2016102NO-1','SUT-LPP-151','A',400),('2016102NO-1','SUT-LPP-152','A',400),('2016102NO-1','SUT-LPP-153','A',400),('2016102NO-1','SUT-LPP-154','A',400),('2016102NO-1','SUT-LPP-155','A',400),('2016102NO-1','SUT-LPP-156','A',400),('2016102NO-1','SUT-LPP-157','A',400),('2016102NO-1','SUT-LPP-158','A',400),('2016102NO-1','SUT-LPP-159','A',400),('2016102NO-1','SUT-LPP-160','A',400),('2016102NO-1','SUT-LPP-161','A',400),('2016102NO-1','SUT-LPP-162','A',400),('2016102NO-1','SUT-LPP-163','A',400),('2016102NO-1','SUT-LPP-164','A',400),('2016102NO-1','SUT-LPP-165','A',400),('2016102NO-1','SUT-LPP-166','A',400),('2016102NO-1','SUT-LPP-167','A',400),('2016102NO-1','SUT-LPP-168','A',400),('2016102NO-1','SUT-LPP-169','A',400),('2016102NO-1','SUT-LPP-170','A',400),('2016102NO-1','SUT-LPP-171','A',400),('2016102NO-1','SUT-LPP-172','A',400),('2016102NO-1','SUT-LPP-173','A',400),('2016102NO-1','SUT-LPP-174','A',400),('2016102NO-1','SUT-LPP-175','A',400),('2016102NO-1','SUT-LPP-176','A',400),('2016102NO-1','SUT-LPP-177','A',400),('2016102NO-1','SUT-LPP-178','A',400),('2016102NO-1','SUT-LPP-179','A',400),('2016102NO-1','SUT-LPP-180','A',400),('2016102NO-1','SUT-LPP-181','A',400),('2016102NO-1','SUT-LPP-182','A',400),('2016102NO-1','SUT-LPP-183','A',400),('2016102NO-1','SUT-LPP-184','A',400),('2016102NO-1','SUT-LPP-185','A',400),('2016102NO-1','SUT-LPP-186','A',400),('2016102NO-1','SUT-LPP-187','A',400),('2016102NO-1','SUT-LPP-188','A',400),('2016102NO-1','SUT-LPP-189','A',400),('2016102NO-1','SUT-LPP-190','A',400),('2016102NO-1','SUT-LPP-191','A',400),('2016102NO-1','SUT-LPP-192','A',400),('2016102NO-1','SUT-LPP-193','A',400),('2016102NO-1','SUT-LPP-194','A',400),('2016102NO-1','SUT-LPP-195','A',400),('2016102NO-1','SUT-LPP-196','A',400),('2016102NO-1','SUT-LPP-197','A',400),('2016102NO-1','SUT-LPP-198','A',400),('2016102NO-1','SUT-LPP-199','A',400),('2016102NO-1','SUT-LPP-200','A',400),('2016102NO-1','SUT-LPP-201','A',200),('2016102NO-1','SUT-LPP-202','A',200),('2016102NO-1','SUT-LPP-203','A',200),('2016102NO-1','SUT-LPP-204','A',200),('2016102NO-1','SUT-LPP-205','A',200),('2016102NO-1','SUT-LPP-206','A',200),('2016102NO-1','SUT-LPP-207','A',200),('2016102NO-1','SUT-LPP-208','A',200),('2016102NO-1','SUT-LPP-209','A',200),('2016102NO-1','SUT-LPP-210','A',200),('2016102NO-1','SUT-LPP-211','A',200),('2016102NO-1','SUT-LPP-212','A',200),('2016102NO-1','SUT-LPP-213','A',200),('2016102NO-1','SUT-LPP-214','A',200),('2016102NO-1','SUT-LPP-215','A',200),('2016102NO-1','SUT-LPP-216','A',200),('2016102NO-1','SUT-LPP-217','A',200),('2016102NO-1','SUT-LPP-218','A',200),('2016102NO-1','SUT-LPP-219','A',200),('2016102NO-1','SUT-LPP-220','A',200),('2016102NO-1','SUT-LPP-221','A',200),('2016102NO-1','SUT-LPP-222','A',200),('2016102NO-1','SUT-LPP-223','A',200),('2016102NO-1','SUT-LPP-224','A',200),('2016102NO-1','SUT-LPP-225','A',200),('2016102NO-1','SUT-LPP-226','A',200),('2016102NO-1','SUT-LPP-227','A',200),('2016102NO-1','SUT-LPP-228','A',200),('2016102NO-1','SUT-LPP-229','A',200),('2016102NO-1','SUT-LPP-230','A',200),('2016102NO-1','SUT-LPP-231','A',200),('2016102NO-1','SUT-LPP-232','A',200),('2016102NO-1','SUT-LPP-233','A',200),('2016102NO-1','SUT-LPP-234','A',200),('2016102NO-1','SUT-LPP-235','A',200),('2016102NO-1','SUT-LPP-236','A',200),('2016102NO-1','SUT-LPP-237','A',200),('2016102NO-1','SUT-LPP-238','A',200),('2016102NO-1','SUT-LPP-239','A',200),('2016102NO-1','SUT-LPP-240','A',200),('2016102NO-1','SUT-LPP-241','A',200),('2016102NO-1','SUT-LPP-242','A',200),('2016102NO-1','SUT-LPP-243','A',200),('2016102NO-1','SUT-LPP-244','A',200),('2016102NO-1','SUT-LPP-245','A',200),('2016102NO-1','SUT-LPP-246','A',200),('2016102NO-1','SUT-LPP-247','A',200),('2016102NO-1','SUT-LPP-248','A',200),('2016102NO-1','SUT-LPP-249','A',200),('2016102NO-1','SUT-LPP-250','A',200),('2016102NO-1','SUT-LPP-251','A',200),('2016102NO-1','SUT-LPP-252','A',200),('2016102NO-1','SUT-LPP-253','A',200),('2016102NO-1','SUT-LPP-254','A',200),('2016102NO-1','SUT-LPP-255','A',200),('2016102NO-1','SUT-LPP-256','A',200),('2016102NO-1','SUT-LPP-257','A',200),('2016102NO-1','SUT-LPP-258','A',200),('2016102NO-1','SUT-LPP-259','A',200),('2016102NO-1','SUT-LPP-260','A',200),('2016102NO-1','SUT-LPP-261','A',200),('2016102NO-1','SUT-LPP-262','A',200),('2016102NO-1','SUT-LPP-263','A',200),('2016102NO-1','SUT-LPP-264','A',200),('2016102NO-1','SUT-LPP-265','A',200),('2016102NO-1','SUT-LPP-266','A',200),('2016102NO-1','SUT-LPP-267','A',200),('2016102NO-1','SUT-LPP-268','A',200),('2016102NO-1','SUT-LPP-269','A',200),('2016102NO-1','SUT-LPP-270','A',200),('2016102NO-1','SUT-LPP-271','A',200),('2016102NO-1','SUT-LPP-272','A',200),('2016102NO-1','SUT-LPP-273','A',200),('2016102NO-1','SUT-LPP-274','A',200),('2016102NO-1','SUT-LPP-275','A',200),('2016102NO-1','SUT-LPP-276','A',200),('2016102NO-1','SUT-LPP-277','A',200),('2016102NO-1','SUT-LPP-278','A',200),('2016102NO-1','SUT-LPP-279','A',200),('2016102NO-1','SUT-LPP-280','A',200),('2016102NO-1','SUT-LPP-281','A',200),('2016102NO-1','SUT-LPP-282','A',200),('2016102NO-1','SUT-LPP-283','A',200),('2016102NO-1','SUT-LPP-284','A',200),('2016102NO-1','SUT-LPP-285','A',200),('2016102NO-1','SUT-LPP-286','A',200),('2016102NO-1','SUT-LPP-287','A',200),('2016102NO-1','SUT-LPP-288','A',200),('2016102NO-1','SUT-LPP-289','A',200),('2016102NO-1','SUT-LPP-290','A',200),('2016102NO-1','SUT-LPP-291','A',200),('2016102NO-1','SUT-LPP-292','A',200),('2016102NO-1','SUT-LPP-293','A',200),('2016102NO-1','SUT-LPP-294','A',200),('2016102NO-1','SUT-LPP-295','A',200),('2016102NO-1','SUT-LPP-296','A',200),('2016102NO-1','SUT-LPP-297','A',200),('2016102NO-1','SUT-LPP-298','A',200),('2016102NO-1','SUT-LPP-299','A',200),('2016102NO-1','SUT-LPP-300','A',200),('2016AT-1','SUT-LPP-01','NA',1000),('2016AT-1','SUT-LPP-02','NA',1000),('2016AT-1','SUT-LPP-03','NA',1000),('2016AT-1','SUT-LPP-04','NA',1000),('2016AT-1','SUT-LPP-05','A',1000),('2016AT-1','SUT-LPP-06','A',1000),('2016AT-1','SUT-LPP-07','A',1000),('2016AT-1','SUT-LPP-08','A',1000),('2016AT-1','SUT-LPP-09','A',1000),('2016AT-1','SUT-LPP-10','A',1000),('2016AT-1','SUT-LPP-11','A',1000),('2016AT-1','SUT-LPP-12','A',1000),('2016AT-1','SUT-LPP-13','A',1000),('2016AT-1','SUT-LPP-14','A',1000),('2016AT-1','SUT-LPP-15','A',1000),('2016AT-1','SUT-LPP-16','A',1000),('2016AT-1','SUT-LPP-17','A',1000),('2016AT-1','SUT-LPP-18','A',1000),('2016AT-1','SUT-LPP-19','A',1000),('2016AT-1','SUT-LPP-20','A',1000),('2016AT-1','SUT-LPP-21','A',1000),('2016AT-1','SUT-LPP-22','A',1000),('2016AT-1','SUT-LPP-23','A',1000),('2016AT-1','SUT-LPP-24','A',1000),('2016AT-1','SUT-LPP-25','A',1000),('2016AT-1','SUT-LPP-26','A',1000),('2016AT-1','SUT-LPP-27','A',1000),('2016AT-1','SUT-LPP-28','A',1000),('2016AT-1','SUT-LPP-29','A',1000),('2016AT-1','SUT-LPP-30','A',1000),('2016AT-1','SUT-LPP-31','A',1000),('2016AT-1','SUT-LPP-32','A',1000),('2016AT-1','SUT-LPP-33','A',1000),('2016AT-1','SUT-LPP-34','A',1000),('2016AT-1','SUT-LPP-35','A',1000),('2016AT-1','SUT-LPP-36','A',1000),('2016AT-1','SUT-LPP-37','A',1000),('2016AT-1','SUT-LPP-38','A',1000),('2016AT-1','SUT-LPP-39','A',1000),('2016AT-1','SUT-LPP-40','A',1000),('2016AT-1','SUT-LPP-41','A',1000),('2016AT-1','SUT-LPP-42','A',1000),('2016AT-1','SUT-LPP-43','A',1000),('2016AT-1','SUT-LPP-44','A',1000),('2016AT-1','SUT-LPP-45','A',1000),('2016AT-1','SUT-LPP-46','A',1000),('2016AT-1','SUT-LPP-47','A',1000),('2016AT-1','SUT-LPP-48','A',1000),('2016AT-1','SUT-LPP-49','A',1000),('2016AT-1','SUT-LPP-50','A',1000),('2016AT-1','SUT-LPP-51','A',1000),('2016AT-1','SUT-LPP-52','A',1000),('2016AT-1','SUT-LPP-53','A',1000),('2016AT-1','SUT-LPP-54','A',1000),('2016AT-1','SUT-LPP-55','A',1000),('2016AT-1','SUT-LPP-56','A',1000),('2016AT-1','SUT-LPP-57','A',1000),('2016AT-1','SUT-LPP-58','A',1000),('2016AT-1','SUT-LPP-59','A',1000),('2016AT-1','SUT-LPP-60','A',1000),('2016AT-1','SUT-LPP-61','A',1000),('2016AT-1','SUT-LPP-62','A',1000),('2016AT-1','SUT-LPP-63','A',1000),('2016AT-1','SUT-LPP-64','A',1000),('2016AT-1','SUT-LPP-65','A',1000),('2016AT-1','SUT-LPP-66','A',1000),('2016AT-1','SUT-LPP-67','A',1000),('2016AT-1','SUT-LPP-68','A',1000),('2016AT-1','SUT-LPP-69','A',1000),('2016AT-1','SUT-LPP-70','A',1000),('2016AT-1','SUT-LPP-71','A',1000),('2016AT-1','SUT-LPP-72','A',1000),('2016AT-1','SUT-LPP-73','A',1000),('2016AT-1','SUT-LPP-74','A',1000),('2016AT-1','SUT-LPP-75','A',1000),('2016AT-1','SUT-LPP-76','A',1000),('2016AT-1','SUT-LPP-77','A',1000),('2016AT-1','SUT-LPP-78','A',1000),('2016AT-1','SUT-LPP-79','A',1000),('2016AT-1','SUT-LPP-80','A',1000),('2016AT-1','SUT-LPP-81','A',1000),('2016AT-1','SUT-LPP-82','A',1000),('2016AT-1','SUT-LPP-83','A',1000),('2016AT-1','SUT-LPP-84','A',1000),('2016AT-1','SUT-LPP-85','A',1000),('2016AT-1','SUT-LPP-86','A',1000),('2016AT-1','SUT-LPP-87','A',1000),('2016AT-1','SUT-LPP-88','A',1000),('2016AT-1','SUT-LPP-89','A',1000),('2016AT-1','SUT-LPP-90','A',1000),('2016AT-1','SUT-LPP-91','A',1000),('2016AT-1','SUT-LPP-92','A',1000),('2016AT-1','SUT-LPP-93','A',1000),('2016AT-1','SUT-LPP-94','A',1000),('2016AT-1','SUT-LPP-95','A',1000),('2016AT-1','SUT-LPP-96','A',1000),('2016AT-1','SUT-LPP-97','A',1000),('2016AT-1','SUT-LPP-98','A',1000),('2016AT-1','SUT-LPP-99','A',1000),('2016AT-1','SUT-LPP-100','A',1000),('2016AT-1','SUT-LPP-101','A',500),('2016AT-1','SUT-LPP-102','A',500),('2016AT-1','SUT-LPP-103','A',500),('2016AT-1','SUT-LPP-104','A',500),('2016AT-1','SUT-LPP-105','A',500),('2016AT-1','SUT-LPP-106','A',500),('2016AT-1','SUT-LPP-107','A',500),('2016AT-1','SUT-LPP-108','A',500),('2016AT-1','SUT-LPP-109','A',500),('2016AT-1','SUT-LPP-110','A',500),('2016AT-1','SUT-LPP-111','A',500),('2016AT-1','SUT-LPP-112','A',500),('2016AT-1','SUT-LPP-113','A',500),('2016AT-1','SUT-LPP-114','A',500),('2016AT-1','SUT-LPP-115','A',500),('2016AT-1','SUT-LPP-116','A',500),('2016AT-1','SUT-LPP-117','A',500),('2016AT-1','SUT-LPP-118','A',500),('2016AT-1','SUT-LPP-119','A',500),('2016AT-1','SUT-LPP-120','A',500),('2016AT-1','SUT-LPP-121','A',500),('2016AT-1','SUT-LPP-122','A',500),('2016AT-1','SUT-LPP-123','A',500),('2016AT-1','SUT-LPP-124','A',500),('2016AT-1','SUT-LPP-125','A',500),('2016AT-1','SUT-LPP-126','A',500),('2016AT-1','SUT-LPP-127','A',500),('2016AT-1','SUT-LPP-128','A',500),('2016AT-1','SUT-LPP-129','A',500),('2016AT-1','SUT-LPP-130','A',500),('2016AT-1','SUT-LPP-131','A',500),('2016AT-1','SUT-LPP-132','A',500),('2016AT-1','SUT-LPP-133','A',500),('2016AT-1','SUT-LPP-134','A',500),('2016AT-1','SUT-LPP-135','A',500),('2016AT-1','SUT-LPP-136','A',500),('2016AT-1','SUT-LPP-137','A',500),('2016AT-1','SUT-LPP-138','A',500),('2016AT-1','SUT-LPP-139','A',500),('2016AT-1','SUT-LPP-140','A',500),('2016AT-1','SUT-LPP-141','A',500),('2016AT-1','SUT-LPP-142','A',500),('2016AT-1','SUT-LPP-143','A',500),('2016AT-1','SUT-LPP-144','A',500),('2016AT-1','SUT-LPP-145','A',500),('2016AT-1','SUT-LPP-146','A',500),('2016AT-1','SUT-LPP-147','A',500),('2016AT-1','SUT-LPP-148','A',500),('2016AT-1','SUT-LPP-149','A',500),('2016AT-1','SUT-LPP-150','A',500),('2016AT-1','SUT-LPP-151','A',500),('2016AT-1','SUT-LPP-152','A',500),('2016AT-1','SUT-LPP-153','A',500),('2016AT-1','SUT-LPP-154','A',500),('2016AT-1','SUT-LPP-155','A',500),('2016AT-1','SUT-LPP-156','A',500),('2016AT-1','SUT-LPP-157','A',500),('2016AT-1','SUT-LPP-158','A',500),('2016AT-1','SUT-LPP-159','A',500),('2016AT-1','SUT-LPP-160','A',500),('2016AT-1','SUT-LPP-161','A',500),('2016AT-1','SUT-LPP-162','A',500),('2016AT-1','SUT-LPP-163','A',500),('2016AT-1','SUT-LPP-164','A',500),('2016AT-1','SUT-LPP-165','A',500),('2016AT-1','SUT-LPP-166','A',500),('2016AT-1','SUT-LPP-167','A',500),('2016AT-1','SUT-LPP-168','A',500),('2016AT-1','SUT-LPP-169','A',500),('2016AT-1','SUT-LPP-170','A',500),('2016AT-1','SUT-LPP-171','A',500),('2016AT-1','SUT-LPP-172','A',500),('2016AT-1','SUT-LPP-173','A',500),('2016AT-1','SUT-LPP-174','A',500),('2016AT-1','SUT-LPP-175','A',500),('2016AT-1','SUT-LPP-176','A',500),('2016AT-1','SUT-LPP-177','A',500),('2016AT-1','SUT-LPP-178','A',500),('2016AT-1','SUT-LPP-179','A',500),('2016AT-1','SUT-LPP-180','A',500),('2016AT-1','SUT-LPP-181','A',500),('2016AT-1','SUT-LPP-182','A',500),('2016AT-1','SUT-LPP-183','A',500),('2016AT-1','SUT-LPP-184','A',500),('2016AT-1','SUT-LPP-185','A',500),('2016AT-1','SUT-LPP-186','A',500),('2016AT-1','SUT-LPP-187','A',500),('2016AT-1','SUT-LPP-188','A',500),('2016AT-1','SUT-LPP-189','A',500),('2016AT-1','SUT-LPP-190','A',500),('2016AT-1','SUT-LPP-191','A',500),('2016AT-1','SUT-LPP-192','A',500),('2016AT-1','SUT-LPP-193','A',500),('2016AT-1','SUT-LPP-194','A',500),('2016AT-1','SUT-LPP-195','A',500),('2016AT-1','SUT-LPP-196','A',500),('2016AT-1','SUT-LPP-197','A',500),('2016AT-1','SUT-LPP-198','A',500),('2016AT-1','SUT-LPP-199','A',500),('2016AT-1','SUT-LPP-200','A',500),('2016AT-1','SUT-LPP-201','A',300),('2016AT-1','SUT-LPP-202','A',300),('2016AT-1','SUT-LPP-203','A',300),('2016AT-1','SUT-LPP-204','A',300),('2016AT-1','SUT-LPP-205','A',300),('2016AT-1','SUT-LPP-206','A',300),('2016AT-1','SUT-LPP-207','A',300),('2016AT-1','SUT-LPP-208','A',300),('2016AT-1','SUT-LPP-209','A',300),('2016AT-1','SUT-LPP-210','A',300),('2016AT-1','SUT-LPP-211','A',300),('2016AT-1','SUT-LPP-212','A',300),('2016AT-1','SUT-LPP-213','A',300),('2016AT-1','SUT-LPP-214','A',300),('2016AT-1','SUT-LPP-215','A',300),('2016AT-1','SUT-LPP-216','A',300),('2016AT-1','SUT-LPP-217','A',300),('2016AT-1','SUT-LPP-218','A',300),('2016AT-1','SUT-LPP-219','A',300),('2016AT-1','SUT-LPP-220','A',300),('2016AT-1','SUT-LPP-221','A',300),('2016AT-1','SUT-LPP-222','A',300),('2016AT-1','SUT-LPP-223','A',300),('2016AT-1','SUT-LPP-224','A',300),('2016AT-1','SUT-LPP-225','A',300),('2016AT-1','SUT-LPP-226','A',300),('2016AT-1','SUT-LPP-227','A',300),('2016AT-1','SUT-LPP-228','A',300),('2016AT-1','SUT-LPP-229','A',300),('2016AT-1','SUT-LPP-230','A',300),('2016AT-1','SUT-LPP-231','A',300),('2016AT-1','SUT-LPP-232','A',300),('2016AT-1','SUT-LPP-233','A',300),('2016AT-1','SUT-LPP-234','A',300),('2016AT-1','SUT-LPP-235','A',300),('2016AT-1','SUT-LPP-236','A',300),('2016AT-1','SUT-LPP-237','A',300),('2016AT-1','SUT-LPP-238','A',300),('2016AT-1','SUT-LPP-239','A',300),('2016AT-1','SUT-LPP-240','A',300),('2016AT-1','SUT-LPP-241','A',300),('2016AT-1','SUT-LPP-242','A',300),('2016AT-1','SUT-LPP-243','A',300),('2016AT-1','SUT-LPP-244','A',300),('2016AT-1','SUT-LPP-245','A',300),('2016AT-1','SUT-LPP-246','A',300),('2016AT-1','SUT-LPP-247','A',300),('2016AT-1','SUT-LPP-248','A',300),('2016AT-1','SUT-LPP-249','A',300),('2016AT-1','SUT-LPP-250','A',300),('2016AT-1','SUT-LPP-251','A',300),('2016AT-1','SUT-LPP-252','A',300),('2016AT-1','SUT-LPP-253','A',300),('2016AT-1','SUT-LPP-254','A',300),('2016AT-1','SUT-LPP-255','A',300),('2016AT-1','SUT-LPP-256','A',300),('2016AT-1','SUT-LPP-257','A',300),('2016AT-1','SUT-LPP-258','A',300),('2016AT-1','SUT-LPP-259','A',300),('2016AT-1','SUT-LPP-260','A',300),('2016AT-1','SUT-LPP-261','A',300),('2016AT-1','SUT-LPP-262','A',300),('2016AT-1','SUT-LPP-263','A',300),('2016AT-1','SUT-LPP-264','A',300),('2016AT-1','SUT-LPP-265','A',300),('2016AT-1','SUT-LPP-266','A',300),('2016AT-1','SUT-LPP-267','A',300),('2016AT-1','SUT-LPP-268','A',300),('2016AT-1','SUT-LPP-269','A',300),('2016AT-1','SUT-LPP-270','A',300),('2016AT-1','SUT-LPP-271','A',300),('2016AT-1','SUT-LPP-272','A',300),('2016AT-1','SUT-LPP-273','A',300),('2016AT-1','SUT-LPP-274','A',300),('2016AT-1','SUT-LPP-275','A',300),('2016AT-1','SUT-LPP-276','A',300),('2016AT-1','SUT-LPP-277','A',300),('2016AT-1','SUT-LPP-278','A',300),('2016AT-1','SUT-LPP-279','A',300),('2016AT-1','SUT-LPP-280','A',300),('2016AT-1','SUT-LPP-281','A',300),('2016AT-1','SUT-LPP-282','A',300),('2016AT-1','SUT-LPP-283','A',300),('2016AT-1','SUT-LPP-284','A',300),('2016AT-1','SUT-LPP-285','A',300),('2016AT-1','SUT-LPP-286','A',300),('2016AT-1','SUT-LPP-287','A',300),('2016AT-1','SUT-LPP-288','A',300),('2016AT-1','SUT-LPP-289','A',300),('2016AT-1','SUT-LPP-290','A',300),('2016AT-1','SUT-LPP-291','A',300),('2016AT-1','SUT-LPP-292','A',300),('2016AT-1','SUT-LPP-293','A',300),('2016AT-1','SUT-LPP-294','A',300),('2016AT-1','SUT-LPP-295','A',300),('2016AT-1','SUT-LPP-296','A',300),('2016AT-1','SUT-LPP-297','A',300),('2016AT-1','SUT-LPP-298','A',300),('2016AT-1','SUT-LPP-299','A',300),('2016AT-1','SUT-LPP-300','A',300),('2016OD-1','SUT-LPP-01','NA',1500),('2016OD-1','SUT-LPP-02','NA',1500),('2016OD-1','SUT-LPP-03','NA',1500),('2016OD-1','SUT-LPP-04','NA',1500),('2016OD-1','SUT-LPP-05','A',1500),('2016OD-1','SUT-LPP-06','A',1500),('2016OD-1','SUT-LPP-07','A',1500),('2016OD-1','SUT-LPP-08','A',1500),('2016OD-1','SUT-LPP-09','A',1500),('2016OD-1','SUT-LPP-10','A',1500),('2016OD-1','SUT-LPP-11','A',1500),('2016OD-1','SUT-LPP-12','A',1500),('2016OD-1','SUT-LPP-13','A',1500),('2016OD-1','SUT-LPP-14','A',1500),('2016OD-1','SUT-LPP-15','A',1500),('2016OD-1','SUT-LPP-16','A',1500),('2016OD-1','SUT-LPP-17','A',1500),('2016OD-1','SUT-LPP-18','A',1500),('2016OD-1','SUT-LPP-19','A',1500),('2016OD-1','SUT-LPP-20','A',1500),('2016OD-1','SUT-LPP-21','A',1500),('2016OD-1','SUT-LPP-22','A',1500),('2016OD-1','SUT-LPP-23','A',1500),('2016OD-1','SUT-LPP-24','A',1500),('2016OD-1','SUT-LPP-25','A',1500),('2016OD-1','SUT-LPP-26','A',1500),('2016OD-1','SUT-LPP-27','A',1500),('2016OD-1','SUT-LPP-28','A',1500),('2016OD-1','SUT-LPP-29','A',1500),('2016OD-1','SUT-LPP-30','A',1500),('2016OD-1','SUT-LPP-31','A',1500),('2016OD-1','SUT-LPP-32','A',1500),('2016OD-1','SUT-LPP-33','A',1500),('2016OD-1','SUT-LPP-34','A',1500),('2016OD-1','SUT-LPP-35','A',1500),('2016OD-1','SUT-LPP-36','A',1500),('2016OD-1','SUT-LPP-37','A',1500),('2016OD-1','SUT-LPP-38','A',1500),('2016OD-1','SUT-LPP-39','A',1500),('2016OD-1','SUT-LPP-40','A',1500),('2016OD-1','SUT-LPP-41','A',1500),('2016OD-1','SUT-LPP-42','A',1500),('2016OD-1','SUT-LPP-43','A',1500),('2016OD-1','SUT-LPP-44','A',1500),('2016OD-1','SUT-LPP-45','A',1500),('2016OD-1','SUT-LPP-46','A',1500),('2016OD-1','SUT-LPP-47','A',1500),('2016OD-1','SUT-LPP-48','A',1500),('2016OD-1','SUT-LPP-49','A',1500),('2016OD-1','SUT-LPP-50','A',1500),('2016OD-1','SUT-LPP-51','A',1500),('2016OD-1','SUT-LPP-52','A',1500),('2016OD-1','SUT-LPP-53','A',1500),('2016OD-1','SUT-LPP-54','A',1500),('2016OD-1','SUT-LPP-55','A',1500),('2016OD-1','SUT-LPP-56','A',1500),('2016OD-1','SUT-LPP-57','A',1500),('2016OD-1','SUT-LPP-58','A',1500),('2016OD-1','SUT-LPP-59','A',1500),('2016OD-1','SUT-LPP-60','A',1500),('2016OD-1','SUT-LPP-61','A',1500),('2016OD-1','SUT-LPP-62','A',1500),('2016OD-1','SUT-LPP-63','A',1500),('2016OD-1','SUT-LPP-64','A',1500),('2016OD-1','SUT-LPP-65','A',1500),('2016OD-1','SUT-LPP-66','A',1500),('2016OD-1','SUT-LPP-67','A',1500),('2016OD-1','SUT-LPP-68','A',1500),('2016OD-1','SUT-LPP-69','A',1500),('2016OD-1','SUT-LPP-70','A',1500),('2016OD-1','SUT-LPP-71','A',1500),('2016OD-1','SUT-LPP-72','A',1500),('2016OD-1','SUT-LPP-73','A',1500),('2016OD-1','SUT-LPP-74','A',1500),('2016OD-1','SUT-LPP-75','A',1500),('2016OD-1','SUT-LPP-76','A',1500),('2016OD-1','SUT-LPP-77','A',1500),('2016OD-1','SUT-LPP-78','A',1500),('2016OD-1','SUT-LPP-79','A',1500),('2016OD-1','SUT-LPP-80','A',1500),('2016OD-1','SUT-LPP-81','A',1500),('2016OD-1','SUT-LPP-82','A',1500),('2016OD-1','SUT-LPP-83','A',1500),('2016OD-1','SUT-LPP-84','A',1500),('2016OD-1','SUT-LPP-85','A',1500),('2016OD-1','SUT-LPP-86','A',1500),('2016OD-1','SUT-LPP-87','A',1500),('2016OD-1','SUT-LPP-88','A',1500),('2016OD-1','SUT-LPP-89','A',1500),('2016OD-1','SUT-LPP-90','A',1500),('2016OD-1','SUT-LPP-91','A',1500),('2016OD-1','SUT-LPP-92','A',1500),('2016OD-1','SUT-LPP-93','A',1500),('2016OD-1','SUT-LPP-94','A',1500),('2016OD-1','SUT-LPP-95','A',1500),('2016OD-1','SUT-LPP-96','A',1500),('2016OD-1','SUT-LPP-97','A',1500),('2016OD-1','SUT-LPP-98','A',1500),('2016OD-1','SUT-LPP-99','A',1500),('2016OD-1','SUT-LPP-100','A',1500),('2016OD-1','SUT-LPP-101','A',1000),('2016OD-1','SUT-LPP-102','A',1000),('2016OD-1','SUT-LPP-103','A',1000),('2016OD-1','SUT-LPP-104','A',1000),('2016OD-1','SUT-LPP-105','A',1000),('2016OD-1','SUT-LPP-106','A',1000),('2016OD-1','SUT-LPP-107','A',1000),('2016OD-1','SUT-LPP-108','A',1000),('2016OD-1','SUT-LPP-109','A',1000),('2016OD-1','SUT-LPP-110','A',1000),('2016OD-1','SUT-LPP-111','A',1000),('2016OD-1','SUT-LPP-112','A',1000),('2016OD-1','SUT-LPP-113','A',1000),('2016OD-1','SUT-LPP-114','A',1000),('2016OD-1','SUT-LPP-115','A',1000),('2016OD-1','SUT-LPP-116','A',1000),('2016OD-1','SUT-LPP-117','A',1000),('2016OD-1','SUT-LPP-118','A',1000),('2016OD-1','SUT-LPP-119','A',1000),('2016OD-1','SUT-LPP-120','A',1000),('2016OD-1','SUT-LPP-121','A',1000),('2016OD-1','SUT-LPP-122','A',1000),('2016OD-1','SUT-LPP-123','A',1000),('2016OD-1','SUT-LPP-124','A',1000),('2016OD-1','SUT-LPP-125','A',1000),('2016OD-1','SUT-LPP-126','A',1000),('2016OD-1','SUT-LPP-127','A',1000),('2016OD-1','SUT-LPP-128','A',1000),('2016OD-1','SUT-LPP-129','A',1000),('2016OD-1','SUT-LPP-130','A',1000),('2016OD-1','SUT-LPP-131','A',1000),('2016OD-1','SUT-LPP-132','A',1000),('2016OD-1','SUT-LPP-133','A',1000),('2016OD-1','SUT-LPP-134','A',1000),('2016OD-1','SUT-LPP-135','A',1000),('2016OD-1','SUT-LPP-136','A',1000),('2016OD-1','SUT-LPP-137','A',1000),('2016OD-1','SUT-LPP-138','A',1000),('2016OD-1','SUT-LPP-139','A',1000),('2016OD-1','SUT-LPP-140','A',1000),('2016OD-1','SUT-LPP-141','A',1000),('2016OD-1','SUT-LPP-142','A',1000),('2016OD-1','SUT-LPP-143','A',1000),('2016OD-1','SUT-LPP-144','A',1000),('2016OD-1','SUT-LPP-145','A',1000),('2016OD-1','SUT-LPP-146','A',1000),('2016OD-1','SUT-LPP-147','A',1000),('2016OD-1','SUT-LPP-148','A',1000),('2016OD-1','SUT-LPP-149','A',1000),('2016OD-1','SUT-LPP-150','A',1000),('2016OD-1','SUT-LPP-151','A',1000),('2016OD-1','SUT-LPP-152','A',1000),('2016OD-1','SUT-LPP-153','A',1000),('2016OD-1','SUT-LPP-154','A',1000),('2016OD-1','SUT-LPP-155','A',1000),('2016OD-1','SUT-LPP-156','A',1000),('2016OD-1','SUT-LPP-157','A',1000),('2016OD-1','SUT-LPP-158','A',1000),('2016OD-1','SUT-LPP-159','A',1000),('2016OD-1','SUT-LPP-160','A',1000),('2016OD-1','SUT-LPP-161','A',1000),('2016OD-1','SUT-LPP-162','A',1000),('2016OD-1','SUT-LPP-163','A',1000),('2016OD-1','SUT-LPP-164','A',1000),('2016OD-1','SUT-LPP-165','A',1000),('2016OD-1','SUT-LPP-166','A',1000),('2016OD-1','SUT-LPP-167','A',1000),('2016OD-1','SUT-LPP-168','A',1000),('2016OD-1','SUT-LPP-169','A',1000),('2016OD-1','SUT-LPP-170','A',1000),('2016OD-1','SUT-LPP-171','A',1000),('2016OD-1','SUT-LPP-172','A',1000),('2016OD-1','SUT-LPP-173','A',1000),('2016OD-1','SUT-LPP-174','A',1000),('2016OD-1','SUT-LPP-175','A',1000),('2016OD-1','SUT-LPP-176','A',1000),('2016OD-1','SUT-LPP-177','A',1000),('2016OD-1','SUT-LPP-178','A',1000),('2016OD-1','SUT-LPP-179','A',1000),('2016OD-1','SUT-LPP-180','A',1000),('2016OD-1','SUT-LPP-181','A',1000),('2016OD-1','SUT-LPP-182','A',1000),('2016OD-1','SUT-LPP-183','A',1000),('2016OD-1','SUT-LPP-184','A',1000),('2016OD-1','SUT-LPP-185','A',1000),('2016OD-1','SUT-LPP-186','A',1000),('2016OD-1','SUT-LPP-187','A',1000),('2016OD-1','SUT-LPP-188','A',1000),('2016OD-1','SUT-LPP-189','A',1000),('2016OD-1','SUT-LPP-190','A',1000),('2016OD-1','SUT-LPP-191','A',1000),('2016OD-1','SUT-LPP-192','A',1000),('2016OD-1','SUT-LPP-193','A',1000),('2016OD-1','SUT-LPP-194','A',1000),('2016OD-1','SUT-LPP-195','A',1000),('2016OD-1','SUT-LPP-196','A',1000),('2016OD-1','SUT-LPP-197','A',1000),('2016OD-1','SUT-LPP-198','A',1000),('2016OD-1','SUT-LPP-199','A',1000),('2016OD-1','SUT-LPP-200','A',1000),('2016OD-1','SUT-LPP-201','A',500),('2016OD-1','SUT-LPP-202','A',500),('2016OD-1','SUT-LPP-203','A',500),('2016OD-1','SUT-LPP-204','A',500),('2016OD-1','SUT-LPP-205','A',500),('2016OD-1','SUT-LPP-206','A',500),('2016OD-1','SUT-LPP-207','A',500),('2016OD-1','SUT-LPP-208','A',500),('2016OD-1','SUT-LPP-209','A',500),('2016OD-1','SUT-LPP-210','A',500),('2016OD-1','SUT-LPP-211','A',500),('2016OD-1','SUT-LPP-212','A',500),('2016OD-1','SUT-LPP-213','A',500),('2016OD-1','SUT-LPP-214','A',500),('2016OD-1','SUT-LPP-215','A',500),('2016OD-1','SUT-LPP-216','A',500),('2016OD-1','SUT-LPP-217','A',500),('2016OD-1','SUT-LPP-218','A',500),('2016OD-1','SUT-LPP-219','A',500),('2016OD-1','SUT-LPP-220','A',500),('2016OD-1','SUT-LPP-221','A',500),('2016OD-1','SUT-LPP-222','A',500),('2016OD-1','SUT-LPP-223','A',500),('2016OD-1','SUT-LPP-224','A',500),('2016OD-1','SUT-LPP-225','A',500),('2016OD-1','SUT-LPP-226','A',500),('2016OD-1','SUT-LPP-227','A',500),('2016OD-1','SUT-LPP-228','A',500),('2016OD-1','SUT-LPP-229','A',500),('2016OD-1','SUT-LPP-230','A',500),('2016OD-1','SUT-LPP-231','A',500),('2016OD-1','SUT-LPP-232','A',500),('2016OD-1','SUT-LPP-233','A',500),('2016OD-1','SUT-LPP-234','A',500),('2016OD-1','SUT-LPP-235','A',500),('2016OD-1','SUT-LPP-236','A',500),('2016OD-1','SUT-LPP-237','A',500),('2016OD-1','SUT-LPP-238','A',500),('2016OD-1','SUT-LPP-239','A',500),('2016OD-1','SUT-LPP-240','A',500),('2016OD-1','SUT-LPP-241','A',500),('2016OD-1','SUT-LPP-242','A',500),('2016OD-1','SUT-LPP-243','A',500),('2016OD-1','SUT-LPP-244','A',500),('2016OD-1','SUT-LPP-245','A',500),('2016OD-1','SUT-LPP-246','A',500),('2016OD-1','SUT-LPP-247','A',500),('2016OD-1','SUT-LPP-248','A',500),('2016OD-1','SUT-LPP-249','A',500),('2016OD-1','SUT-LPP-250','A',500),('2016OD-1','SUT-LPP-251','A',500),('2016OD-1','SUT-LPP-252','A',500),('2016OD-1','SUT-LPP-253','A',500),('2016OD-1','SUT-LPP-254','A',500),('2016OD-1','SUT-LPP-255','A',500),('2016OD-1','SUT-LPP-256','A',500),('2016OD-1','SUT-LPP-257','A',500),('2016OD-1','SUT-LPP-258','A',500),('2016OD-1','SUT-LPP-259','A',500),('2016OD-1','SUT-LPP-260','A',500),('2016OD-1','SUT-LPP-261','A',500),('2016OD-1','SUT-LPP-262','A',500),('2016OD-1','SUT-LPP-263','A',500),('2016OD-1','SUT-LPP-264','A',500),('2016OD-1','SUT-LPP-265','A',500),('2016OD-1','SUT-LPP-266','A',500),('2016OD-1','SUT-LPP-267','A',500),('2016OD-1','SUT-LPP-268','A',500),('2016OD-1','SUT-LPP-269','A',500),('2016OD-1','SUT-LPP-270','A',500),('2016OD-1','SUT-LPP-271','A',500),('2016OD-1','SUT-LPP-272','A',500),('2016OD-1','SUT-LPP-273','A',500),('2016OD-1','SUT-LPP-274','A',500),('2016OD-1','SUT-LPP-275','A',500),('2016OD-1','SUT-LPP-276','A',500),('2016OD-1','SUT-LPP-277','A',500),('2016OD-1','SUT-LPP-278','A',500),('2016OD-1','SUT-LPP-279','A',500),('2016OD-1','SUT-LPP-280','A',500),('2016OD-1','SUT-LPP-281','A',500),('2016OD-1','SUT-LPP-282','A',500),('2016OD-1','SUT-LPP-283','A',500),('2016OD-1','SUT-LPP-284','A',500),('2016OD-1','SUT-LPP-285','A',500),('2016OD-1','SUT-LPP-286','A',500),('2016OD-1','SUT-LPP-287','A',500),('2016OD-1','SUT-LPP-288','A',500),('2016OD-1','SUT-LPP-289','A',500),('2016OD-1','SUT-LPP-290','A',500),('2016OD-1','SUT-LPP-291','A',500),('2016OD-1','SUT-LPP-292','A',500),('2016OD-1','SUT-LPP-293','A',500),('2016OD-1','SUT-LPP-294','A',500),('2016OD-1','SUT-LPP-295','A',500),('2016OD-1','SUT-LPP-296','A',500),('2016OD-1','SUT-LPP-297','A',500),('2016OD-1','SUT-LPP-298','A',500),('2016OD-1','SUT-LPP-299','A',500),('2016OD-1','SUT-LPP-300','A',500),('2016TAY-1','SUT-LPP-01','NA',1500),('2016TAY-1','SUT-LPP-02','NA',1500),('2016TAY-1','SUT-LPP-03','NA',1500),('2016TAY-1','SUT-LPP-04','NA',1500),('2016TAY-1','SUT-LPP-05','A',1500),('2016TAY-1','SUT-LPP-06','A',1500),('2016TAY-1','SUT-LPP-07','A',1500),('2016TAY-1','SUT-LPP-08','A',1500),('2016TAY-1','SUT-LPP-09','A',1500),('2016TAY-1','SUT-LPP-10','A',1500),('2016TAY-1','SUT-LPP-11','A',1500),('2016TAY-1','SUT-LPP-12','A',1500),('2016TAY-1','SUT-LPP-13','A',1500),('2016TAY-1','SUT-LPP-14','A',1500),('2016TAY-1','SUT-LPP-15','A',1500),('2016TAY-1','SUT-LPP-16','A',1500),('2016TAY-1','SUT-LPP-17','A',1500),('2016TAY-1','SUT-LPP-18','A',1500),('2016TAY-1','SUT-LPP-19','A',1500),('2016TAY-1','SUT-LPP-20','A',1500),('2016TAY-1','SUT-LPP-21','A',1500),('2016TAY-1','SUT-LPP-22','A',1500),('2016TAY-1','SUT-LPP-23','A',1500),('2016TAY-1','SUT-LPP-24','A',1500),('2016TAY-1','SUT-LPP-25','A',1500),('2016TAY-1','SUT-LPP-26','A',1500),('2016TAY-1','SUT-LPP-27','A',1500),('2016TAY-1','SUT-LPP-28','A',1500),('2016TAY-1','SUT-LPP-29','A',1500),('2016TAY-1','SUT-LPP-30','A',1500),('2016TAY-1','SUT-LPP-31','A',1500),('2016TAY-1','SUT-LPP-32','A',1500),('2016TAY-1','SUT-LPP-33','A',1500),('2016TAY-1','SUT-LPP-34','A',1500),('2016TAY-1','SUT-LPP-35','A',1500),('2016TAY-1','SUT-LPP-36','A',1500),('2016TAY-1','SUT-LPP-37','A',1500),('2016TAY-1','SUT-LPP-38','A',1500),('2016TAY-1','SUT-LPP-39','A',1500),('2016TAY-1','SUT-LPP-40','A',1500),('2016TAY-1','SUT-LPP-41','A',1500),('2016TAY-1','SUT-LPP-42','A',1500),('2016TAY-1','SUT-LPP-43','A',1500),('2016TAY-1','SUT-LPP-44','A',1500),('2016TAY-1','SUT-LPP-45','A',1500),('2016TAY-1','SUT-LPP-46','A',1500),('2016TAY-1','SUT-LPP-47','A',1500),('2016TAY-1','SUT-LPP-48','A',1500),('2016TAY-1','SUT-LPP-49','A',1500),('2016TAY-1','SUT-LPP-50','A',1500),('2016TAY-1','SUT-LPP-51','A',1500),('2016TAY-1','SUT-LPP-52','A',1500),('2016TAY-1','SUT-LPP-53','A',1500),('2016TAY-1','SUT-LPP-54','A',1500),('2016TAY-1','SUT-LPP-55','A',1500),('2016TAY-1','SUT-LPP-56','A',1500),('2016TAY-1','SUT-LPP-57','A',1500),('2016TAY-1','SUT-LPP-58','A',1500),('2016TAY-1','SUT-LPP-59','A',1500),('2016TAY-1','SUT-LPP-60','A',1500),('2016TAY-1','SUT-LPP-61','A',1500),('2016TAY-1','SUT-LPP-62','A',1500),('2016TAY-1','SUT-LPP-63','A',1500),('2016TAY-1','SUT-LPP-64','A',1500),('2016TAY-1','SUT-LPP-65','A',1500),('2016TAY-1','SUT-LPP-66','A',1500),('2016TAY-1','SUT-LPP-67','A',1500),('2016TAY-1','SUT-LPP-68','A',1500),('2016TAY-1','SUT-LPP-69','A',1500),('2016TAY-1','SUT-LPP-70','A',1500),('2016TAY-1','SUT-LPP-71','A',1500),('2016TAY-1','SUT-LPP-72','A',1500),('2016TAY-1','SUT-LPP-73','A',1500),('2016TAY-1','SUT-LPP-74','A',1500),('2016TAY-1','SUT-LPP-75','A',1500),('2016TAY-1','SUT-LPP-76','A',1500),('2016TAY-1','SUT-LPP-77','A',1500),('2016TAY-1','SUT-LPP-78','A',1500),('2016TAY-1','SUT-LPP-79','A',1500),('2016TAY-1','SUT-LPP-80','A',1500),('2016TAY-1','SUT-LPP-81','A',1500),('2016TAY-1','SUT-LPP-82','A',1500),('2016TAY-1','SUT-LPP-83','A',1500),('2016TAY-1','SUT-LPP-84','A',1500),('2016TAY-1','SUT-LPP-85','A',1500),('2016TAY-1','SUT-LPP-86','A',1500),('2016TAY-1','SUT-LPP-87','A',1500),('2016TAY-1','SUT-LPP-88','A',1500),('2016TAY-1','SUT-LPP-89','A',1500),('2016TAY-1','SUT-LPP-90','A',1500),('2016TAY-1','SUT-LPP-91','A',1500),('2016TAY-1','SUT-LPP-92','A',1500),('2016TAY-1','SUT-LPP-93','A',1500),('2016TAY-1','SUT-LPP-94','A',1500),('2016TAY-1','SUT-LPP-95','A',1500),('2016TAY-1','SUT-LPP-96','A',1500),('2016TAY-1','SUT-LPP-97','A',1500),('2016TAY-1','SUT-LPP-98','A',1500),('2016TAY-1','SUT-LPP-99','A',1500),('2016TAY-1','SUT-LPP-100','A',1500),('2016TAY-1','SUT-LPP-101','A',1000),('2016TAY-1','SUT-LPP-102','A',1000),('2016TAY-1','SUT-LPP-103','A',1000),('2016TAY-1','SUT-LPP-104','A',1000),('2016TAY-1','SUT-LPP-105','A',1000),('2016TAY-1','SUT-LPP-106','A',1000),('2016TAY-1','SUT-LPP-107','A',1000),('2016TAY-1','SUT-LPP-108','A',1000),('2016TAY-1','SUT-LPP-109','A',1000),('2016TAY-1','SUT-LPP-110','A',1000),('2016TAY-1','SUT-LPP-111','A',1000),('2016TAY-1','SUT-LPP-112','A',1000),('2016TAY-1','SUT-LPP-113','A',1000),('2016TAY-1','SUT-LPP-114','A',1000),('2016TAY-1','SUT-LPP-115','A',1000),('2016TAY-1','SUT-LPP-116','A',1000),('2016TAY-1','SUT-LPP-117','A',1000),('2016TAY-1','SUT-LPP-118','A',1000),('2016TAY-1','SUT-LPP-119','A',1000),('2016TAY-1','SUT-LPP-120','A',1000),('2016TAY-1','SUT-LPP-121','A',1000),('2016TAY-1','SUT-LPP-122','A',1000),('2016TAY-1','SUT-LPP-123','A',1000),('2016TAY-1','SUT-LPP-124','A',1000),('2016TAY-1','SUT-LPP-125','A',1000),('2016TAY-1','SUT-LPP-126','A',1000),('2016TAY-1','SUT-LPP-127','A',1000),('2016TAY-1','SUT-LPP-128','A',1000),('2016TAY-1','SUT-LPP-129','A',1000),('2016TAY-1','SUT-LPP-130','A',1000),('2016TAY-1','SUT-LPP-131','A',1000),('2016TAY-1','SUT-LPP-132','A',1000),('2016TAY-1','SUT-LPP-133','A',1000),('2016TAY-1','SUT-LPP-134','A',1000),('2016TAY-1','SUT-LPP-135','A',1000),('2016TAY-1','SUT-LPP-136','A',1000),('2016TAY-1','SUT-LPP-137','A',1000),('2016TAY-1','SUT-LPP-138','A',1000),('2016TAY-1','SUT-LPP-139','A',1000),('2016TAY-1','SUT-LPP-140','A',1000),('2016TAY-1','SUT-LPP-141','A',1000),('2016TAY-1','SUT-LPP-142','A',1000),('2016TAY-1','SUT-LPP-143','A',1000),('2016TAY-1','SUT-LPP-144','A',1000),('2016TAY-1','SUT-LPP-145','A',1000),('2016TAY-1','SUT-LPP-146','A',1000),('2016TAY-1','SUT-LPP-147','A',1000),('2016TAY-1','SUT-LPP-148','A',1000),('2016TAY-1','SUT-LPP-149','A',1000),('2016TAY-1','SUT-LPP-150','A',1000),('2016TAY-1','SUT-LPP-151','A',1000),('2016TAY-1','SUT-LPP-152','A',1000),('2016TAY-1','SUT-LPP-153','A',1000),('2016TAY-1','SUT-LPP-154','A',1000),('2016TAY-1','SUT-LPP-155','A',1000),('2016TAY-1','SUT-LPP-156','A',1000),('2016TAY-1','SUT-LPP-157','A',1000),('2016TAY-1','SUT-LPP-158','A',1000),('2016TAY-1','SUT-LPP-159','A',1000),('2016TAY-1','SUT-LPP-160','A',1000),('2016TAY-1','SUT-LPP-161','A',1000),('2016TAY-1','SUT-LPP-162','A',1000),('2016TAY-1','SUT-LPP-163','A',1000),('2016TAY-1','SUT-LPP-164','A',1000),('2016TAY-1','SUT-LPP-165','A',1000),('2016TAY-1','SUT-LPP-166','A',1000),('2016TAY-1','SUT-LPP-167','A',1000),('2016TAY-1','SUT-LPP-168','A',1000),('2016TAY-1','SUT-LPP-169','A',1000),('2016TAY-1','SUT-LPP-170','A',1000),('2016TAY-1','SUT-LPP-171','A',1000),('2016TAY-1','SUT-LPP-172','A',1000),('2016TAY-1','SUT-LPP-173','A',1000),('2016TAY-1','SUT-LPP-174','A',1000),('2016TAY-1','SUT-LPP-175','A',1000),('2016TAY-1','SUT-LPP-176','A',1000),('2016TAY-1','SUT-LPP-177','A',1000),('2016TAY-1','SUT-LPP-178','A',1000),('2016TAY-1','SUT-LPP-179','A',1000),('2016TAY-1','SUT-LPP-180','A',1000),('2016TAY-1','SUT-LPP-181','A',1000),('2016TAY-1','SUT-LPP-182','A',1000),('2016TAY-1','SUT-LPP-183','A',1000),('2016TAY-1','SUT-LPP-184','A',1000),('2016TAY-1','SUT-LPP-185','A',1000),('2016TAY-1','SUT-LPP-186','A',1000),('2016TAY-1','SUT-LPP-187','A',1000),('2016TAY-1','SUT-LPP-188','A',1000),('2016TAY-1','SUT-LPP-189','A',1000),('2016TAY-1','SUT-LPP-190','A',1000),('2016TAY-1','SUT-LPP-191','A',1000),('2016TAY-1','SUT-LPP-192','A',1000),('2016TAY-1','SUT-LPP-193','A',1000),('2016TAY-1','SUT-LPP-194','A',1000),('2016TAY-1','SUT-LPP-195','A',1000),('2016TAY-1','SUT-LPP-196','A',1000),('2016TAY-1','SUT-LPP-197','A',1000),('2016TAY-1','SUT-LPP-198','A',1000),('2016TAY-1','SUT-LPP-199','A',1000),('2016TAY-1','SUT-LPP-200','A',1000),('2016TAY-1','SUT-LPP-201','A',500),('2016TAY-1','SUT-LPP-202','A',500),('2016TAY-1','SUT-LPP-203','A',500),('2016TAY-1','SUT-LPP-204','A',500),('2016TAY-1','SUT-LPP-205','A',500),('2016TAY-1','SUT-LPP-206','A',500),('2016TAY-1','SUT-LPP-207','A',500),('2016TAY-1','SUT-LPP-208','A',500),('2016TAY-1','SUT-LPP-209','A',500),('2016TAY-1','SUT-LPP-210','A',500),('2016TAY-1','SUT-LPP-211','A',500),('2016TAY-1','SUT-LPP-212','A',500),('2016TAY-1','SUT-LPP-213','A',500),('2016TAY-1','SUT-LPP-214','A',500),('2016TAY-1','SUT-LPP-215','A',500),('2016TAY-1','SUT-LPP-216','A',500),('2016TAY-1','SUT-LPP-217','A',500),('2016TAY-1','SUT-LPP-218','A',500),('2016TAY-1','SUT-LPP-219','A',500),('2016TAY-1','SUT-LPP-220','A',500),('2016TAY-1','SUT-LPP-221','A',500),('2016TAY-1','SUT-LPP-222','A',500),('2016TAY-1','SUT-LPP-223','A',500),('2016TAY-1','SUT-LPP-224','A',500),('2016TAY-1','SUT-LPP-225','A',500),('2016TAY-1','SUT-LPP-226','A',500),('2016TAY-1','SUT-LPP-227','A',500),('2016TAY-1','SUT-LPP-228','A',500),('2016TAY-1','SUT-LPP-229','A',500),('2016TAY-1','SUT-LPP-230','A',500),('2016TAY-1','SUT-LPP-231','A',500),('2016TAY-1','SUT-LPP-232','A',500),('2016TAY-1','SUT-LPP-233','A',500),('2016TAY-1','SUT-LPP-234','A',500),('2016TAY-1','SUT-LPP-235','A',500),('2016TAY-1','SUT-LPP-236','A',500),('2016TAY-1','SUT-LPP-237','A',500),('2016TAY-1','SUT-LPP-238','A',500),('2016TAY-1','SUT-LPP-239','A',500),('2016TAY-1','SUT-LPP-240','A',500),('2016TAY-1','SUT-LPP-241','A',500),('2016TAY-1','SUT-LPP-242','A',500),('2016TAY-1','SUT-LPP-243','A',500),('2016TAY-1','SUT-LPP-244','A',500),('2016TAY-1','SUT-LPP-245','A',500),('2016TAY-1','SUT-LPP-246','A',500),('2016TAY-1','SUT-LPP-247','A',500),('2016TAY-1','SUT-LPP-248','A',500),('2016TAY-1','SUT-LPP-249','A',500),('2016TAY-1','SUT-LPP-250','A',500),('2016TAY-1','SUT-LPP-251','A',500),('2016TAY-1','SUT-LPP-252','A',500),('2016TAY-1','SUT-LPP-253','A',500),('2016TAY-1','SUT-LPP-254','A',500),('2016TAY-1','SUT-LPP-255','A',500),('2016TAY-1','SUT-LPP-256','A',500),('2016TAY-1','SUT-LPP-257','A',500),('2016TAY-1','SUT-LPP-258','A',500),('2016TAY-1','SUT-LPP-259','A',500),('2016TAY-1','SUT-LPP-260','A',500),('2016TAY-1','SUT-LPP-261','A',500),('2016TAY-1','SUT-LPP-262','A',500),('2016TAY-1','SUT-LPP-263','A',500),('2016TAY-1','SUT-LPP-264','A',500),('2016TAY-1','SUT-LPP-265','A',500),('2016TAY-1','SUT-LPP-266','A',500),('2016TAY-1','SUT-LPP-267','A',500),('2016TAY-1','SUT-LPP-268','A',500),('2016TAY-1','SUT-LPP-269','A',500),('2016TAY-1','SUT-LPP-270','A',500),('2016TAY-1','SUT-LPP-271','A',500),('2016TAY-1','SUT-LPP-272','A',500),('2016TAY-1','SUT-LPP-273','A',500),('2016TAY-1','SUT-LPP-274','A',500),('2016TAY-1','SUT-LPP-275','A',500),('2016TAY-1','SUT-LPP-276','A',500),('2016TAY-1','SUT-LPP-277','A',500),('2016TAY-1','SUT-LPP-278','A',500),('2016TAY-1','SUT-LPP-279','A',500),('2016TAY-1','SUT-LPP-280','A',500),('2016TAY-1','SUT-LPP-281','A',500),('2016TAY-1','SUT-LPP-282','A',500),('2016TAY-1','SUT-LPP-283','A',500),('2016TAY-1','SUT-LPP-284','A',500),('2016TAY-1','SUT-LPP-285','A',500),('2016TAY-1','SUT-LPP-286','A',500),('2016TAY-1','SUT-LPP-287','A',500),('2016TAY-1','SUT-LPP-288','A',500),('2016TAY-1','SUT-LPP-289','A',500),('2016TAY-1','SUT-LPP-290','A',500),('2016TAY-1','SUT-LPP-291','A',500),('2016TAY-1','SUT-LPP-292','A',500),('2016TAY-1','SUT-LPP-293','A',500),('2016TAY-1','SUT-LPP-294','A',500),('2016TAY-1','SUT-LPP-295','A',500),('2016TAY-1','SUT-LPP-296','A',500),('2016TAY-1','SUT-LPP-297','A',500),('2016TAY-1','SUT-LPP-298','A',500),('2016TAY-1','SUT-LPP-299','A',500),('2016TAY-1','SUT-LPP-300','A',500),('2016EI-1','SUT-LPP-01','NA',2000),('2016EI-1','SUT-LPP-02','NA',2000),('2016EI-1','SUT-LPP-03','NA',2000),('2016EI-1','SUT-LPP-04','NA',2000),('2016EI-1','SUT-LPP-05','A',2000),('2016EI-1','SUT-LPP-06','A',2000),('2016EI-1','SUT-LPP-07','A',2000),('2016EI-1','SUT-LPP-08','A',2000),('2016EI-1','SUT-LPP-09','A',2000),('2016EI-1','SUT-LPP-10','A',2000),('2016EI-1','SUT-LPP-11','A',2000),('2016EI-1','SUT-LPP-12','A',2000),('2016EI-1','SUT-LPP-13','A',2000),('2016EI-1','SUT-LPP-14','A',2000),('2016EI-1','SUT-LPP-15','A',2000),('2016EI-1','SUT-LPP-16','A',2000),('2016EI-1','SUT-LPP-17','A',2000),('2016EI-1','SUT-LPP-18','A',2000),('2016EI-1','SUT-LPP-19','A',2000),('2016EI-1','SUT-LPP-20','A',2000),('2016EI-1','SUT-LPP-21','A',2000),('2016EI-1','SUT-LPP-22','A',2000),('2016EI-1','SUT-LPP-23','A',2000),('2016EI-1','SUT-LPP-24','A',2000),('2016EI-1','SUT-LPP-25','A',2000),('2016EI-1','SUT-LPP-26','A',2000),('2016EI-1','SUT-LPP-27','A',2000),('2016EI-1','SUT-LPP-28','A',2000),('2016EI-1','SUT-LPP-29','A',2000),('2016EI-1','SUT-LPP-30','A',2000),('2016EI-1','SUT-LPP-31','A',2000),('2016EI-1','SUT-LPP-32','A',2000),('2016EI-1','SUT-LPP-33','A',2000),('2016EI-1','SUT-LPP-34','A',2000),('2016EI-1','SUT-LPP-35','A',2000),('2016EI-1','SUT-LPP-36','A',2000),('2016EI-1','SUT-LPP-37','A',2000),('2016EI-1','SUT-LPP-38','A',2000),('2016EI-1','SUT-LPP-39','A',2000),('2016EI-1','SUT-LPP-40','A',2000),('2016EI-1','SUT-LPP-41','A',2000),('2016EI-1','SUT-LPP-42','A',2000),('2016EI-1','SUT-LPP-43','A',2000),('2016EI-1','SUT-LPP-44','A',2000),('2016EI-1','SUT-LPP-45','A',2000),('2016EI-1','SUT-LPP-46','A',2000),('2016EI-1','SUT-LPP-47','A',2000),('2016EI-1','SUT-LPP-48','A',2000),('2016EI-1','SUT-LPP-49','A',2000),('2016EI-1','SUT-LPP-50','A',2000),('2016EI-1','SUT-LPP-51','A',2000),('2016EI-1','SUT-LPP-52','A',2000),('2016EI-1','SUT-LPP-53','A',2000),('2016EI-1','SUT-LPP-54','A',2000),('2016EI-1','SUT-LPP-55','A',2000),('2016EI-1','SUT-LPP-56','A',2000),('2016EI-1','SUT-LPP-57','A',2000),('2016EI-1','SUT-LPP-58','A',2000),('2016EI-1','SUT-LPP-59','A',2000),('2016EI-1','SUT-LPP-60','A',2000),('2016EI-1','SUT-LPP-61','A',2000),('2016EI-1','SUT-LPP-62','A',2000),('2016EI-1','SUT-LPP-63','A',2000),('2016EI-1','SUT-LPP-64','A',2000),('2016EI-1','SUT-LPP-65','A',2000),('2016EI-1','SUT-LPP-66','A',2000),('2016EI-1','SUT-LPP-67','A',2000),('2016EI-1','SUT-LPP-68','A',2000),('2016EI-1','SUT-LPP-69','A',2000),('2016EI-1','SUT-LPP-70','A',2000),('2016EI-1','SUT-LPP-71','A',2000),('2016EI-1','SUT-LPP-72','A',2000),('2016EI-1','SUT-LPP-73','A',2000),('2016EI-1','SUT-LPP-74','A',2000),('2016EI-1','SUT-LPP-75','A',2000),('2016EI-1','SUT-LPP-76','A',2000),('2016EI-1','SUT-LPP-77','A',2000),('2016EI-1','SUT-LPP-78','A',2000),('2016EI-1','SUT-LPP-79','A',2000),('2016EI-1','SUT-LPP-80','A',2000),('2016EI-1','SUT-LPP-81','A',2000),('2016EI-1','SUT-LPP-82','A',2000),('2016EI-1','SUT-LPP-83','A',2000),('2016EI-1','SUT-LPP-84','A',2000),('2016EI-1','SUT-LPP-85','A',2000),('2016EI-1','SUT-LPP-86','A',2000),('2016EI-1','SUT-LPP-87','A',2000),('2016EI-1','SUT-LPP-88','A',2000),('2016EI-1','SUT-LPP-89','A',2000),('2016EI-1','SUT-LPP-90','A',2000),('2016EI-1','SUT-LPP-91','A',2000),('2016EI-1','SUT-LPP-92','A',2000),('2016EI-1','SUT-LPP-93','A',2000),('2016EI-1','SUT-LPP-94','A',2000),('2016EI-1','SUT-LPP-95','A',2000),('2016EI-1','SUT-LPP-96','A',2000),('2016EI-1','SUT-LPP-97','A',2000),('2016EI-1','SUT-LPP-98','A',2000),('2016EI-1','SUT-LPP-99','A',2000),('2016EI-1','SUT-LPP-100','A',2000),('2016EI-1','SUT-LPP-101','A',1000),('2016EI-1','SUT-LPP-102','A',1000),('2016EI-1','SUT-LPP-103','A',1000),('2016EI-1','SUT-LPP-104','A',1000),('2016EI-1','SUT-LPP-105','A',1000),('2016EI-1','SUT-LPP-106','A',1000),('2016EI-1','SUT-LPP-107','A',1000),('2016EI-1','SUT-LPP-108','A',1000),('2016EI-1','SUT-LPP-109','A',1000),('2016EI-1','SUT-LPP-110','A',1000),('2016EI-1','SUT-LPP-111','A',1000),('2016EI-1','SUT-LPP-112','A',1000),('2016EI-1','SUT-LPP-113','A',1000),('2016EI-1','SUT-LPP-114','A',1000),('2016EI-1','SUT-LPP-115','A',1000),('2016EI-1','SUT-LPP-116','A',1000),('2016EI-1','SUT-LPP-117','A',1000),('2016EI-1','SUT-LPP-118','A',1000),('2016EI-1','SUT-LPP-119','A',1000),('2016EI-1','SUT-LPP-120','A',1000),('2016EI-1','SUT-LPP-121','A',1000),('2016EI-1','SUT-LPP-122','A',1000),('2016EI-1','SUT-LPP-123','A',1000),('2016EI-1','SUT-LPP-124','A',1000),('2016EI-1','SUT-LPP-125','A',1000),('2016EI-1','SUT-LPP-126','A',1000),('2016EI-1','SUT-LPP-127','A',1000),('2016EI-1','SUT-LPP-128','A',1000),('2016EI-1','SUT-LPP-129','A',1000),('2016EI-1','SUT-LPP-130','A',1000),('2016EI-1','SUT-LPP-131','A',1000),('2016EI-1','SUT-LPP-132','A',1000),('2016EI-1','SUT-LPP-133','A',1000),('2016EI-1','SUT-LPP-134','A',1000),('2016EI-1','SUT-LPP-135','A',1000),('2016EI-1','SUT-LPP-136','A',1000),('2016EI-1','SUT-LPP-137','A',1000),('2016EI-1','SUT-LPP-138','A',1000),('2016EI-1','SUT-LPP-139','A',1000),('2016EI-1','SUT-LPP-140','A',1000),('2016EI-1','SUT-LPP-141','A',1000),('2016EI-1','SUT-LPP-142','A',1000),('2016EI-1','SUT-LPP-143','A',1000),('2016EI-1','SUT-LPP-144','A',1000),('2016EI-1','SUT-LPP-145','A',1000),('2016EI-1','SUT-LPP-146','A',1000),('2016EI-1','SUT-LPP-147','A',1000),('2016EI-1','SUT-LPP-148','A',1000),('2016EI-1','SUT-LPP-149','A',1000),('2016EI-1','SUT-LPP-150','A',1000),('2016EI-1','SUT-LPP-151','A',1000),('2016EI-1','SUT-LPP-152','A',1000),('2016EI-1','SUT-LPP-153','A',1000),('2016EI-1','SUT-LPP-154','A',1000),('2016EI-1','SUT-LPP-155','A',1000),('2016EI-1','SUT-LPP-156','A',1000),('2016EI-1','SUT-LPP-157','A',1000),('2016EI-1','SUT-LPP-158','A',1000),('2016EI-1','SUT-LPP-159','A',1000),('2016EI-1','SUT-LPP-160','A',1000),('2016EI-1','SUT-LPP-161','A',1000),('2016EI-1','SUT-LPP-162','A',1000),('2016EI-1','SUT-LPP-163','A',1000),('2016EI-1','SUT-LPP-164','A',1000),('2016EI-1','SUT-LPP-165','A',1000),('2016EI-1','SUT-LPP-166','A',1000),('2016EI-1','SUT-LPP-167','A',1000),('2016EI-1','SUT-LPP-168','A',1000),('2016EI-1','SUT-LPP-169','A',1000),('2016EI-1','SUT-LPP-170','A',1000),('2016EI-1','SUT-LPP-171','A',1000),('2016EI-1','SUT-LPP-172','A',1000),('2016EI-1','SUT-LPP-173','A',1000),('2016EI-1','SUT-LPP-174','A',1000),('2016EI-1','SUT-LPP-175','A',1000),('2016EI-1','SUT-LPP-176','A',1000),('2016EI-1','SUT-LPP-177','A',1000),('2016EI-1','SUT-LPP-178','A',1000),('2016EI-1','SUT-LPP-179','A',1000),('2016EI-1','SUT-LPP-180','A',1000),('2016EI-1','SUT-LPP-181','A',1000),('2016EI-1','SUT-LPP-182','A',1000),('2016EI-1','SUT-LPP-183','A',1000),('2016EI-1','SUT-LPP-184','A',1000),('2016EI-1','SUT-LPP-185','A',1000),('2016EI-1','SUT-LPP-186','A',1000),('2016EI-1','SUT-LPP-187','A',1000),('2016EI-1','SUT-LPP-188','A',1000),('2016EI-1','SUT-LPP-189','A',1000),('2016EI-1','SUT-LPP-190','A',1000),('2016EI-1','SUT-LPP-191','A',1000),('2016EI-1','SUT-LPP-192','A',1000),('2016EI-1','SUT-LPP-193','A',1000),('2016EI-1','SUT-LPP-194','A',1000),('2016EI-1','SUT-LPP-195','A',1000),('2016EI-1','SUT-LPP-196','A',1000),('2016EI-1','SUT-LPP-197','A',1000),('2016EI-1','SUT-LPP-198','A',1000),('2016EI-1','SUT-LPP-199','A',1000),('2016EI-1','SUT-LPP-200','A',1000),('2016EI-1','SUT-LPP-201','A',500),('2016EI-1','SUT-LPP-202','A',500),('2016EI-1','SUT-LPP-203','A',500),('2016EI-1','SUT-LPP-204','A',500),('2016EI-1','SUT-LPP-205','A',500),('2016EI-1','SUT-LPP-206','A',500),('2016EI-1','SUT-LPP-207','A',500),('2016EI-1','SUT-LPP-208','A',500),('2016EI-1','SUT-LPP-209','A',500),('2016EI-1','SUT-LPP-210','A',500),('2016EI-1','SUT-LPP-211','A',500),('2016EI-1','SUT-LPP-212','A',500),('2016EI-1','SUT-LPP-213','A',500),('2016EI-1','SUT-LPP-214','A',500),('2016EI-1','SUT-LPP-215','A',500),('2016EI-1','SUT-LPP-216','A',500),('2016EI-1','SUT-LPP-217','A',500),('2016EI-1','SUT-LPP-218','A',500),('2016EI-1','SUT-LPP-219','A',500),('2016EI-1','SUT-LPP-220','A',500),('2016EI-1','SUT-LPP-221','A',500),('2016EI-1','SUT-LPP-222','A',500),('2016EI-1','SUT-LPP-223','A',500),('2016EI-1','SUT-LPP-224','A',500),('2016EI-1','SUT-LPP-225','A',500),('2016EI-1','SUT-LPP-226','A',500),('2016EI-1','SUT-LPP-227','A',500),('2016EI-1','SUT-LPP-228','A',500),('2016EI-1','SUT-LPP-229','A',500),('2016EI-1','SUT-LPP-230','A',500),('2016EI-1','SUT-LPP-231','A',500),('2016EI-1','SUT-LPP-232','A',500),('2016EI-1','SUT-LPP-233','A',500),('2016EI-1','SUT-LPP-234','A',500),('2016EI-1','SUT-LPP-235','A',500),('2016EI-1','SUT-LPP-236','A',500),('2016EI-1','SUT-LPP-237','A',500),('2016EI-1','SUT-LPP-238','A',500),('2016EI-1','SUT-LPP-239','A',500),('2016EI-1','SUT-LPP-240','A',500),('2016EI-1','SUT-LPP-241','A',500),('2016EI-1','SUT-LPP-242','A',500),('2016EI-1','SUT-LPP-243','A',500),('2016EI-1','SUT-LPP-244','A',500),('2016EI-1','SUT-LPP-245','A',500),('2016EI-1','SUT-LPP-246','A',500),('2016EI-1','SUT-LPP-247','A',500),('2016EI-1','SUT-LPP-248','A',500),('2016EI-1','SUT-LPP-249','A',500),('2016EI-1','SUT-LPP-250','A',500),('2016EI-1','SUT-LPP-251','A',500),('2016EI-1','SUT-LPP-252','A',500),('2016EI-1','SUT-LPP-253','A',500),('2016EI-1','SUT-LPP-254','A',500),('2016EI-1','SUT-LPP-255','A',500),('2016EI-1','SUT-LPP-256','A',500),('2016EI-1','SUT-LPP-257','A',500),('2016EI-1','SUT-LPP-258','A',500),('2016EI-1','SUT-LPP-259','A',500),('2016EI-1','SUT-LPP-260','A',500),('2016EI-1','SUT-LPP-261','A',500),('2016EI-1','SUT-LPP-262','A',500),('2016EI-1','SUT-LPP-263','A',500),('2016EI-1','SUT-LPP-264','A',500),('2016EI-1','SUT-LPP-265','A',500),('2016EI-1','SUT-LPP-266','A',500),('2016EI-1','SUT-LPP-267','A',500),('2016EI-1','SUT-LPP-268','A',500),('2016EI-1','SUT-LPP-269','A',500),('2016EI-1','SUT-LPP-270','A',500),('2016EI-1','SUT-LPP-271','A',500),('2016EI-1','SUT-LPP-272','A',500),('2016EI-1','SUT-LPP-273','A',500),('2016EI-1','SUT-LPP-274','A',500),('2016EI-1','SUT-LPP-275','A',500),('2016EI-1','SUT-LPP-276','A',500),('2016EI-1','SUT-LPP-277','A',500),('2016EI-1','SUT-LPP-278','A',500),('2016EI-1','SUT-LPP-279','A',500),('2016EI-1','SUT-LPP-280','A',500),('2016EI-1','SUT-LPP-281','A',500),('2016EI-1','SUT-LPP-282','A',500),('2016EI-1','SUT-LPP-283','A',500),('2016EI-1','SUT-LPP-284','A',500),('2016EI-1','SUT-LPP-285','A',500),('2016EI-1','SUT-LPP-286','A',500),('2016EI-1','SUT-LPP-287','A',500),('2016EI-1','SUT-LPP-288','A',500),('2016EI-1','SUT-LPP-289','A',500),('2016EI-1','SUT-LPP-290','A',500),('2016EI-1','SUT-LPP-291','A',500),('2016EI-1','SUT-LPP-292','A',500),('2016EI-1','SUT-LPP-293','A',500),('2016EI-1','SUT-LPP-294','A',500),('2016EI-1','SUT-LPP-295','A',500),('2016EI-1','SUT-LPP-296','A',500),('2016EI-1','SUT-LPP-297','A',500),('2016EI-1','SUT-LPP-298','A',500),('2016EI-1','SUT-LPP-299','A',500),('2016EI-1','SUT-LPP-300','A',500),('2016ARR-1','SUT-LPP-01','NA',1500),('2016ARR-1','SUT-LPP-02','NA',1500),('2016ARR-1','SUT-LPP-03','NA',1500),('2016ARR-1','SUT-LPP-04','NA',1500),('2016ARR-1','SUT-LPP-05','A',1500),('2016ARR-1','SUT-LPP-06','A',1500),('2016ARR-1','SUT-LPP-07','A',1500),('2016ARR-1','SUT-LPP-08','A',1500),('2016ARR-1','SUT-LPP-09','A',1500),('2016ARR-1','SUT-LPP-10','A',1500),('2016ARR-1','SUT-LPP-11','A',1500),('2016ARR-1','SUT-LPP-12','A',1500),('2016ARR-1','SUT-LPP-13','A',1500),('2016ARR-1','SUT-LPP-14','A',1500),('2016ARR-1','SUT-LPP-15','A',1500),('2016ARR-1','SUT-LPP-16','A',1500),('2016ARR-1','SUT-LPP-17','A',1500),('2016ARR-1','SUT-LPP-18','A',1500),('2016ARR-1','SUT-LPP-19','A',1500),('2016ARR-1','SUT-LPP-20','A',1500),('2016ARR-1','SUT-LPP-21','A',1500),('2016ARR-1','SUT-LPP-22','A',1500),('2016ARR-1','SUT-LPP-23','A',1500),('2016ARR-1','SUT-LPP-24','A',1500),('2016ARR-1','SUT-LPP-25','A',1500),('2016ARR-1','SUT-LPP-26','A',1500),('2016ARR-1','SUT-LPP-27','A',1500),('2016ARR-1','SUT-LPP-28','A',1500),('2016ARR-1','SUT-LPP-29','A',1500),('2016ARR-1','SUT-LPP-30','A',1500),('2016ARR-1','SUT-LPP-31','A',1500),('2016ARR-1','SUT-LPP-32','A',1500),('2016ARR-1','SUT-LPP-33','A',1500),('2016ARR-1','SUT-LPP-34','A',1500),('2016ARR-1','SUT-LPP-35','A',1500),('2016ARR-1','SUT-LPP-36','A',1500),('2016ARR-1','SUT-LPP-37','A',1500),('2016ARR-1','SUT-LPP-38','A',1500),('2016ARR-1','SUT-LPP-39','A',1500),('2016ARR-1','SUT-LPP-40','A',1500),('2016ARR-1','SUT-LPP-41','A',1500),('2016ARR-1','SUT-LPP-42','A',1500),('2016ARR-1','SUT-LPP-43','A',1500),('2016ARR-1','SUT-LPP-44','A',1500),('2016ARR-1','SUT-LPP-45','A',1500),('2016ARR-1','SUT-LPP-46','A',1500),('2016ARR-1','SUT-LPP-47','A',1500),('2016ARR-1','SUT-LPP-48','A',1500),('2016ARR-1','SUT-LPP-49','A',1500),('2016ARR-1','SUT-LPP-50','A',1500),('2016ARR-1','SUT-LPP-51','A',1500),('2016ARR-1','SUT-LPP-52','A',1500),('2016ARR-1','SUT-LPP-53','A',1500),('2016ARR-1','SUT-LPP-54','A',1500),('2016ARR-1','SUT-LPP-55','A',1500),('2016ARR-1','SUT-LPP-56','A',1500),('2016ARR-1','SUT-LPP-57','A',1500),('2016ARR-1','SUT-LPP-58','A',1500),('2016ARR-1','SUT-LPP-59','A',1500),('2016ARR-1','SUT-LPP-60','A',1500),('2016ARR-1','SUT-LPP-61','A',1500),('2016ARR-1','SUT-LPP-62','A',1500),('2016ARR-1','SUT-LPP-63','A',1500),('2016ARR-1','SUT-LPP-64','A',1500),('2016ARR-1','SUT-LPP-65','A',1500),('2016ARR-1','SUT-LPP-66','A',1500),('2016ARR-1','SUT-LPP-67','A',1500),('2016ARR-1','SUT-LPP-68','A',1500),('2016ARR-1','SUT-LPP-69','A',1500),('2016ARR-1','SUT-LPP-70','A',1500),('2016ARR-1','SUT-LPP-71','A',1500),('2016ARR-1','SUT-LPP-72','A',1500),('2016ARR-1','SUT-LPP-73','A',1500),('2016ARR-1','SUT-LPP-74','A',1500),('2016ARR-1','SUT-LPP-75','A',1500),('2016ARR-1','SUT-LPP-76','A',1500),('2016ARR-1','SUT-LPP-77','A',1500),('2016ARR-1','SUT-LPP-78','A',1500),('2016ARR-1','SUT-LPP-79','A',1500),('2016ARR-1','SUT-LPP-80','A',1500),('2016ARR-1','SUT-LPP-81','A',1500),('2016ARR-1','SUT-LPP-82','A',1500),('2016ARR-1','SUT-LPP-83','A',1500),('2016ARR-1','SUT-LPP-84','A',1500),('2016ARR-1','SUT-LPP-85','A',1500),('2016ARR-1','SUT-LPP-86','A',1500),('2016ARR-1','SUT-LPP-87','A',1500),('2016ARR-1','SUT-LPP-88','A',1500),('2016ARR-1','SUT-LPP-89','A',1500),('2016ARR-1','SUT-LPP-90','A',1500),('2016ARR-1','SUT-LPP-91','A',1500),('2016ARR-1','SUT-LPP-92','A',1500),('2016ARR-1','SUT-LPP-93','A',1500),('2016ARR-1','SUT-LPP-94','A',1500),('2016ARR-1','SUT-LPP-95','A',1500),('2016ARR-1','SUT-LPP-96','A',1500),('2016ARR-1','SUT-LPP-97','A',1500),('2016ARR-1','SUT-LPP-98','A',1500),('2016ARR-1','SUT-LPP-99','A',1500),('2016ARR-1','SUT-LPP-100','A',1500),('2016ARR-1','SUT-LPP-101','A',1000),('2016ARR-1','SUT-LPP-102','A',1000),('2016ARR-1','SUT-LPP-103','A',1000),('2016ARR-1','SUT-LPP-104','A',1000),('2016ARR-1','SUT-LPP-105','A',1000),('2016ARR-1','SUT-LPP-106','A',1000),('2016ARR-1','SUT-LPP-107','A',1000),('2016ARR-1','SUT-LPP-108','A',1000),('2016ARR-1','SUT-LPP-109','A',1000),('2016ARR-1','SUT-LPP-110','A',1000),('2016ARR-1','SUT-LPP-111','A',1000),('2016ARR-1','SUT-LPP-112','A',1000),('2016ARR-1','SUT-LPP-113','A',1000),('2016ARR-1','SUT-LPP-114','A',1000),('2016ARR-1','SUT-LPP-115','A',1000),('2016ARR-1','SUT-LPP-116','A',1000),('2016ARR-1','SUT-LPP-117','A',1000),('2016ARR-1','SUT-LPP-118','A',1000),('2016ARR-1','SUT-LPP-119','A',1000),('2016ARR-1','SUT-LPP-120','A',1000),('2016ARR-1','SUT-LPP-121','A',1000),('2016ARR-1','SUT-LPP-122','A',1000),('2016ARR-1','SUT-LPP-123','A',1000),('2016ARR-1','SUT-LPP-124','A',1000),('2016ARR-1','SUT-LPP-125','A',1000),('2016ARR-1','SUT-LPP-126','A',1000),('2016ARR-1','SUT-LPP-127','A',1000),('2016ARR-1','SUT-LPP-128','A',1000),('2016ARR-1','SUT-LPP-129','A',1000),('2016ARR-1','SUT-LPP-130','A',1000),('2016ARR-1','SUT-LPP-131','A',1000),('2016ARR-1','SUT-LPP-132','A',1000),('2016ARR-1','SUT-LPP-133','A',1000),('2016ARR-1','SUT-LPP-134','A',1000),('2016ARR-1','SUT-LPP-135','A',1000),('2016ARR-1','SUT-LPP-136','A',1000),('2016ARR-1','SUT-LPP-137','A',1000),('2016ARR-1','SUT-LPP-138','A',1000),('2016ARR-1','SUT-LPP-139','A',1000),('2016ARR-1','SUT-LPP-140','A',1000),('2016ARR-1','SUT-LPP-141','A',1000),('2016ARR-1','SUT-LPP-142','A',1000),('2016ARR-1','SUT-LPP-143','A',1000),('2016ARR-1','SUT-LPP-144','A',1000),('2016ARR-1','SUT-LPP-145','A',1000),('2016ARR-1','SUT-LPP-146','A',1000),('2016ARR-1','SUT-LPP-147','A',1000),('2016ARR-1','SUT-LPP-148','A',1000),('2016ARR-1','SUT-LPP-149','A',1000),('2016ARR-1','SUT-LPP-150','A',1000),('2016ARR-1','SUT-LPP-151','A',1000),('2016ARR-1','SUT-LPP-152','A',1000),('2016ARR-1','SUT-LPP-153','A',1000),('2016ARR-1','SUT-LPP-154','A',1000),('2016ARR-1','SUT-LPP-155','A',1000),('2016ARR-1','SUT-LPP-156','A',1000),('2016ARR-1','SUT-LPP-157','A',1000),('2016ARR-1','SUT-LPP-158','A',1000),('2016ARR-1','SUT-LPP-159','A',1000),('2016ARR-1','SUT-LPP-160','A',1000),('2016ARR-1','SUT-LPP-161','A',1000),('2016ARR-1','SUT-LPP-162','A',1000),('2016ARR-1','SUT-LPP-163','A',1000),('2016ARR-1','SUT-LPP-164','A',1000),('2016ARR-1','SUT-LPP-165','A',1000),('2016ARR-1','SUT-LPP-166','A',1000),('2016ARR-1','SUT-LPP-167','A',1000),('2016ARR-1','SUT-LPP-168','A',1000),('2016ARR-1','SUT-LPP-169','A',1000),('2016ARR-1','SUT-LPP-170','A',1000),('2016ARR-1','SUT-LPP-171','A',1000),('2016ARR-1','SUT-LPP-172','A',1000),('2016ARR-1','SUT-LPP-173','A',1000),('2016ARR-1','SUT-LPP-174','A',1000),('2016ARR-1','SUT-LPP-175','A',1000),('2016ARR-1','SUT-LPP-176','A',1000),('2016ARR-1','SUT-LPP-177','A',1000),('2016ARR-1','SUT-LPP-178','A',1000),('2016ARR-1','SUT-LPP-179','A',1000),('2016ARR-1','SUT-LPP-180','A',1000),('2016ARR-1','SUT-LPP-181','A',1000),('2016ARR-1','SUT-LPP-182','A',1000),('2016ARR-1','SUT-LPP-183','A',1000),('2016ARR-1','SUT-LPP-184','A',1000),('2016ARR-1','SUT-LPP-185','A',1000),('2016ARR-1','SUT-LPP-186','A',1000),('2016ARR-1','SUT-LPP-187','A',1000),('2016ARR-1','SUT-LPP-188','A',1000),('2016ARR-1','SUT-LPP-189','A',1000),('2016ARR-1','SUT-LPP-190','A',1000),('2016ARR-1','SUT-LPP-191','A',1000),('2016ARR-1','SUT-LPP-192','A',1000),('2016ARR-1','SUT-LPP-193','A',1000),('2016ARR-1','SUT-LPP-194','A',1000),('2016ARR-1','SUT-LPP-195','A',1000),('2016ARR-1','SUT-LPP-196','A',1000),('2016ARR-1','SUT-LPP-197','A',1000),('2016ARR-1','SUT-LPP-198','A',1000),('2016ARR-1','SUT-LPP-199','A',1000),('2016ARR-1','SUT-LPP-200','A',1000),('2016ARR-1','SUT-LPP-201','A',300),('2016ARR-1','SUT-LPP-202','A',300),('2016ARR-1','SUT-LPP-203','A',300),('2016ARR-1','SUT-LPP-204','A',300),('2016ARR-1','SUT-LPP-205','A',300),('2016ARR-1','SUT-LPP-206','A',300),('2016ARR-1','SUT-LPP-207','A',300),('2016ARR-1','SUT-LPP-208','A',300),('2016ARR-1','SUT-LPP-209','A',300),('2016ARR-1','SUT-LPP-210','A',300),('2016ARR-1','SUT-LPP-211','A',300),('2016ARR-1','SUT-LPP-212','A',300),('2016ARR-1','SUT-LPP-213','A',300),('2016ARR-1','SUT-LPP-214','A',300),('2016ARR-1','SUT-LPP-215','A',300),('2016ARR-1','SUT-LPP-216','A',300),('2016ARR-1','SUT-LPP-217','A',300),('2016ARR-1','SUT-LPP-218','A',300),('2016ARR-1','SUT-LPP-219','A',300),('2016ARR-1','SUT-LPP-220','A',300),('2016ARR-1','SUT-LPP-221','A',300),('2016ARR-1','SUT-LPP-222','A',300),('2016ARR-1','SUT-LPP-223','A',300),('2016ARR-1','SUT-LPP-224','A',300),('2016ARR-1','SUT-LPP-225','A',300),('2016ARR-1','SUT-LPP-226','A',300),('2016ARR-1','SUT-LPP-227','A',300),('2016ARR-1','SUT-LPP-228','A',300),('2016ARR-1','SUT-LPP-229','A',300),('2016ARR-1','SUT-LPP-230','A',300),('2016ARR-1','SUT-LPP-231','A',300),('2016ARR-1','SUT-LPP-232','A',300),('2016ARR-1','SUT-LPP-233','A',300),('2016ARR-1','SUT-LPP-234','A',300),('2016ARR-1','SUT-LPP-235','A',300),('2016ARR-1','SUT-LPP-236','A',300),('2016ARR-1','SUT-LPP-237','A',300),('2016ARR-1','SUT-LPP-238','A',300),('2016ARR-1','SUT-LPP-239','A',300),('2016ARR-1','SUT-LPP-240','A',300),('2016ARR-1','SUT-LPP-241','A',300),('2016ARR-1','SUT-LPP-242','A',300),('2016ARR-1','SUT-LPP-243','A',300),('2016ARR-1','SUT-LPP-244','A',300),('2016ARR-1','SUT-LPP-245','A',300),('2016ARR-1','SUT-LPP-246','A',300),('2016ARR-1','SUT-LPP-247','A',300),('2016ARR-1','SUT-LPP-248','A',300),('2016ARR-1','SUT-LPP-249','A',300),('2016ARR-1','SUT-LPP-250','A',300),('2016ARR-1','SUT-LPP-251','A',300),('2016ARR-1','SUT-LPP-252','A',300),('2016ARR-1','SUT-LPP-253','A',300),('2016ARR-1','SUT-LPP-254','A',300),('2016ARR-1','SUT-LPP-255','A',300),('2016ARR-1','SUT-LPP-256','A',300),('2016ARR-1','SUT-LPP-257','A',300),('2016ARR-1','SUT-LPP-258','A',300),('2016ARR-1','SUT-LPP-259','A',300),('2016ARR-1','SUT-LPP-260','A',300),('2016ARR-1','SUT-LPP-261','A',300),('2016ARR-1','SUT-LPP-262','A',300),('2016ARR-1','SUT-LPP-263','A',300),('2016ARR-1','SUT-LPP-264','A',300),('2016ARR-1','SUT-LPP-265','A',300),('2016ARR-1','SUT-LPP-266','A',300),('2016ARR-1','SUT-LPP-267','A',300),('2016ARR-1','SUT-LPP-268','A',300),('2016ARR-1','SUT-LPP-269','A',300),('2016ARR-1','SUT-LPP-270','A',300),('2016ARR-1','SUT-LPP-271','A',300),('2016ARR-1','SUT-LPP-272','A',300),('2016ARR-1','SUT-LPP-273','A',300),('2016ARR-1','SUT-LPP-274','A',300),('2016ARR-1','SUT-LPP-275','A',300),('2016ARR-1','SUT-LPP-276','A',300),('2016ARR-1','SUT-LPP-277','A',300),('2016ARR-1','SUT-LPP-278','A',300),('2016ARR-1','SUT-LPP-279','A',300),('2016ARR-1','SUT-LPP-280','A',300),('2016ARR-1','SUT-LPP-281','A',300),('2016ARR-1','SUT-LPP-282','A',300),('2016ARR-1','SUT-LPP-283','A',300),('2016ARR-1','SUT-LPP-284','A',300),('2016ARR-1','SUT-LPP-285','A',300),('2016ARR-1','SUT-LPP-286','A',300),('2016ARR-1','SUT-LPP-287','A',300),('2016ARR-1','SUT-LPP-288','A',300),('2016ARR-1','SUT-LPP-289','A',300),('2016ARR-1','SUT-LPP-290','A',300),('2016ARR-1','SUT-LPP-291','A',300),('2016ARR-1','SUT-LPP-292','A',300),('2016ARR-1','SUT-LPP-293','A',300),('2016ARR-1','SUT-LPP-294','A',300),('2016ARR-1','SUT-LPP-295','A',300),('2016ARR-1','SUT-LPP-296','A',300),('2016ARR-1','SUT-LPP-297','A',300),('2016ARR-1','SUT-LPP-298','A',300),('2016ARR-1','SUT-LPP-299','A',300),('2016ARR-1','SUT-LPP-300','A',300),('2016AMT-1','SUT-LPP-01','NA',1000),('2016AMT-1','SUT-LPP-02','NA',1000),('2016AMT-1','SUT-LPP-03','NA',1000),('2016AMT-1','SUT-LPP-04','NA',1000),('2016AMT-1','SUT-LPP-05','NA',1000),('2016AMT-1','SUT-LPP-06','NA',1000),('2016AMT-1','SUT-LPP-07','NA',1000),('2016AMT-1','SUT-LPP-08','NA',1000),('2016AMT-1','SUT-LPP-09','A',1000),('2016AMT-1','SUT-LPP-10','A',1000),('2016AMT-1','SUT-LPP-11','A',1000),('2016AMT-1','SUT-LPP-12','A',1000),('2016AMT-1','SUT-LPP-13','A',1000),('2016AMT-1','SUT-LPP-14','A',1000),('2016AMT-1','SUT-LPP-15','A',1000),('2016AMT-1','SUT-LPP-16','A',1000),('2016AMT-1','SUT-LPP-17','A',1000),('2016AMT-1','SUT-LPP-18','A',1000),('2016AMT-1','SUT-LPP-19','A',1000),('2016AMT-1','SUT-LPP-20','A',1000),('2016AMT-1','SUT-LPP-21','A',1000),('2016AMT-1','SUT-LPP-22','A',1000),('2016AMT-1','SUT-LPP-23','A',1000),('2016AMT-1','SUT-LPP-24','A',1000),('2016AMT-1','SUT-LPP-25','A',1000),('2016AMT-1','SUT-LPP-26','A',1000),('2016AMT-1','SUT-LPP-27','A',1000),('2016AMT-1','SUT-LPP-28','A',1000),('2016AMT-1','SUT-LPP-29','A',1000),('2016AMT-1','SUT-LPP-30','A',1000),('2016AMT-1','SUT-LPP-31','A',1000),('2016AMT-1','SUT-LPP-32','A',1000),('2016AMT-1','SUT-LPP-33','A',1000),('2016AMT-1','SUT-LPP-34','A',1000),('2016AMT-1','SUT-LPP-35','A',1000),('2016AMT-1','SUT-LPP-36','A',1000),('2016AMT-1','SUT-LPP-37','A',1000),('2016AMT-1','SUT-LPP-38','A',1000),('2016AMT-1','SUT-LPP-39','A',1000),('2016AMT-1','SUT-LPP-40','A',1000),('2016AMT-1','SUT-LPP-41','A',1000),('2016AMT-1','SUT-LPP-42','A',1000),('2016AMT-1','SUT-LPP-43','A',1000),('2016AMT-1','SUT-LPP-44','A',1000),('2016AMT-1','SUT-LPP-45','A',1000),('2016AMT-1','SUT-LPP-46','A',1000),('2016AMT-1','SUT-LPP-47','A',1000),('2016AMT-1','SUT-LPP-48','A',1000),('2016AMT-1','SUT-LPP-49','A',1000),('2016AMT-1','SUT-LPP-50','A',1000),('2016AMT-1','SUT-LPP-51','A',1000),('2016AMT-1','SUT-LPP-52','A',1000),('2016AMT-1','SUT-LPP-53','A',1000),('2016AMT-1','SUT-LPP-54','A',1000),('2016AMT-1','SUT-LPP-55','A',1000),('2016AMT-1','SUT-LPP-56','A',1000),('2016AMT-1','SUT-LPP-57','A',1000),('2016AMT-1','SUT-LPP-58','A',1000),('2016AMT-1','SUT-LPP-59','A',1000),('2016AMT-1','SUT-LPP-60','A',1000),('2016AMT-1','SUT-LPP-61','A',1000),('2016AMT-1','SUT-LPP-62','A',1000),('2016AMT-1','SUT-LPP-63','A',1000),('2016AMT-1','SUT-LPP-64','A',1000),('2016AMT-1','SUT-LPP-65','A',1000),('2016AMT-1','SUT-LPP-66','A',1000),('2016AMT-1','SUT-LPP-67','A',1000),('2016AMT-1','SUT-LPP-68','A',1000),('2016AMT-1','SUT-LPP-69','A',1000),('2016AMT-1','SUT-LPP-70','A',1000),('2016AMT-1','SUT-LPP-71','A',1000),('2016AMT-1','SUT-LPP-72','A',1000),('2016AMT-1','SUT-LPP-73','A',1000),('2016AMT-1','SUT-LPP-74','A',1000),('2016AMT-1','SUT-LPP-75','A',1000),('2016AMT-1','SUT-LPP-76','A',1000),('2016AMT-1','SUT-LPP-77','A',1000),('2016AMT-1','SUT-LPP-78','A',1000),('2016AMT-1','SUT-LPP-79','A',1000),('2016AMT-1','SUT-LPP-80','A',1000),('2016AMT-1','SUT-LPP-81','A',1000),('2016AMT-1','SUT-LPP-82','A',1000),('2016AMT-1','SUT-LPP-83','A',1000),('2016AMT-1','SUT-LPP-84','A',1000),('2016AMT-1','SUT-LPP-85','A',1000),('2016AMT-1','SUT-LPP-86','A',1000),('2016AMT-1','SUT-LPP-87','A',1000),('2016AMT-1','SUT-LPP-88','A',1000),('2016AMT-1','SUT-LPP-89','A',1000),('2016AMT-1','SUT-LPP-90','A',1000),('2016AMT-1','SUT-LPP-91','A',1000),('2016AMT-1','SUT-LPP-92','A',1000),('2016AMT-1','SUT-LPP-93','A',1000),('2016AMT-1','SUT-LPP-94','A',1000),('2016AMT-1','SUT-LPP-95','A',1000),('2016AMT-1','SUT-LPP-96','A',1000),('2016AMT-1','SUT-LPP-97','A',1000),('2016AMT-1','SUT-LPP-98','A',1000),('2016AMT-1','SUT-LPP-99','A',1000),('2016AMT-1','SUT-LPP-100','A',1000),('2016AMT-1','SUT-LPP-101','NA',500),('2016AMT-1','SUT-LPP-102','NA',500),('2016AMT-1','SUT-LPP-103','NA',500),('2016AMT-1','SUT-LPP-104','NA',500),('2016AMT-1','SUT-LPP-105','A',500),('2016AMT-1','SUT-LPP-106','A',500),('2016AMT-1','SUT-LPP-107','A',500),('2016AMT-1','SUT-LPP-108','A',500),('2016AMT-1','SUT-LPP-109','A',500),('2016AMT-1','SUT-LPP-110','A',500),('2016AMT-1','SUT-LPP-111','A',500),('2016AMT-1','SUT-LPP-112','A',500),('2016AMT-1','SUT-LPP-113','A',500),('2016AMT-1','SUT-LPP-114','A',500),('2016AMT-1','SUT-LPP-115','A',500),('2016AMT-1','SUT-LPP-116','A',500),('2016AMT-1','SUT-LPP-117','A',500),('2016AMT-1','SUT-LPP-118','A',500),('2016AMT-1','SUT-LPP-119','A',500),('2016AMT-1','SUT-LPP-120','A',500),('2016AMT-1','SUT-LPP-121','A',500),('2016AMT-1','SUT-LPP-122','A',500),('2016AMT-1','SUT-LPP-123','A',500),('2016AMT-1','SUT-LPP-124','A',500),('2016AMT-1','SUT-LPP-125','A',500),('2016AMT-1','SUT-LPP-126','A',500),('2016AMT-1','SUT-LPP-127','A',500),('2016AMT-1','SUT-LPP-128','A',500),('2016AMT-1','SUT-LPP-129','A',500),('2016AMT-1','SUT-LPP-130','A',500),('2016AMT-1','SUT-LPP-131','A',500),('2016AMT-1','SUT-LPP-132','A',500),('2016AMT-1','SUT-LPP-133','A',500),('2016AMT-1','SUT-LPP-134','A',500),('2016AMT-1','SUT-LPP-135','A',500),('2016AMT-1','SUT-LPP-136','A',500),('2016AMT-1','SUT-LPP-137','A',500),('2016AMT-1','SUT-LPP-138','A',500),('2016AMT-1','SUT-LPP-139','A',500),('2016AMT-1','SUT-LPP-140','A',500),('2016AMT-1','SUT-LPP-141','A',500),('2016AMT-1','SUT-LPP-142','A',500),('2016AMT-1','SUT-LPP-143','A',500),('2016AMT-1','SUT-LPP-144','A',500),('2016AMT-1','SUT-LPP-145','A',500),('2016AMT-1','SUT-LPP-146','A',500),('2016AMT-1','SUT-LPP-147','A',500),('2016AMT-1','SUT-LPP-148','A',500),('2016AMT-1','SUT-LPP-149','A',500),('2016AMT-1','SUT-LPP-150','A',500),('2016AMT-1','SUT-LPP-151','A',500),('2016AMT-1','SUT-LPP-152','A',500),('2016AMT-1','SUT-LPP-153','A',500),('2016AMT-1','SUT-LPP-154','A',500),('2016AMT-1','SUT-LPP-155','A',500),('2016AMT-1','SUT-LPP-156','A',500),('2016AMT-1','SUT-LPP-157','A',500),('2016AMT-1','SUT-LPP-158','A',500),('2016AMT-1','SUT-LPP-159','A',500),('2016AMT-1','SUT-LPP-160','A',500),('2016AMT-1','SUT-LPP-161','A',500),('2016AMT-1','SUT-LPP-162','A',500),('2016AMT-1','SUT-LPP-163','A',500),('2016AMT-1','SUT-LPP-164','A',500),('2016AMT-1','SUT-LPP-165','A',500),('2016AMT-1','SUT-LPP-166','A',500),('2016AMT-1','SUT-LPP-167','A',500),('2016AMT-1','SUT-LPP-168','A',500),('2016AMT-1','SUT-LPP-169','A',500),('2016AMT-1','SUT-LPP-170','A',500),('2016AMT-1','SUT-LPP-171','A',500),('2016AMT-1','SUT-LPP-172','A',500),('2016AMT-1','SUT-LPP-173','A',500),('2016AMT-1','SUT-LPP-174','A',500),('2016AMT-1','SUT-LPP-175','A',500),('2016AMT-1','SUT-LPP-176','A',500),('2016AMT-1','SUT-LPP-177','A',500),('2016AMT-1','SUT-LPP-178','A',500),('2016AMT-1','SUT-LPP-179','A',500),('2016AMT-1','SUT-LPP-180','A',500),('2016AMT-1','SUT-LPP-181','A',500),('2016AMT-1','SUT-LPP-182','A',500),('2016AMT-1','SUT-LPP-183','A',500),('2016AMT-1','SUT-LPP-184','A',500),('2016AMT-1','SUT-LPP-185','A',500),('2016AMT-1','SUT-LPP-186','A',500),('2016AMT-1','SUT-LPP-187','A',500),('2016AMT-1','SUT-LPP-188','A',500),('2016AMT-1','SUT-LPP-189','A',500),('2016AMT-1','SUT-LPP-190','A',500),('2016AMT-1','SUT-LPP-191','A',500),('2016AMT-1','SUT-LPP-192','A',500),('2016AMT-1','SUT-LPP-193','A',500),('2016AMT-1','SUT-LPP-194','A',500),('2016AMT-1','SUT-LPP-195','A',500),('2016AMT-1','SUT-LPP-196','A',500),('2016AMT-1','SUT-LPP-197','A',500),('2016AMT-1','SUT-LPP-198','A',500),('2016AMT-1','SUT-LPP-199','A',500),('2016AMT-1','SUT-LPP-200','A',500),('2016AMT-1','SUT-LPP-201','A',300),('2016AMT-1','SUT-LPP-202','A',300),('2016AMT-1','SUT-LPP-203','A',300),('2016AMT-1','SUT-LPP-204','A',300),('2016AMT-1','SUT-LPP-205','A',300),('2016AMT-1','SUT-LPP-206','A',300),('2016AMT-1','SUT-LPP-207','A',300),('2016AMT-1','SUT-LPP-208','A',300),('2016AMT-1','SUT-LPP-209','A',300),('2016AMT-1','SUT-LPP-210','A',300),('2016AMT-1','SUT-LPP-211','A',300),('2016AMT-1','SUT-LPP-212','A',300),('2016AMT-1','SUT-LPP-213','A',300),('2016AMT-1','SUT-LPP-214','A',300),('2016AMT-1','SUT-LPP-215','A',300),('2016AMT-1','SUT-LPP-216','A',300),('2016AMT-1','SUT-LPP-217','A',300),('2016AMT-1','SUT-LPP-218','A',300),('2016AMT-1','SUT-LPP-219','A',300),('2016AMT-1','SUT-LPP-220','A',300),('2016AMT-1','SUT-LPP-221','A',300),('2016AMT-1','SUT-LPP-222','A',300),('2016AMT-1','SUT-LPP-223','A',300),('2016AMT-1','SUT-LPP-224','A',300),('2016AMT-1','SUT-LPP-225','A',300),('2016AMT-1','SUT-LPP-226','A',300),('2016AMT-1','SUT-LPP-227','A',300),('2016AMT-1','SUT-LPP-228','A',300),('2016AMT-1','SUT-LPP-229','A',300),('2016AMT-1','SUT-LPP-230','A',300),('2016AMT-1','SUT-LPP-231','A',300),('2016AMT-1','SUT-LPP-232','A',300),('2016AMT-1','SUT-LPP-233','A',300),('2016AMT-1','SUT-LPP-234','A',300),('2016AMT-1','SUT-LPP-235','A',300),('2016AMT-1','SUT-LPP-236','A',300),('2016AMT-1','SUT-LPP-237','A',300),('2016AMT-1','SUT-LPP-238','A',300),('2016AMT-1','SUT-LPP-239','A',300),('2016AMT-1','SUT-LPP-240','A',300),('2016AMT-1','SUT-LPP-241','A',300),('2016AMT-1','SUT-LPP-242','A',300),('2016AMT-1','SUT-LPP-243','A',300),('2016AMT-1','SUT-LPP-244','A',300),('2016AMT-1','SUT-LPP-245','A',300),('2016AMT-1','SUT-LPP-246','A',300),('2016AMT-1','SUT-LPP-247','A',300),('2016AMT-1','SUT-LPP-248','A',300),('2016AMT-1','SUT-LPP-249','A',300),('2016AMT-1','SUT-LPP-250','A',300),('2016AMT-1','SUT-LPP-251','A',300),('2016AMT-1','SUT-LPP-252','A',300),('2016AMT-1','SUT-LPP-253','A',300),('2016AMT-1','SUT-LPP-254','A',300),('2016AMT-1','SUT-LPP-255','A',300),('2016AMT-1','SUT-LPP-256','A',300),('2016AMT-1','SUT-LPP-257','A',300),('2016AMT-1','SUT-LPP-258','A',300),('2016AMT-1','SUT-LPP-259','A',300),('2016AMT-1','SUT-LPP-260','A',300),('2016AMT-1','SUT-LPP-261','A',300),('2016AMT-1','SUT-LPP-262','A',300),('2016AMT-1','SUT-LPP-263','A',300),('2016AMT-1','SUT-LPP-264','A',300),('2016AMT-1','SUT-LPP-265','A',300),('2016AMT-1','SUT-LPP-266','A',300),('2016AMT-1','SUT-LPP-267','A',300),('2016AMT-1','SUT-LPP-268','A',300),('2016AMT-1','SUT-LPP-269','A',300),('2016AMT-1','SUT-LPP-270','A',300),('2016AMT-1','SUT-LPP-271','A',300),('2016AMT-1','SUT-LPP-272','A',300),('2016AMT-1','SUT-LPP-273','A',300),('2016AMT-1','SUT-LPP-274','A',300),('2016AMT-1','SUT-LPP-275','A',300),('2016AMT-1','SUT-LPP-276','A',300),('2016AMT-1','SUT-LPP-277','A',300),('2016AMT-1','SUT-LPP-278','A',300),('2016AMT-1','SUT-LPP-279','A',300),('2016AMT-1','SUT-LPP-280','A',300),('2016AMT-1','SUT-LPP-281','A',300),('2016AMT-1','SUT-LPP-282','A',300),('2016AMT-1','SUT-LPP-283','A',300),('2016AMT-1','SUT-LPP-284','A',300),('2016AMT-1','SUT-LPP-285','A',300),('2016AMT-1','SUT-LPP-286','A',300),('2016AMT-1','SUT-LPP-287','A',300),('2016AMT-1','SUT-LPP-288','A',300),('2016AMT-1','SUT-LPP-289','A',300),('2016AMT-1','SUT-LPP-290','A',300),('2016AMT-1','SUT-LPP-291','A',300),('2016AMT-1','SUT-LPP-292','A',300),('2016AMT-1','SUT-LPP-293','A',300),('2016AMT-1','SUT-LPP-294','A',300),('2016AMT-1','SUT-LPP-295','A',300),('2016AMT-1','SUT-LPP-296','A',300),('2016AMT-1','SUT-LPP-297','A',300),('2016AMT-1','SUT-LPP-298','A',300),('2016AMT-1','SUT-LPP-299','A',300),('2016AMT-1','SUT-LPP-300','A',300),('2016SCN-1','SUT-LPP-01','NA',800),('2016SCN-1','SUT-LPP-02','NA',800),('2016SCN-1','SUT-LPP-03','NA',800),('2016SCN-1','SUT-LPP-04','NA',800),('2016SCN-1','SUT-LPP-05','A',800),('2016SCN-1','SUT-LPP-06','A',800),('2016SCN-1','SUT-LPP-07','A',800),('2016SCN-1','SUT-LPP-08','A',800),('2016SCN-1','SUT-LPP-09','A',800),('2016SCN-1','SUT-LPP-10','A',800),('2016SCN-1','SUT-LPP-11','A',800),('2016SCN-1','SUT-LPP-12','A',800),('2016SCN-1','SUT-LPP-13','A',800),('2016SCN-1','SUT-LPP-14','A',800),('2016SCN-1','SUT-LPP-15','A',800),('2016SCN-1','SUT-LPP-16','A',800),('2016SCN-1','SUT-LPP-17','A',800),('2016SCN-1','SUT-LPP-18','A',800),('2016SCN-1','SUT-LPP-19','A',800),('2016SCN-1','SUT-LPP-20','A',800),('2016SCN-1','SUT-LPP-21','A',800),('2016SCN-1','SUT-LPP-22','A',800),('2016SCN-1','SUT-LPP-23','A',800),('2016SCN-1','SUT-LPP-24','A',800),('2016SCN-1','SUT-LPP-25','A',800),('2016SCN-1','SUT-LPP-26','A',800),('2016SCN-1','SUT-LPP-27','A',800),('2016SCN-1','SUT-LPP-28','A',800),('2016SCN-1','SUT-LPP-29','A',800),('2016SCN-1','SUT-LPP-30','A',800),('2016SCN-1','SUT-LPP-31','A',800),('2016SCN-1','SUT-LPP-32','A',800),('2016SCN-1','SUT-LPP-33','A',800),('2016SCN-1','SUT-LPP-34','A',800),('2016SCN-1','SUT-LPP-35','A',800),('2016SCN-1','SUT-LPP-36','A',800),('2016SCN-1','SUT-LPP-37','A',800),('2016SCN-1','SUT-LPP-38','A',800),('2016SCN-1','SUT-LPP-39','A',800),('2016SCN-1','SUT-LPP-40','A',800),('2016SCN-1','SUT-LPP-41','A',800),('2016SCN-1','SUT-LPP-42','A',800),('2016SCN-1','SUT-LPP-43','A',800),('2016SCN-1','SUT-LPP-44','A',800),('2016SCN-1','SUT-LPP-45','A',800),('2016SCN-1','SUT-LPP-46','A',800),('2016SCN-1','SUT-LPP-47','A',800),('2016SCN-1','SUT-LPP-48','A',800),('2016SCN-1','SUT-LPP-49','A',800),('2016SCN-1','SUT-LPP-50','A',800),('2016SCN-1','SUT-LPP-51','A',800),('2016SCN-1','SUT-LPP-52','A',800),('2016SCN-1','SUT-LPP-53','A',800),('2016SCN-1','SUT-LPP-54','A',800),('2016SCN-1','SUT-LPP-55','A',800),('2016SCN-1','SUT-LPP-56','A',800),('2016SCN-1','SUT-LPP-57','A',800),('2016SCN-1','SUT-LPP-58','A',800),('2016SCN-1','SUT-LPP-59','A',800),('2016SCN-1','SUT-LPP-60','A',800),('2016SCN-1','SUT-LPP-61','A',800),('2016SCN-1','SUT-LPP-62','A',800),('2016SCN-1','SUT-LPP-63','A',800),('2016SCN-1','SUT-LPP-64','A',800),('2016SCN-1','SUT-LPP-65','A',800),('2016SCN-1','SUT-LPP-66','A',800),('2016SCN-1','SUT-LPP-67','A',800),('2016SCN-1','SUT-LPP-68','A',800),('2016SCN-1','SUT-LPP-69','A',800),('2016SCN-1','SUT-LPP-70','A',800),('2016SCN-1','SUT-LPP-71','A',800),('2016SCN-1','SUT-LPP-72','A',800),('2016SCN-1','SUT-LPP-73','A',800),('2016SCN-1','SUT-LPP-74','A',800),('2016SCN-1','SUT-LPP-75','A',800),('2016SCN-1','SUT-LPP-76','A',800),('2016SCN-1','SUT-LPP-77','A',800),('2016SCN-1','SUT-LPP-78','A',800),('2016SCN-1','SUT-LPP-79','A',800),('2016SCN-1','SUT-LPP-80','A',800),('2016SCN-1','SUT-LPP-81','A',800),('2016SCN-1','SUT-LPP-82','A',800),('2016SCN-1','SUT-LPP-83','A',800),('2016SCN-1','SUT-LPP-84','A',800),('2016SCN-1','SUT-LPP-85','A',800),('2016SCN-1','SUT-LPP-86','A',800),('2016SCN-1','SUT-LPP-87','A',800),('2016SCN-1','SUT-LPP-88','A',800),('2016SCN-1','SUT-LPP-89','A',800),('2016SCN-1','SUT-LPP-90','A',800),('2016SCN-1','SUT-LPP-91','A',800),('2016SCN-1','SUT-LPP-92','A',800),('2016SCN-1','SUT-LPP-93','A',800),('2016SCN-1','SUT-LPP-94','A',800),('2016SCN-1','SUT-LPP-95','A',800),('2016SCN-1','SUT-LPP-96','A',800),('2016SCN-1','SUT-LPP-97','A',800),('2016SCN-1','SUT-LPP-98','A',800),('2016SCN-1','SUT-LPP-99','A',800),('2016SCN-1','SUT-LPP-100','A',800),('2016SCN-1','SUT-LPP-101','A',500),('2016SCN-1','SUT-LPP-102','A',500),('2016SCN-1','SUT-LPP-103','A',500),('2016SCN-1','SUT-LPP-104','A',500),('2016SCN-1','SUT-LPP-105','A',500),('2016SCN-1','SUT-LPP-106','A',500),('2016SCN-1','SUT-LPP-107','A',500),('2016SCN-1','SUT-LPP-108','A',500),('2016SCN-1','SUT-LPP-109','A',500),('2016SCN-1','SUT-LPP-110','A',500),('2016SCN-1','SUT-LPP-111','A',500),('2016SCN-1','SUT-LPP-112','A',500),('2016SCN-1','SUT-LPP-113','A',500),('2016SCN-1','SUT-LPP-114','A',500),('2016SCN-1','SUT-LPP-115','A',500),('2016SCN-1','SUT-LPP-116','A',500),('2016SCN-1','SUT-LPP-117','A',500),('2016SCN-1','SUT-LPP-118','A',500),('2016SCN-1','SUT-LPP-119','A',500),('2016SCN-1','SUT-LPP-120','A',500),('2016SCN-1','SUT-LPP-121','A',500),('2016SCN-1','SUT-LPP-122','A',500),('2016SCN-1','SUT-LPP-123','A',500),('2016SCN-1','SUT-LPP-124','A',500),('2016SCN-1','SUT-LPP-125','A',500),('2016SCN-1','SUT-LPP-126','A',500),('2016SCN-1','SUT-LPP-127','A',500),('2016SCN-1','SUT-LPP-128','A',500),('2016SCN-1','SUT-LPP-129','A',500),('2016SCN-1','SUT-LPP-130','A',500),('2016SCN-1','SUT-LPP-131','A',500),('2016SCN-1','SUT-LPP-132','A',500),('2016SCN-1','SUT-LPP-133','A',500),('2016SCN-1','SUT-LPP-134','A',500),('2016SCN-1','SUT-LPP-135','A',500),('2016SCN-1','SUT-LPP-136','A',500),('2016SCN-1','SUT-LPP-137','A',500),('2016SCN-1','SUT-LPP-138','A',500),('2016SCN-1','SUT-LPP-139','A',500),('2016SCN-1','SUT-LPP-140','A',500),('2016SCN-1','SUT-LPP-141','A',500),('2016SCN-1','SUT-LPP-142','A',500),('2016SCN-1','SUT-LPP-143','A',500),('2016SCN-1','SUT-LPP-144','A',500),('2016SCN-1','SUT-LPP-145','A',500),('2016SCN-1','SUT-LPP-146','A',500),('2016SCN-1','SUT-LPP-147','A',500),('2016SCN-1','SUT-LPP-148','A',500),('2016SCN-1','SUT-LPP-149','A',500),('2016SCN-1','SUT-LPP-150','A',500),('2016SCN-1','SUT-LPP-151','A',500),('2016SCN-1','SUT-LPP-152','A',500),('2016SCN-1','SUT-LPP-153','A',500),('2016SCN-1','SUT-LPP-154','A',500),('2016SCN-1','SUT-LPP-155','A',500),('2016SCN-1','SUT-LPP-156','A',500),('2016SCN-1','SUT-LPP-157','A',500),('2016SCN-1','SUT-LPP-158','A',500),('2016SCN-1','SUT-LPP-159','A',500),('2016SCN-1','SUT-LPP-160','A',500),('2016SCN-1','SUT-LPP-161','A',500),('2016SCN-1','SUT-LPP-162','A',500),('2016SCN-1','SUT-LPP-163','A',500),('2016SCN-1','SUT-LPP-164','A',500),('2016SCN-1','SUT-LPP-165','A',500),('2016SCN-1','SUT-LPP-166','A',500),('2016SCN-1','SUT-LPP-167','A',500),('2016SCN-1','SUT-LPP-168','A',500),('2016SCN-1','SUT-LPP-169','A',500),('2016SCN-1','SUT-LPP-170','A',500),('2016SCN-1','SUT-LPP-171','A',500),('2016SCN-1','SUT-LPP-172','A',500),('2016SCN-1','SUT-LPP-173','A',500),('2016SCN-1','SUT-LPP-174','A',500),('2016SCN-1','SUT-LPP-175','A',500),('2016SCN-1','SUT-LPP-176','A',500),('2016SCN-1','SUT-LPP-177','A',500),('2016SCN-1','SUT-LPP-178','A',500),('2016SCN-1','SUT-LPP-179','A',500),('2016SCN-1','SUT-LPP-180','A',500),('2016SCN-1','SUT-LPP-181','A',500),('2016SCN-1','SUT-LPP-182','A',500),('2016SCN-1','SUT-LPP-183','A',500),('2016SCN-1','SUT-LPP-184','A',500),('2016SCN-1','SUT-LPP-185','A',500),('2016SCN-1','SUT-LPP-186','A',500),('2016SCN-1','SUT-LPP-187','A',500),('2016SCN-1','SUT-LPP-188','A',500),('2016SCN-1','SUT-LPP-189','A',500),('2016SCN-1','SUT-LPP-190','A',500),('2016SCN-1','SUT-LPP-191','A',500),('2016SCN-1','SUT-LPP-192','A',500),('2016SCN-1','SUT-LPP-193','A',500),('2016SCN-1','SUT-LPP-194','A',500),('2016SCN-1','SUT-LPP-195','A',500),('2016SCN-1','SUT-LPP-196','A',500),('2016SCN-1','SUT-LPP-197','A',500),('2016SCN-1','SUT-LPP-198','A',500),('2016SCN-1','SUT-LPP-199','A',500),('2016SCN-1','SUT-LPP-200','A',500),('2016SCN-1','SUT-LPP-201','A',300),('2016SCN-1','SUT-LPP-202','A',300),('2016SCN-1','SUT-LPP-203','A',300),('2016SCN-1','SUT-LPP-204','A',300),('2016SCN-1','SUT-LPP-205','A',300),('2016SCN-1','SUT-LPP-206','A',300),('2016SCN-1','SUT-LPP-207','A',300),('2016SCN-1','SUT-LPP-208','A',300),('2016SCN-1','SUT-LPP-209','A',300),('2016SCN-1','SUT-LPP-210','A',300),('2016SCN-1','SUT-LPP-211','A',300),('2016SCN-1','SUT-LPP-212','A',300),('2016SCN-1','SUT-LPP-213','A',300),('2016SCN-1','SUT-LPP-214','A',300),('2016SCN-1','SUT-LPP-215','A',300),('2016SCN-1','SUT-LPP-216','A',300),('2016SCN-1','SUT-LPP-217','A',300),('2016SCN-1','SUT-LPP-218','A',300),('2016SCN-1','SUT-LPP-219','A',300),('2016SCN-1','SUT-LPP-220','A',300),('2016SCN-1','SUT-LPP-221','A',300),('2016SCN-1','SUT-LPP-222','A',300),('2016SCN-1','SUT-LPP-223','A',300),('2016SCN-1','SUT-LPP-224','A',300),('2016SCN-1','SUT-LPP-225','A',300),('2016SCN-1','SUT-LPP-226','A',300),('2016SCN-1','SUT-LPP-227','A',300),('2016SCN-1','SUT-LPP-228','A',300),('2016SCN-1','SUT-LPP-229','A',300),('2016SCN-1','SUT-LPP-230','A',300),('2016SCN-1','SUT-LPP-231','A',300),('2016SCN-1','SUT-LPP-232','A',300),('2016SCN-1','SUT-LPP-233','A',300),('2016SCN-1','SUT-LPP-234','A',300),('2016SCN-1','SUT-LPP-235','A',300),('2016SCN-1','SUT-LPP-236','A',300),('2016SCN-1','SUT-LPP-237','A',300),('2016SCN-1','SUT-LPP-238','A',300),('2016SCN-1','SUT-LPP-239','A',300),('2016SCN-1','SUT-LPP-240','A',300),('2016SCN-1','SUT-LPP-241','A',300),('2016SCN-1','SUT-LPP-242','A',300),('2016SCN-1','SUT-LPP-243','A',300),('2016SCN-1','SUT-LPP-244','A',300),('2016SCN-1','SUT-LPP-245','A',300),('2016SCN-1','SUT-LPP-246','A',300),('2016SCN-1','SUT-LPP-247','A',300),('2016SCN-1','SUT-LPP-248','A',300),('2016SCN-1','SUT-LPP-249','A',300),('2016SCN-1','SUT-LPP-250','A',300),('2016SCN-1','SUT-LPP-251','A',300),('2016SCN-1','SUT-LPP-252','A',300),('2016SCN-1','SUT-LPP-253','A',300),('2016SCN-1','SUT-LPP-254','A',300),('2016SCN-1','SUT-LPP-255','A',300),('2016SCN-1','SUT-LPP-256','A',300),('2016SCN-1','SUT-LPP-257','A',300),('2016SCN-1','SUT-LPP-258','A',300),('2016SCN-1','SUT-LPP-259','A',300),('2016SCN-1','SUT-LPP-260','A',300),('2016SCN-1','SUT-LPP-261','A',300),('2016SCN-1','SUT-LPP-262','A',300),('2016SCN-1','SUT-LPP-263','A',300),('2016SCN-1','SUT-LPP-264','A',300),('2016SCN-1','SUT-LPP-265','A',300),('2016SCN-1','SUT-LPP-266','A',300),('2016SCN-1','SUT-LPP-267','A',300),('2016SCN-1','SUT-LPP-268','A',300),('2016SCN-1','SUT-LPP-269','A',300),('2016SCN-1','SUT-LPP-270','A',300),('2016SCN-1','SUT-LPP-271','A',300),('2016SCN-1','SUT-LPP-272','A',300),('2016SCN-1','SUT-LPP-273','A',300),('2016SCN-1','SUT-LPP-274','A',300),('2016SCN-1','SUT-LPP-275','A',300),('2016SCN-1','SUT-LPP-276','A',300),('2016SCN-1','SUT-LPP-277','A',300),('2016SCN-1','SUT-LPP-278','A',300),('2016SCN-1','SUT-LPP-279','A',300),('2016SCN-1','SUT-LPP-280','A',300),('2016SCN-1','SUT-LPP-281','A',300),('2016SCN-1','SUT-LPP-282','A',300),('2016SCN-1','SUT-LPP-283','A',300),('2016SCN-1','SUT-LPP-284','A',300),('2016SCN-1','SUT-LPP-285','A',300),('2016SCN-1','SUT-LPP-286','A',300),('2016SCN-1','SUT-LPP-287','A',300),('2016SCN-1','SUT-LPP-288','A',300),('2016SCN-1','SUT-LPP-289','A',300),('2016SCN-1','SUT-LPP-290','A',300),('2016SCN-1','SUT-LPP-291','A',300),('2016SCN-1','SUT-LPP-292','A',300),('2016SCN-1','SUT-LPP-293','A',300),('2016SCN-1','SUT-LPP-294','A',300),('2016SCN-1','SUT-LPP-295','A',300),('2016SCN-1','SUT-LPP-296','A',300),('2016SCN-1','SUT-LPP-297','A',300),('2016SCN-1','SUT-LPP-298','A',300),('2016SCN-1','SUT-LPP-299','A',300),('2016SCN-1','SUT-LPP-300','A',300),('2016BDP-3','SUT-ACR-1-01','NA',300),('2016BDP-3','SUT-ACR-1-02','NA',300),('2016BDP-3','SUT-ACR-1-03','NA',300),('2016BDP-3','SUT-ACR-1-04','NA',300),('2016BDP-3','SUT-ACR-1-05','A',300),('2016BDP-3','SUT-ACR-1-06','A',300),('2016BDP-3','SUT-ACR-1-07','A',300),('2016BDP-3','SUT-ACR-1-08','A',300),('2016BDP-3','SUT-ACR-1-09','A',300),('2016BDP-3','SUT-ACR-1-10','A',300),('2016BDP-3','SUT-ACR-1-11','A',200),('2016BDP-3','SUT-ACR-1-12','A',200),('2016BDP-3','SUT-ACR-1-13','A',200),('2016BDP-3','SUT-ACR-1-14','A',200),('2016BDP-3','SUT-ACR-1-15','A',200),('2016BDP-3','SUT-ACR-1-16','A',200),('2016BDP-3','SUT-ACR-1-17','A',200),('2016BDP-3','SUT-ACR-1-18','A',200),('2016BDP-3','SUT-ACR-1-19','A',200),('2016BDP-3','SUT-ACR-1-20','A',200),('2016BDP-3','SUT-ACR-1-21','NA',100),('2016BDP-3','SUT-ACR-1-22','NA',100),('2016BDP-3','SUT-ACR-1-23','NA',100),('2016BDP-3','SUT-ACR-1-24','NA',100),('2016BDP-3','SUT-ACR-1-25','A',100),('2016BDP-3','SUT-ACR-1-26','A',100),('2016BDP-3','SUT-ACR-1-27','A',100),('2016BDP-3','SUT-ACR-1-28','A',100),('2016BDP-3','SUT-ACR-1-29','A',100),('2016BDP-3','SUT-ACR-1-30','A',100);
INSERT INTO `theatre` VALUES ('AHM-ABC','ABC Theatre',5,'GJ-01'),('AHM-CG','City Gold',2,'GJ-01'),('AHM-CIN','Cinepollis',1,'GJ-01'),('BVN-MAX','Maxus',2,'GJ-04'),('BVN-VC','Vaishali',2,'GJ-04'),('RJT-CIN','CInepollis',1,'GJ-03'),('RJT-RUP','Rupali Theatre',1,'GJ-03'),('SUT-ACR','Acropolis',2,'GJ-05'),('SUT-JAHT','Jahangir Talkies',2,'GJ-05');
INSERT INTO `ticket` VALUES ('2016102NO-1-0','2016102NO-1','SUT-LPP-01','1111-0000-0000-0000','abc@gmail.com-26','2016-05-07','08:13:54'),('2016102NO-1-1','2016102NO-1','SUT-LPP-02','1111-0000-0000-0000','abc@gmail.com-26','2016-05-07','08:13:54'),('2016102NO-1-10','2016102NO-1','SUT-LPP-103','1111-0200-0000-0000','faheemsamol@gmail.com-15','2016-05-07','09:26:59'),('2016102NO-1-11','2016102NO-1','SUT-LPP-104','1111-0200-0000-0000','faheemsamol@gmail.com-15','2016-05-07','09:26:59'),('2016102NO-1-2','2016102NO-1','SUT-LPP-03','1111-0000-0000-0000','abc@gmail.com-26','2016-05-07','08:13:54'),('2016102NO-1-3','2016102NO-1','SUT-LPP-04','1111-0000-0000-0000','abc@gmail.com-26','2016-05-07','08:13:54'),('2016102NO-1-4','2016102NO-1','SUT-LPP-05','1111-0200-0000-0000','Hardilmehta@gmail.com-13','2016-05-07','09:24:57'),('2016102NO-1-5','2016102NO-1','SUT-LPP-06','1111-0200-0000-0000','Hardilmehta@gmail.com-13','2016-05-07','09:24:57'),('2016102NO-1-6','2016102NO-1','SUT-LPP-07','1111-0200-0000-0000','Hardilmehta@gmail.com-13','2016-05-07','09:24:57'),('2016102NO-1-7','2016102NO-1','SUT-LPP-08','1111-0200-0000-0000','Hardilmehta@gmail.com-13','2016-05-07','09:24:57'),('2016102NO-1-8','2016102NO-1','SUT-LPP-101','1111-0200-0000-0000','faheemsamol@gmail.com-15','2016-05-07','09:26:59'),('2016102NO-1-9','2016102NO-1','SUT-LPP-102','1111-0200-0000-0000','faheemsamol@gmail.com-15','2016-05-07','09:26:59'),('2016AMT-1-0','2016AMT-1','SUT-LPP-01','1111-0000-0000-0000','abc@gmail.com-27','2016-05-07','08:13:54'),('2016AMT-1-1','2016AMT-1','SUT-LPP-02','1111-0000-0000-0000','abc@gmail.com-27','2016-05-07','08:13:54'),('2016AMT-1-10','2016AMT-1','SUT-LPP-103','1111-0200-0000-0000','faheemsamol@gmail.com-16','2016-05-07','09:26:59'),('2016AMT-1-11','2016AMT-1','SUT-LPP-104','1111-0200-0000-0000','faheemsamol@gmail.com-16','2016-05-07','09:26:59'),('2016AMT-1-2','2016AMT-1','SUT-LPP-03','1111-0000-0000-0000','abc@gmail.com-27','2016-05-07','08:13:54'),('2016AMT-1-3','2016AMT-1','SUT-LPP-04','1111-0000-0000-0000','abc@gmail.com-27','2016-05-07','08:13:54'),('2016AMT-1-4','2016AMT-1','SUT-LPP-05','1111-0200-0000-0000','Hardilmehta@gmail.com-14','2016-05-07','09:24:57'),('2016AMT-1-5','2016AMT-1','SUT-LPP-06','1111-0200-0000-0000','Hardilmehta@gmail.com-14','2016-05-07','09:24:57'),('2016AMT-1-6','2016AMT-1','SUT-LPP-07','1111-0200-0000-0000','Hardilmehta@gmail.com-14','2016-05-07','09:24:57'),('2016AMT-1-7','2016AMT-1','SUT-LPP-08','1111-0200-0000-0000','Hardilmehta@gmail.com-14','2016-05-07','09:24:57'),('2016AMT-1-8','2016AMT-1','SUT-LPP-101','1111-0200-0000-0000','faheemsamol@gmail.com-16','2016-05-07','09:26:59'),('2016AMT-1-9','2016AMT-1','SUT-LPP-102','1111-0200-0000-0000','faheemsamol@gmail.com-16','2016-05-07','09:26:59'),('2016ARJ-1-0','2016ARJ-1','AHM-KAR-01','1111-0000-0000-0000','abc@gmail.com-16','2016-05-07','08:13:54'),('2016ARJ-1-1','2016ARJ-1','AHM-KAR-02','1111-0000-0000-0000','abc@gmail.com-16','2016-05-07','08:13:54'),('2016ARJ-1-10','2016ARJ-1','AHM-KAR-103','1111-0200-0000-0000','faheemsamol@gmail.com-7','2016-05-07','09:26:59'),('2016ARJ-1-11','2016ARJ-1','AHM-KAR-104','1111-0200-0000-0000','faheemsamol@gmail.com-7','2016-05-07','09:26:59'),('2016ARJ-1-2','2016ARJ-1','AHM-KAR-03','1111-0000-0000-0000','abc@gmail.com-16','2016-05-07','08:13:54'),('2016ARJ-1-3','2016ARJ-1','AHM-KAR-04','1111-0000-0000-0000','abc@gmail.com-16','2016-05-07','08:13:54'),('2016ARJ-1-4','2016ARJ-1','AHM-KAR-05','1111-0200-0000-0000','Hardilmehta@gmail.com-5','2016-05-07','09:24:56'),('2016ARJ-1-5','2016ARJ-1','AHM-KAR-06','1111-0200-0000-0000','Hardilmehta@gmail.com-5','2016-05-07','09:24:56'),('2016ARJ-1-6','2016ARJ-1','AHM-KAR-07','1111-0200-0000-0000','Hardilmehta@gmail.com-5','2016-05-07','09:24:56'),('2016ARJ-1-7','2016ARJ-1','AHM-KAR-08','1111-0200-0000-0000','Hardilmehta@gmail.com-5','2016-05-07','09:24:56'),('2016ARJ-1-8','2016ARJ-1','AHM-KAR-101','1111-0200-0000-0000','faheemsamol@gmail.com-7','2016-05-07','09:26:58'),('2016ARJ-1-9','2016ARJ-1','AHM-KAR-102','1111-0200-0000-0000','faheemsamol@gmail.com-7','2016-05-07','09:26:58'),('2016ARJ-2-0','2016ARJ-2','AHM-GMDC-01','1111-0000-0000-0000','abc@gmail.com-15','2016-05-07','08:13:53'),('2016ARJ-2-1','2016ARJ-2','AHM-GMDC-02','1111-0000-0000-0000','abc@gmail.com-15','2016-05-07','08:13:53'),('2016ARJ-2-10','2016ARJ-2','AHM-GMDC-103','1111-0200-0000-0000','faheemsamol@gmail.com-6','2016-05-07','09:26:58'),('2016ARJ-2-11','2016ARJ-2','AHM-GMDC-104','1111-0200-0000-0000','faheemsamol@gmail.com-6','2016-05-07','09:26:58'),('2016ARJ-2-2','2016ARJ-2','AHM-GMDC-03','1111-0000-0000-0000','abc@gmail.com-15','2016-05-07','08:13:53'),('2016ARJ-2-3','2016ARJ-2','AHM-GMDC-04','1111-0000-0000-0000','abc@gmail.com-15','2016-05-07','08:13:53'),('2016ARJ-2-4','2016ARJ-2','AHM-GMDC-05','1111-0200-0000-0000','Hardilmehta@gmail.com-4','2016-05-07','09:24:56'),('2016ARJ-2-5','2016ARJ-2','AHM-GMDC-06','1111-0200-0000-0000','Hardilmehta@gmail.com-4','2016-05-07','09:24:56'),('2016ARJ-2-6','2016ARJ-2','AHM-GMDC-07','1111-0200-0000-0000','Hardilmehta@gmail.com-4','2016-05-07','09:24:56'),('2016ARJ-2-7','2016ARJ-2','AHM-GMDC-08','1111-0200-0000-0000','Hardilmehta@gmail.com-4','2016-05-07','09:24:56'),('2016ARJ-2-8','2016ARJ-2','AHM-GMDC-101','1111-0200-0000-0000','faheemsamol@gmail.com-6','2016-05-07','09:26:58'),('2016ARJ-2-9','2016ARJ-2','AHM-GMDC-102','1111-0200-0000-0000','faheemsamol@gmail.com-6','2016-05-07','09:26:58'),('2016ARJ-3-0','2016ARJ-3','BVN-KAR-01','1111-0000-0000-0000','abc@gmail.com-17','2016-05-07','08:13:54'),('2016ARJ-3-1','2016ARJ-3','BVN-KAR-02','1111-0000-0000-0000','abc@gmail.com-17','2016-05-07','08:13:54'),('2016ARJ-3-10','2016ARJ-3','BVN-KAR-52','1111-0200-0000-0000','faheemsamol@gmail.com-8','2016-05-07','09:26:59'),('2016ARJ-3-11','2016ARJ-3','BVN-KAR-53','1111-0200-0000-0000','faheemsamol@gmail.com-8','2016-05-07','09:26:59'),('2016ARJ-3-2','2016ARJ-3','BVN-KAR-03','1111-0000-0000-0000','abc@gmail.com-17','2016-05-07','08:13:54'),('2016ARJ-3-3','2016ARJ-3','BVN-KAR-04','1111-0000-0000-0000','abc@gmail.com-17','2016-05-07','08:13:54'),('2016ARJ-3-4','2016ARJ-3','BVN-KAR-05','1111-0200-0000-0000','Hardilmehta@gmail.com-6','2016-05-07','09:24:56'),('2016ARJ-3-5','2016ARJ-3','BVN-KAR-06','1111-0200-0000-0000','Hardilmehta@gmail.com-6','2016-05-07','09:24:56'),('2016ARJ-3-6','2016ARJ-3','BVN-KAR-07','1111-0200-0000-0000','Hardilmehta@gmail.com-6','2016-05-07','09:24:56'),('2016ARJ-3-7','2016ARJ-3','BVN-KAR-08','1111-0200-0000-0000','Hardilmehta@gmail.com-6','2016-05-07','09:24:56'),('2016ARJ-3-8','2016ARJ-3','BVN-KAR-100','1111-0200-0000-0000','faheemsamol@gmail.com-8','2016-05-07','09:26:59'),('2016ARJ-3-9','2016ARJ-3','BVN-KAR-51','1111-0200-0000-0000','faheemsamol@gmail.com-8','2016-05-07','09:26:59'),('2016ARJ-4-0','2016ARJ-4','BVN-RAJP-01','1111-0000-0000-0000','abc@gmail.com-18','2016-05-07','08:13:54'),('2016ARJ-4-1','2016ARJ-4','BVN-RAJP-02','1111-0000-0000-0000','abc@gmail.com-18','2016-05-07','08:13:54'),('2016ARJ-4-10','2016ARJ-4','BVN-RAJP-52','1111-0200-0000-0000','faheemsamol@gmail.com-9','2016-05-07','09:26:59'),('2016ARJ-4-11','2016ARJ-4','BVN-RAJP-53','1111-0200-0000-0000','faheemsamol@gmail.com-9','2016-05-07','09:26:59'),('2016ARJ-4-2','2016ARJ-4','BVN-RAJP-03','1111-0000-0000-0000','abc@gmail.com-18','2016-05-07','08:13:54'),('2016ARJ-4-3','2016ARJ-4','BVN-RAJP-04','1111-0000-0000-0000','abc@gmail.com-18','2016-05-07','08:13:54'),('2016ARJ-4-4','2016ARJ-4','BVN-RAJP-05','1111-0200-0000-0000','Hardilmehta@gmail.com-7','2016-05-07','09:24:57'),('2016ARJ-4-5','2016ARJ-4','BVN-RAJP-06','1111-0200-0000-0000','Hardilmehta@gmail.com-7','2016-05-07','09:24:57'),('2016ARJ-4-6','2016ARJ-4','BVN-RAJP-07','1111-0200-0000-0000','Hardilmehta@gmail.com-7','2016-05-07','09:24:57'),('2016ARJ-4-7','2016ARJ-4','BVN-RAJP-08','1111-0200-0000-0000','Hardilmehta@gmail.com-7','2016-05-07','09:24:57'),('2016ARJ-4-8','2016ARJ-4','BVN-RAJP-100','1111-0200-0000-0000','faheemsamol@gmail.com-9','2016-05-07','09:26:59'),('2016ARJ-4-9','2016ARJ-4','BVN-RAJP-51','1111-0200-0000-0000','faheemsamol@gmail.com-9','2016-05-07','09:26:59'),('2016ARJ-5-0','2016ARJ-5','RJT-GDC-01','1111-0000-0000-0000','abc@gmail.com-20','2016-05-07','08:13:54'),('2016ARJ-5-1','2016ARJ-5','RJT-GDC-02','1111-0000-0000-0000','abc@gmail.com-20','2016-05-07','08:13:54'),('2016ARJ-5-10','2016ARJ-5','RJT-GDC-103','1111-0200-0000-0000','faheemsamol@gmail.com-10','2016-05-07','09:26:59'),('2016ARJ-5-11','2016ARJ-5','RJT-GDC-104','1111-0200-0000-0000','faheemsamol@gmail.com-10','2016-05-07','09:26:59'),('2016ARJ-5-2','2016ARJ-5','RJT-GDC-03','1111-0000-0000-0000','abc@gmail.com-20','2016-05-07','08:13:54'),('2016ARJ-5-3','2016ARJ-5','RJT-GDC-04','1111-0000-0000-0000','abc@gmail.com-20','2016-05-07','08:13:54'),('2016ARJ-5-4','2016ARJ-5','RJT-GDC-05','1111-0200-0000-0000','Hardilmehta@gmail.com-8','2016-05-07','09:24:57'),('2016ARJ-5-5','2016ARJ-5','RJT-GDC-06','1111-0200-0000-0000','Hardilmehta@gmail.com-8','2016-05-07','09:24:57'),('2016ARJ-5-6','2016ARJ-5','RJT-GDC-07','1111-0200-0000-0000','Hardilmehta@gmail.com-8','2016-05-07','09:24:57'),('2016ARJ-5-7','2016ARJ-5','RJT-GDC-08','1111-0200-0000-0000','Hardilmehta@gmail.com-8','2016-05-07','09:24:57'),('2016ARJ-5-8','2016ARJ-5','RJT-GDC-101','1111-0200-0000-0000','faheemsamol@gmail.com-10','2016-05-07','09:26:59'),('2016ARJ-5-9','2016ARJ-5','RJT-GDC-102','1111-0200-0000-0000','faheemsamol@gmail.com-10','2016-05-07','09:26:59'),('2016ARJ-6-0','2016ARJ-6','RJT-IMP-01','1111-0000-0000-0000','abc@gmail.com-21','2016-05-07','08:13:54'),('2016ARJ-6-1','2016ARJ-6','RJT-IMP-02','1111-0000-0000-0000','abc@gmail.com-21','2016-05-07','08:13:54'),('2016ARJ-6-10','2016ARJ-6','RJT-IMP-103','1111-0200-0000-0000','faheemsamol@gmail.com-11','2016-05-07','09:26:59'),('2016ARJ-6-11','2016ARJ-6','RJT-IMP-104','1111-0200-0000-0000','faheemsamol@gmail.com-11','2016-05-07','09:26:59'),('2016ARJ-6-2','2016ARJ-6','RJT-IMP-03','1111-0000-0000-0000','abc@gmail.com-21','2016-05-07','08:13:54'),('2016ARJ-6-3','2016ARJ-6','RJT-IMP-04','1111-0000-0000-0000','abc@gmail.com-21','2016-05-07','08:13:54'),('2016ARJ-6-4','2016ARJ-6','RJT-IMP-05','1111-0200-0000-0000','Hardilmehta@gmail.com-9','2016-05-07','09:24:57'),('2016ARJ-6-5','2016ARJ-6','RJT-IMP-06','1111-0200-0000-0000','Hardilmehta@gmail.com-9','2016-05-07','09:24:57'),('2016ARJ-6-6','2016ARJ-6','RJT-IMP-07','1111-0200-0000-0000','Hardilmehta@gmail.com-9','2016-05-07','09:24:57'),('2016ARJ-6-7','2016ARJ-6','RJT-IMP-08','1111-0200-0000-0000','Hardilmehta@gmail.com-9','2016-05-07','09:24:57'),('2016ARJ-6-8','2016ARJ-6','RJT-IMP-101','1111-0200-0000-0000','faheemsamol@gmail.com-11','2016-05-07','09:26:59'),('2016ARJ-6-9','2016ARJ-6','RJT-IMP-102','1111-0200-0000-0000','faheemsamol@gmail.com-11','2016-05-07','09:26:59'),('2016ARJ-7-0','2016ARJ-7','SUT-LPP-01','1111-0000-0000-0000','abc@gmail.com-28','2016-05-07','08:13:54'),('2016ARJ-7-1','2016ARJ-7','SUT-LPP-02','1111-0000-0000-0000','abc@gmail.com-28','2016-05-07','08:13:54'),('2016ARJ-7-10','2016ARJ-7','SUT-LPP-103','1111-0200-0000-0000','faheemsamol@gmail.com-17','2016-05-07','09:26:59'),('2016ARJ-7-11','2016ARJ-7','SUT-LPP-104','1111-0200-0000-0000','faheemsamol@gmail.com-17','2016-05-07','09:26:59'),('2016ARJ-7-2','2016ARJ-7','SUT-LPP-03','1111-0000-0000-0000','abc@gmail.com-28','2016-05-07','08:13:54'),('2016ARJ-7-3','2016ARJ-7','SUT-LPP-04','1111-0000-0000-0000','abc@gmail.com-28','2016-05-07','08:13:54'),('2016ARJ-7-4','2016ARJ-7','SUT-LPP-05','1111-0200-0000-0000','Hardilmehta@gmail.com-15','2016-05-07','09:24:57'),('2016ARJ-7-5','2016ARJ-7','SUT-LPP-06','1111-0200-0000-0000','Hardilmehta@gmail.com-15','2016-05-07','09:24:57'),('2016ARJ-7-6','2016ARJ-7','SUT-LPP-07','1111-0200-0000-0000','Hardilmehta@gmail.com-15','2016-05-07','09:24:57'),('2016ARJ-7-7','2016ARJ-7','SUT-LPP-08','1111-0200-0000-0000','Hardilmehta@gmail.com-15','2016-05-07','09:24:57'),('2016ARJ-7-8','2016ARJ-7','SUT-LPP-101','1111-0200-0000-0000','faheemsamol@gmail.com-17','2016-05-07','09:26:59'),('2016ARJ-7-9','2016ARJ-7','SUT-LPP-102','1111-0200-0000-0000','faheemsamol@gmail.com-17','2016-05-07','09:26:59'),('2016ARJ-8-0','2016ARJ-8','SUT-CBSC-01','1111-0000-0000-0000','abc@gmail.com-25','2016-05-07','08:13:54'),('2016ARJ-8-1','2016ARJ-8','SUT-CBSC-02','1111-0000-0000-0000','abc@gmail.com-25','2016-05-07','08:13:54'),('2016ARJ-8-10','2016ARJ-8','SUT-CBSC-103','1111-0200-0000-0000','faheemsamol@gmail.com-14','2016-05-07','09:26:59'),('2016ARJ-8-11','2016ARJ-8','SUT-CBSC-104','1111-0200-0000-0000','faheemsamol@gmail.com-14','2016-05-07','09:26:59'),('2016ARJ-8-2','2016ARJ-8','SUT-CBSC-03','1111-0000-0000-0000','abc@gmail.com-25','2016-05-07','08:13:54'),('2016ARJ-8-3','2016ARJ-8','SUT-CBSC-04','1111-0000-0000-0000','abc@gmail.com-25','2016-05-07','08:13:54'),('2016ARJ-8-4','2016ARJ-8','SUT-CBSC-05','1111-0200-0000-0000','Hardilmehta@gmail.com-12','2016-05-07','09:24:57'),('2016ARJ-8-5','2016ARJ-8','SUT-CBSC-06','1111-0200-0000-0000','Hardilmehta@gmail.com-12','2016-05-07','09:24:57'),('2016ARJ-8-6','2016ARJ-8','SUT-CBSC-07','1111-0200-0000-0000','Hardilmehta@gmail.com-12','2016-05-07','09:24:57'),('2016ARJ-8-7','2016ARJ-8','SUT-CBSC-08','1111-0200-0000-0000','Hardilmehta@gmail.com-12','2016-05-07','09:24:57'),('2016ARJ-8-8','2016ARJ-8','SUT-CBSC-101','1111-0200-0000-0000','faheemsamol@gmail.com-14','2016-05-07','09:26:59'),('2016ARJ-8-9','2016ARJ-8','SUT-CBSC-102','1111-0200-0000-0000','faheemsamol@gmail.com-14','2016-05-07','09:26:59'),('2016ARR-1-0','2016ARR-1','SUT-LPP-01','1111-0000-0000-0000','abc@gmail.com-29','2016-05-07','08:13:54'),('2016ARR-1-1','2016ARR-1','SUT-LPP-02','1111-0000-0000-0000','abc@gmail.com-29','2016-05-07','08:13:54'),('2016ARR-1-2','2016ARR-1','SUT-LPP-03','1111-0000-0000-0000','abc@gmail.com-29','2016-05-07','08:13:54'),('2016ARR-1-3','2016ARR-1','SUT-LPP-04','1111-0000-0000-0000','abc@gmail.com-29','2016-05-07','08:13:54'),('2016AT-1-0','2016AT-1','SUT-LPP-01','1111-0000-0000-0000','abc@gmail.com-30','2016-05-07','08:13:54'),('2016AT-1-1','2016AT-1','SUT-LPP-02','1111-0000-0000-0000','abc@gmail.com-30','2016-05-07','08:13:54'),('2016AT-1-2','2016AT-1','SUT-LPP-03','1111-0000-0000-0000','abc@gmail.com-30','2016-05-07','08:13:54'),('2016AT-1-3','2016AT-1','SUT-LPP-04','1111-0000-0000-0000','abc@gmail.com-30','2016-05-07','08:13:54'),('2016ATKD-1-10','2016ATKD-1','AHM-ABC-4-13','1111-0200-0000-0000','faheemsamol@gmail.com-2','2016-05-07','09:26:58'),('2016ATKD-1-11','2016ATKD-1','AHM-ABC-4-14','1111-0200-0000-0000','faheemsamol@gmail.com-2','2016-05-07','09:26:58'),('2016ATKD-1-4','2016ATKD-1','AHM-ABC-4-05','1111-0000-0000-0000','abc@gmail.com-7','2016-05-07','08:13:08'),('2016ATKD-1-5','2016ATKD-1','AHM-ABC-4-06','1111-0000-0000-0000','abc@gmail.com-7','2016-05-07','08:13:09'),('2016ATKD-1-6','2016ATKD-1','AHM-ABC-4-07','1111-0000-0000-0000','abc@gmail.com-7','2016-05-07','08:13:09'),('2016ATKD-1-7','2016ATKD-1','AHM-ABC-4-08','1111-0000-0000-0000','abc@gmail.com-7','2016-05-07','08:13:09'),('2016ATKD-1-8','2016ATKD-1','AHM-ABC-4-11','1111-0200-0000-0000','faheemsamol@gmail.com-2','2016-05-07','09:26:58'),('2016ATKD-1-9','2016ATKD-1','AHM-ABC-4-12','1111-0200-0000-0000','faheemsamol@gmail.com-2','2016-05-07','09:26:58'),('2016AVGR-1-10','2016AVGR-1','AHM-ABC-3-13','1111-0200-0000-0000','faheemsamol@gmail.com-1','2016-05-07','09:26:58'),('2016AVGR-1-11','2016AVGR-1','AHM-ABC-3-14','1111-0200-0000-0000','faheemsamol@gmail.com-1','2016-05-07','09:26:58'),('2016AVGR-1-8','2016AVGR-1','AHM-ABC-3-11','1111-0200-0000-0000','faheemsamol@gmail.com-1','2016-05-07','09:26:58'),('2016AVGR-1-9','2016AVGR-1','AHM-ABC-3-12','1111-0200-0000-0000','faheemsamol@gmail.com-1','2016-05-07','09:26:58'),('2016BB-1-0','2016BB-1','AHM-ABC-1-01','1111-0000-0000-0000','abc@gmail.com-1','2016-05-07','07:55:28'),('2016BB-1-1','2016BB-1','AHM-ABC-1-02','1111-0000-0000-0000','abc@gmail.com-1','2016-05-07','07:55:28'),('2016BB-1-2','2016BB-1','AHM-ABC-1-03','1111-0000-0000-0000','abc@gmail.com-1','2016-05-07','07:55:28'),('2016BB-1-3','2016BB-1','AHM-ABC-1-04','1111-0000-0000-0000','abc@gmail.com-1','2016-05-07','07:55:28'),('2016BB-2-0','2016BB-2','AHM-CG-1-01','1111-0000-0000-0000','abc@gmail.com-11','2016-05-07','08:13:53'),('2016BB-2-1','2016BB-2','AHM-CG-1-02','1111-0000-0000-0000','abc@gmail.com-11','2016-05-07','08:13:53'),('2016BB-2-2','2016BB-2','AHM-CG-1-03','1111-0000-0000-0000','abc@gmail.com-11','2016-05-07','08:13:53'),('2016BB-2-3','2016BB-2','AHM-CG-1-04','1111-0000-0000-0000','abc@gmail.com-11','2016-05-07','08:13:53'),('2016BBS-1-0','2016BBS-1','SUT-LPP-01','1111-0000-0000-0000','abc@gmail.com-31','2016-05-07','08:13:54'),('2016BBS-1-1','2016BBS-1','SUT-LPP-02','1111-0000-0000-0000','abc@gmail.com-31','2016-05-07','08:13:54'),('2016BBS-1-2','2016BBS-1','SUT-LPP-03','1111-0000-0000-0000','abc@gmail.com-31','2016-05-07','08:13:54'),('2016BBS-1-3','2016BBS-1','SUT-LPP-04','1111-0000-0000-0000','abc@gmail.com-31','2016-05-07','08:13:54'),('2016BDP-1-0','2016BDP-1','AHM-ABC-2-01','1111-0000-0000-0000','abc@gmail.com-3','2016-05-07','07:55:28'),('2016BDP-1-1','2016BDP-1','AHM-ABC-2-02','1111-0000-0000-0000','abc@gmail.com-3','2016-05-07','07:55:28'),('2016BDP-1-2','2016BDP-1','AHM-ABC-2-03','1111-0000-0000-0000','abc@gmail.com-3','2016-05-07','07:55:28'),('2016BDP-1-3','2016BDP-1','AHM-ABC-2-04','1111-0000-0000-0000','abc@gmail.com-3','2016-05-07','07:55:28'),('2016BDP-2-0','2016BDP-2','AHM-CG-2-01','1111-0000-0000-0000','abc@gmail.com-13','2016-05-07','08:13:53'),('2016BDP-2-1','2016BDP-2','AHM-CG-2-02','1111-0000-0000-0000','abc@gmail.com-13','2016-05-07','08:13:53'),('2016BDP-2-2','2016BDP-2','AHM-CG-2-03','1111-0000-0000-0000','abc@gmail.com-13','2016-05-07','08:13:53'),('2016BDP-2-3','2016BDP-2','AHM-CG-2-04','1111-0000-0000-0000','abc@gmail.com-13','2016-05-07','08:13:53'),('2016BDP-3-0','2016BDP-3','SUT-ACR-1-01','1111-0000-0000-0000','harsh.patel30@gmail.com-1','2016-05-07','00:33:51'),('2016BDP-3-1','2016BDP-3','SUT-ACR-1-02','1111-0000-0000-0000','harsh.patel30@gmail.com-1','2016-05-07','00:33:51'),('2016BDP-3-2','2016BDP-3','SUT-ACR-1-03','1111-0000-0000-0000','harsh.patel30@gmail.com-1','2016-05-07','00:33:52'),('2016BDP-3-3','2016BDP-3','SUT-ACR-1-04','1111-0000-0000-0000','harsh.patel30@gmail.com-1','2016-05-07','00:33:52'),('2016BDP-3-4','2016BDP-3','SUT-ACR-1-21','1111-2222-0000-0000','oth@gmail.com-1','2016-05-07','00:40:50'),('2016BDP-3-5','2016BDP-3','SUT-ACR-1-22','1111-2222-0000-0000','oth@gmail.com-1','2016-05-07','00:40:50'),('2016BDP-3-6','2016BDP-3','SUT-ACR-1-23','1111-2222-0000-0000','oth@gmail.com-1','2016-05-07','00:40:50'),('2016BDP-3-7','2016BDP-3','SUT-ACR-1-24','1111-2222-0000-0000','oth@gmail.com-1','2016-05-07','00:40:50'),('2016BY-1-4','2016BY-1','AHM-ABC-4-05','1111-0000-0000-0000','abc@gmail.com-8','2016-05-07','08:13:09'),('2016BY-1-5','2016BY-1','AHM-ABC-4-06','1111-0000-0000-0000','abc@gmail.com-8','2016-05-07','08:13:09'),('2016BY-1-6','2016BY-1','AHM-ABC-4-07','1111-0000-0000-0000','abc@gmail.com-8','2016-05-07','08:13:09'),('2016BY-1-7','2016BY-1','AHM-ABC-4-08','1111-0000-0000-0000','abc@gmail.com-8','2016-05-07','08:13:09'),('2016BY-2-0','2016BY-2','BVN-VC-1-01','1111-0000-0000-0000','abc@gmail.com-19','2016-05-07','08:13:54'),('2016BY-2-1','2016BY-2','BVN-VC-1-02','1111-0000-0000-0000','abc@gmail.com-19','2016-05-07','08:13:54'),('2016BY-2-2','2016BY-2','BVN-VC-1-03','1111-0000-0000-0000','abc@gmail.com-19','2016-05-07','08:13:54'),('2016BY-2-3','2016BY-2','BVN-VC-1-04','1111-0000-0000-0000','abc@gmail.com-19','2016-05-07','08:13:54'),('2016CIND-1-4','2016CIND-1','AHM-ABC-3-05','1111-0000-0000-0000','abc@gmail.com-6','2016-05-07','08:13:08'),('2016CIND-1-5','2016CIND-1','AHM-ABC-3-06','1111-0000-0000-0000','abc@gmail.com-6','2016-05-07','08:13:08'),('2016CIND-1-6','2016CIND-1','AHM-ABC-3-07','1111-0000-0000-0000','abc@gmail.com-6','2016-05-07','08:13:08'),('2016CIND-1-7','2016CIND-1','AHM-ABC-3-08','1111-0000-0000-0000','abc@gmail.com-6','2016-05-07','08:13:08'),('2016CS-1-0','2016CS-1','SUT-LPP-01','1111-0000-0000-0000','abc@gmail.com-32','2016-05-07','08:13:54'),('2016CS-1-1','2016CS-1','SUT-LPP-02','1111-0000-0000-0000','abc@gmail.com-32','2016-05-07','08:13:54'),('2016CS-1-2','2016CS-1','SUT-LPP-03','1111-0000-0000-0000','abc@gmail.com-32','2016-05-07','08:13:54'),('2016CS-1-3','2016CS-1','SUT-LPP-04','1111-0000-0000-0000','abc@gmail.com-32','2016-05-07','08:13:54'),('2016EI-1-0','2016EI-1','SUT-LPP-01','1111-0000-0000-0000','abc@gmail.com-33','2016-05-07','08:13:54'),('2016EI-1-1','2016EI-1','SUT-LPP-02','1111-0000-0000-0000','abc@gmail.com-33','2016-05-07','08:13:54'),('2016EI-1-2','2016EI-1','SUT-LPP-03','1111-0000-0000-0000','abc@gmail.com-33','2016-05-07','08:13:54'),('2016EI-1-3','2016EI-1','SUT-LPP-04','1111-0000-0000-0000','abc@gmail.com-33','2016-05-07','08:13:54'),('2016GA-1-0','2016GA-1','SUT-LPP-01','1111-0000-0000-0000','abc@gmail.com-34','2016-05-07','08:13:54'),('2016GA-1-1','2016GA-1','SUT-LPP-02','1111-0000-0000-0000','abc@gmail.com-34','2016-05-07','08:13:54'),('2016GA-1-2','2016GA-1','SUT-LPP-03','1111-0000-0000-0000','abc@gmail.com-34','2016-05-07','08:13:54'),('2016GA-1-3','2016GA-1','SUT-LPP-04','1111-0000-0000-0000','abc@gmail.com-34','2016-05-07','08:13:54'),('2016HAAI-1-0','2016HAAI-1','SUT-LPP-01','1111-0000-0000-0000','abc@gmail.com-35','2016-05-07','08:13:54'),('2016HAAI-1-1','2016HAAI-1','SUT-LPP-02','1111-0000-0000-0000','abc@gmail.com-35','2016-05-07','08:13:54'),('2016HAAI-1-2','2016HAAI-1','SUT-LPP-03','1111-0000-0000-0000','abc@gmail.com-35','2016-05-07','08:13:54'),('2016HAAI-1-3','2016HAAI-1','SUT-LPP-04','1111-0000-0000-0000','abc@gmail.com-35','2016-05-07','08:13:54'),('2016INST-1-0','2016INST-1','AHM-ABC-2-01','1111-0000-0000-0000','abc@gmail.com-4','2016-05-07','07:55:28'),('2016INST-1-1','2016INST-1','AHM-ABC-2-02','1111-0000-0000-0000','abc@gmail.com-4','2016-05-07','07:55:28'),('2016INST-1-2','2016INST-1','AHM-ABC-2-03','1111-0000-0000-0000','abc@gmail.com-4','2016-05-07','07:55:28'),('2016INST-1-3','2016INST-1','AHM-ABC-2-04','1111-0000-0000-0000','abc@gmail.com-4','2016-05-07','07:55:28'),('2016INST-1-4','2016INST-1','AHM-ABC-2-05','1111-0000-0000-0000','abc@gmail.com-5','2016-05-07','08:13:08'),('2016INST-1-5','2016INST-1','AHM-ABC-2-06','1111-0000-0000-0000','abc@gmail.com-5','2016-05-07','08:13:08'),('2016INST-1-6','2016INST-1','AHM-ABC-2-07','1111-0000-0000-0000','abc@gmail.com-5','2016-05-07','08:13:08'),('2016INST-1-7','2016INST-1','AHM-ABC-2-08','1111-0000-0000-0000','abc@gmail.com-5','2016-05-07','08:13:08'),('2016INST-2-0','2016INST-2','AHM-CG-2-01','1111-0000-0000-0000','abc@gmail.com-14','2016-05-07','08:13:53'),('2016INST-2-1','2016INST-2','AHM-CG-2-02','1111-0000-0000-0000','abc@gmail.com-14','2016-05-07','08:13:53'),('2016INST-2-10','2016INST-2','AHM-CG-2-13','1111-0200-0000-0000','faheemsamol@gmail.com-5','2016-05-07','09:26:58'),('2016INST-2-11','2016INST-2','AHM-CG-2-14','1111-0200-0000-0000','faheemsamol@gmail.com-5','2016-05-07','09:26:58'),('2016INST-2-2','2016INST-2','AHM-CG-2-03','1111-0000-0000-0000','abc@gmail.com-14','2016-05-07','08:13:53'),('2016INST-2-3','2016INST-2','AHM-CG-2-04','1111-0000-0000-0000','abc@gmail.com-14','2016-05-07','08:13:53'),('2016INST-2-4','2016INST-2','AHM-CG-2-05','1111-0200-0000-0000','Hardilmehta@gmail.com-3','2016-05-07','09:24:56'),('2016INST-2-5','2016INST-2','AHM-CG-2-06','1111-0200-0000-0000','Hardilmehta@gmail.com-3','2016-05-07','09:24:56'),('2016INST-2-6','2016INST-2','AHM-CG-2-07','1111-0200-0000-0000','Hardilmehta@gmail.com-3','2016-05-07','09:24:56'),('2016INST-2-7','2016INST-2','AHM-CG-2-08','1111-0200-0000-0000','Hardilmehta@gmail.com-3','2016-05-07','09:24:56'),('2016INST-2-8','2016INST-2','AHM-CG-2-11','1111-0200-0000-0000','faheemsamol@gmail.com-5','2016-05-07','09:26:58'),('2016INST-2-9','2016INST-2','AHM-CG-2-12','1111-0200-0000-0000','faheemsamol@gmail.com-5','2016-05-07','09:26:58'),('2016KM-1-4','2016KM-1','AHM-ABC-5-05','1111-0000-0000-0000','abc@gmail.com-9','2016-05-07','08:13:09'),('2016KM-1-5','2016KM-1','AHM-ABC-5-06','1111-0000-0000-0000','abc@gmail.com-9','2016-05-07','08:13:09'),('2016KM-1-6','2016KM-1','AHM-ABC-5-07','1111-0000-0000-0000','abc@gmail.com-9','2016-05-07','08:13:09'),('2016KM-1-7','2016KM-1','AHM-ABC-5-08','1111-0000-0000-0000','abc@gmail.com-9','2016-05-07','08:13:09'),('2016KM-3-0','2016KM-3','SUT-ACR-1-01','1111-0000-0000-0000','abc@gmail.com-23','2016-05-07','08:13:54'),('2016KM-3-1','2016KM-3','SUT-ACR-1-02','1111-0000-0000-0000','abc@gmail.com-23','2016-05-07','08:13:54'),('2016KM-3-2','2016KM-3','SUT-ACR-1-03','1111-0000-0000-0000','abc@gmail.com-23','2016-05-07','08:13:54'),('2016KM-3-3','2016KM-3','SUT-ACR-1-04','1111-0000-0000-0000','abc@gmail.com-23','2016-05-07','08:13:54'),('2016KM-4-0','2016KM-4','RJT-RUP-1-01','1111-0000-0000-0000','abc@gmail.com-22','2016-05-07','08:13:54'),('2016KM-4-1','2016KM-4','RJT-RUP-1-02','1111-0000-0000-0000','abc@gmail.com-22','2016-05-07','08:13:54'),('2016KM-4-10','2016KM-4','RJT-RUP-1-23','1111-0200-0000-0000','faheemsamol@gmail.com-12','2016-05-07','09:26:59'),('2016KM-4-11','2016KM-4','RJT-RUP-1-24','1111-0200-0000-0000','faheemsamol@gmail.com-12','2016-05-07','09:26:59'),('2016KM-4-2','2016KM-4','RJT-RUP-1-03','1111-0000-0000-0000','abc@gmail.com-22','2016-05-07','08:13:54'),('2016KM-4-3','2016KM-4','RJT-RUP-1-04','1111-0000-0000-0000','abc@gmail.com-22','2016-05-07','08:13:54'),('2016KM-4-4','2016KM-4','RJT-RUP-1-05','1111-0200-0000-0000','Hardilmehta@gmail.com-10','2016-05-07','09:24:57'),('2016KM-4-5','2016KM-4','RJT-RUP-1-06','1111-0200-0000-0000','Hardilmehta@gmail.com-10','2016-05-07','09:24:57'),('2016KM-4-6','2016KM-4','RJT-RUP-1-07','1111-0200-0000-0000','Hardilmehta@gmail.com-10','2016-05-07','09:24:57'),('2016KM-4-7','2016KM-4','RJT-RUP-1-08','1111-0200-0000-0000','Hardilmehta@gmail.com-10','2016-05-07','09:24:57'),('2016KM-4-8','2016KM-4','RJT-RUP-1-21','1111-0200-0000-0000','faheemsamol@gmail.com-12','2016-05-07','09:26:59'),('2016KM-4-9','2016KM-4','RJT-RUP-1-22','1111-0200-0000-0000','faheemsamol@gmail.com-12','2016-05-07','09:26:59'),('2016OD-1-0','2016OD-1','SUT-LPP-01','1111-0000-0000-0000','abc@gmail.com-36','2016-05-07','08:13:54'),('2016OD-1-1','2016OD-1','SUT-LPP-02','1111-0000-0000-0000','abc@gmail.com-36','2016-05-07','08:13:54'),('2016OD-1-2','2016OD-1','SUT-LPP-03','1111-0000-0000-0000','abc@gmail.com-36','2016-05-07','08:13:54'),('2016OD-1-3','2016OD-1','SUT-LPP-04','1111-0000-0000-0000','abc@gmail.com-36','2016-05-07','08:13:54'),('2016ROY-1-0','2016ROY-1','AHM-ABC-1-01','1111-0000-0000-0000','abc@gmail.com-2','2016-05-07','07:55:28'),('2016ROY-1-1','2016ROY-1','AHM-ABC-1-02','1111-0000-0000-0000','abc@gmail.com-2','2016-05-07','07:55:28'),('2016ROY-1-2','2016ROY-1','AHM-ABC-1-03','1111-0000-0000-0000','abc@gmail.com-2','2016-05-07','07:55:28'),('2016ROY-1-3','2016ROY-1','AHM-ABC-1-04','1111-0000-0000-0000','abc@gmail.com-2','2016-05-07','07:55:28'),('2016ROY-2-0','2016ROY-2','AHM-CG-1-01','1111-0000-0000-0000','abc@gmail.com-12','2016-05-07','08:13:53'),('2016ROY-2-1','2016ROY-2','AHM-CG-1-02','1111-0000-0000-0000','abc@gmail.com-12','2016-05-07','08:13:53'),('2016ROY-2-10','2016ROY-2','AHM-CG-1-13','1111-0200-0000-0000','faheemsamol@gmail.com-4','2016-05-07','09:26:58'),('2016ROY-2-11','2016ROY-2','AHM-CG-1-14','1111-0200-0000-0000','faheemsamol@gmail.com-4','2016-05-07','09:26:58'),('2016ROY-2-2','2016ROY-2','AHM-CG-1-03','1111-0000-0000-0000','abc@gmail.com-12','2016-05-07','08:13:53'),('2016ROY-2-3','2016ROY-2','AHM-CG-1-04','1111-0000-0000-0000','abc@gmail.com-12','2016-05-07','08:13:53'),('2016ROY-2-4','2016ROY-2','AHM-CG-1-05','1111-0200-0000-0000','Hardilmehta@gmail.com-2','2016-05-07','09:24:56'),('2016ROY-2-5','2016ROY-2','AHM-CG-1-06','1111-0200-0000-0000','Hardilmehta@gmail.com-2','2016-05-07','09:24:56'),('2016ROY-2-6','2016ROY-2','AHM-CG-1-07','1111-0200-0000-0000','Hardilmehta@gmail.com-2','2016-05-07','09:24:56'),('2016ROY-2-7','2016ROY-2','AHM-CG-1-08','1111-0200-0000-0000','Hardilmehta@gmail.com-2','2016-05-07','09:24:56'),('2016ROY-2-8','2016ROY-2','AHM-CG-1-11','1111-0200-0000-0000','faheemsamol@gmail.com-4','2016-05-07','09:26:58'),('2016ROY-2-9','2016ROY-2','AHM-CG-1-12','1111-0200-0000-0000','faheemsamol@gmail.com-4','2016-05-07','09:26:58'),('2016SB-1-0','2016SB-1','SUT-LPP-01','1111-0000-0000-0000','abc@gmail.com-37','2016-05-07','08:13:54'),('2016SB-1-1','2016SB-1','SUT-LPP-02','1111-0000-0000-0000','abc@gmail.com-37','2016-05-07','08:13:54'),('2016SB-1-2','2016SB-1','SUT-LPP-03','1111-0000-0000-0000','abc@gmail.com-37','2016-05-07','08:13:54'),('2016SB-1-3','2016SB-1','SUT-LPP-04','1111-0000-0000-0000','abc@gmail.com-37','2016-05-07','08:13:54'),('2016SCN-1-0','2016SCN-1','SUT-LPP-01','1111-0000-0000-0000','abc@gmail.com-38','2016-05-07','08:13:54'),('2016SCN-1-1','2016SCN-1','SUT-LPP-02','1111-0000-0000-0000','abc@gmail.com-38','2016-05-07','08:13:54'),('2016SCN-1-2','2016SCN-1','SUT-LPP-03','1111-0000-0000-0000','abc@gmail.com-38','2016-05-07','08:13:54'),('2016SCN-1-3','2016SCN-1','SUT-LPP-04','1111-0000-0000-0000','abc@gmail.com-38','2016-05-07','08:13:54'),('2016VVN-1-0','2016VVN-1','AHM-ABC-5-01','1111-0000-0000-0000','abc@gmail.com-10','2016-05-07','08:13:09'),('2016VVN-1-1','2016VVN-1','AHM-ABC-5-02','1111-0000-0000-0000','abc@gmail.com-10','2016-05-07','08:13:09'),('2016VVN-1-10','2016VVN-1','AHM-ABC-5-13','1111-0200-0000-0000','faheemsamol@gmail.com-3','2016-05-07','09:26:58'),('2016VVN-1-11','2016VVN-1','AHM-ABC-5-14','1111-0200-0000-0000','faheemsamol@gmail.com-3','2016-05-07','09:26:58'),('2016VVN-1-2','2016VVN-1','AHM-ABC-5-03','1111-0000-0000-0000','abc@gmail.com-10','2016-05-07','08:13:09'),('2016VVN-1-3','2016VVN-1','AHM-ABC-5-04','1111-0000-0000-0000','abc@gmail.com-10','2016-05-07','08:13:09'),('2016VVN-1-4','2016VVN-1','AHM-ABC-5-05','1111-0200-0000-0000','Hardilmehta@gmail.com-1','2016-05-07','09:24:56'),('2016VVN-1-5','2016VVN-1','AHM-ABC-5-06','1111-0200-0000-0000','Hardilmehta@gmail.com-1','2016-05-07','09:24:56'),('2016VVN-1-6','2016VVN-1','AHM-ABC-5-07','1111-0200-0000-0000','Hardilmehta@gmail.com-1','2016-05-07','09:24:56'),('2016VVN-1-7','2016VVN-1','AHM-ABC-5-08','1111-0200-0000-0000','Hardilmehta@gmail.com-1','2016-05-07','09:24:56'),('2016VVN-1-8','2016VVN-1','AHM-ABC-5-11','1111-0200-0000-0000','faheemsamol@gmail.com-3','2016-05-07','09:26:58'),('2016VVN-1-9','2016VVN-1','AHM-ABC-5-12','1111-0200-0000-0000','faheemsamol@gmail.com-3','2016-05-07','09:26:58'),('2016VVN-2-0','2016VVN-2','SUT-ACR-2-01','1111-0000-0000-0000','abc@gmail.com-24','2016-05-07','08:13:54'),('2016VVN-2-1','2016VVN-2','SUT-ACR-2-02','1111-0000-0000-0000','abc@gmail.com-24','2016-05-07','08:13:54'),('2016VVN-2-10','2016VVN-2','SUT-ACR-2-13','1111-0200-0000-0000','faheemsamol@gmail.com-13','2016-05-07','09:26:59'),('2016VVN-2-11','2016VVN-2','SUT-ACR-2-14','1111-0200-0000-0000','faheemsamol@gmail.com-13','2016-05-07','09:26:59'),('2016VVN-2-2','2016VVN-2','SUT-ACR-2-03','1111-0000-0000-0000','abc@gmail.com-24','2016-05-07','08:13:54'),('2016VVN-2-3','2016VVN-2','SUT-ACR-2-04','1111-0000-0000-0000','abc@gmail.com-24','2016-05-07','08:13:54'),('2016VVN-2-4','2016VVN-2','SUT-ACR-2-05','1111-0200-0000-0000','Hardilmehta@gmail.com-11','2016-05-07','09:24:57'),('2016VVN-2-5','2016VVN-2','SUT-ACR-2-06','1111-0200-0000-0000','Hardilmehta@gmail.com-11','2016-05-07','09:24:57'),('2016VVN-2-6','2016VVN-2','SUT-ACR-2-07','1111-0200-0000-0000','Hardilmehta@gmail.com-11','2016-05-07','09:24:57'),('2016VVN-2-7','2016VVN-2','SUT-ACR-2-08','1111-0200-0000-0000','Hardilmehta@gmail.com-11','2016-05-07','09:24:57'),('2016VVN-2-8','2016VVN-2','SUT-ACR-2-11','1111-0200-0000-0000','faheemsamol@gmail.com-13','2016-05-07','09:26:59'),('2016VVN-2-9','2016VVN-2','SUT-ACR-2-12','1111-0200-0000-0000','faheemsamol@gmail.com-13','2016-05-07','09:26:59');
INSERT INTO `user` VALUES ('ABC@gmail.com','Peyton sawyer','k','9999999999','1986-05-29'),('DEF@gmail.com','Lucas Scott','k','9898989898','1986-10-29'),('K@gmail.com','Nathan Scott','k','9856432134','1980-01-29'),('Hardilmehta@gmail.com','Hardil mehta','kp','9601724420','1996-05-29'),('rachanasolanki@gmail.com','Rachana Solanki','kr','9979902601','1996-03-10'),('harsh.patel30@gmail.com','harsh patel','harsh','9814824287','1996-08-30'),('faheemsamol@gmail.com','faheem samol','ks','9408626340','1996-02-10');
INSERT INTO `usershowrating` VALUES ('2016BB','harsh.patel30@gmail.com',5),('2016BB','Hardilmehta@gmail.com',2),('2016BB','faheemsamol@gmail.com',3),('2016BB','rachanasolanki@gmail.com',1),('2016ARJ','harsh.patel30@gmail.com',5),('2016ARJ','faheemsamol@gmail.com',3),('2016ARJ','rachanasolanki@gmail.com',4),('2016ARJ','Hardilmehta@gmail.com',4),('2016BDP','harsh.patel30@gmail.com',5),('2016BDP','Hardilmehta@gmail.com',4),('2016BDP','faheemsamol@gmail.com',3),('2016BDP','rachanasolanki@gmail.com',4);
INSERT INTO `venue` VALUES ('AHM-KAR','Kankaria',300,'GJ-01'),('AHM-GMDC','GMDC Ground',500,'GJ-01'),('BVN-KAR','Karnavati',200,'GJ-04'),('BVN-RAJP','RajPath',200,'GJ-04'),('RJT-GDC','Garden Dinner Club',400,'GJ-03'),('RJT-IMP','Imperial Palace',300,'GJ-03'),('SUT-LPP','Lilleria Party Plot',300,'GJ-05'),('SUT-CBSC','CB Sport Club',300,'GJ-05'),('AHM-IET','IET',300,'GJ-01');

select * from user;

select name,PlayID,Amount from User, Payment where User.EmailID = Payment.EmailID;

select * from Guest ORDER BY GuestID;

select Name,LoginDate,LoginTime from User,Login where User.ID = Login.LoginID;

select name,MovieName,Movie.Rating from User JOIN Movie Join UserShowRating ON User.EmailID = UserShowRating.EmailID AND UserShowRating.ShowID = Movie.ShowID; 

select ConcertID from Concert JOIN Show_ids_type ON Concert.ShowID = Show_ids_type.ShowID where Rating > 3 
UNION 
select ConcertID from Concert JOIN Show_ids_type ON Concert.ShowID = Show_ids_type.ShowID where language = 'English';

select ShowID from Drama
EXCEPT
select DISTINCT ShowID from Concert;

select SeatClass,SeatStatus,PlayID from ShowSeatRecords Natural JOIN Seat Natural JOIN Ticket;

select Balance,BankName from Bank Natural JOIN CreditCardBank; 

select CustomerName,CustomerID PlayID,SeatID from Customer JOIN Ticket ON Customer.TicketID = Ticket.TicketID;

select CityName,PlaceID,TheatreName from City JOIN (select CityCode from Theatre Natural JOIN Screen) where City.CityCode = Theatre.CityCode;

select ShowName,ShowDate,StartTime,EndTime from ShowPlayRecords ORDER BY StartTime;

select * from Show_ids_type;

select Name, Rating, ShowType from User JOIN (select EmailID from UserShowRating JOIN Show_ids_type ON UserShowRating.ShowID = Show_ids_type)AS p  where User.EmailID = p.EmailID;

select * from Guest;

select LoginDate,LoginTime,ContactNumber from User Left JOIN Login on User.EmailID = Login.EmailID;

select ConcertID from Concert natural JOIN Show_ids_type
UNION
select DramaID from Drama natural JOIN Show_ids_type
UNION
select MovieID from Concert Movie JOIN Show_ids_type;



